sample	chrom	pos	ref	alt	af
M117-bl	chrM	152	T	C	0.995974
M117-bl	chrM	16519	T	C	0.998064
M117-ch	chrM	152	T	C	0.998611
M117-ch	chrM	16519	T	C	0.995188
M117C1-bl	chrM	152	T	C	1.000000
M117C1-bl	chrM	16519	T	C	0.999040
M117C1-ch	chrM	152	T	C	0.997169
M117C1-ch	chrM	16455	G	A	0.040000
M117C1-ch	chrM	16519	T	C	0.992460
