sample	chrom	pos	ref	alt	af
M117-bl	chrM	152	T	C	0.995974
M117-bl	chrM	16519	T	C	0.998064
M117-ch	chrM	152	T	C	0.998611
M117-ch	chrM	16519	T	C	0.995188
M117C1-bl	chrM	152	T	C	1
M117C1-bl	chrM	16519	T	C	0.99904
M117C1-ch	chrM	152	T	C	0.997169
M117C1-ch	chrM	16455	G	A	0.04
M117C1-ch	chrM	16519	T	C	0.99246
M117C1-ch	chrM	16529	TA	T	0.001537
