[bwa_index] Pack FASTA... 0.00 sec
[bwa_index] Construct BWT for the packed sequence...
[bwa_index] 0.00 seconds elapse.
[bwa_index] Update BWT... 0.00 sec
[bwa_index] Pack forward-only FASTA... 0.00 sec
[bwa_index] Construct SA from BWT and Occ... 0.00 sec
[main] Version: 0.7.18-r1243-dirty
[main] CMD: bwa index data/ref/chrM.fa
[main] Real time: 0.031 sec; CPU: 0.007 sec
[M::bwa_idx_load_from_disk] read 0 ALT contigs
[M::process] read 2 sequences (460 bp)...
[M::process] read 2 sequences (498 bp)...
[M::mem_pestat] # candidate unique pairs for (FF, FR, RF, RR): (0, 1, 0, 0)
[M::mem_pestat] skip orientation FF as there are not enough pairs
[M::mem_pestat] skip orientation FR as there are not enough pairs
[M::mem_pestat] skip orientation RF as there are not enough pairs
[M::mem_pestat] skip orientation RR as there are not enough pairs
[M::mem_process_seqs] Processed 2 reads in 0.000 CPU sec, 0.001 real sec
[M::process] read 2 sequences (490 bp)...
[M::mem_pestat] # candidate unique pairs for (FF, FR, RF, RR): (0, 1, 0, 0)
[M::mem_pestat] skip orientation FF as there are not enough pairs
[M::mem_pestat] skip orientation FR as there are not enough pairs
[M::mem_pestat] skip orientation RF as there are not enough pairs
[M::mem_pestat] skip orientation RR as there are not enough pairs
[M::mem_process_seqs] Processed 2 reads in 0.000 CPU sec, 0.000 real sec
[M::process] read 2 sequences (502 bp)...
[M::mem_pestat] # candidate unique pairs for (FF, FR, RF, RR): (0, 1, 0, 0)
[M::mem_pestat] skip orientation FF as there are not enough pairs
[M::mem_pestat] skip orientation FR as there are not enough pairs
[M::mem_pestat] skip orientation RF as there are not enough pairs
[M::mem_pestat] skip orientation RR as there are not enough pairs
[M::mem_process_seqs] Processed 2 reads in 0.000 CPU sec, 0.001 real sec
[M::process] read 2 sequences (498 bp)...
[M::mem_pestat] # candidate unique pairs for (FF, FR, RF, RR): (0, 1, 0, 0)
[M::mem_pestat] skip orientation FF as there are not enough pairs
[M::mem_pestat] skip orientation FR as there are not enough pairs
[M::mem_pestat] skip orientation RF as there are not enough pairs
[M::mem_pestat] skip orientation RR as there are not enough pairs
[M::mem_process_seqs] Processed 2 reads in 0.000 CPU sec, 0.000 real sec
[M::process] read 2 sequences (502 bp)...
[M::mem_pestat] # candidate unique pairs for (FF, FR, RF, RR): (0, 1, 0, 0)
[M::mem_pestat] skip orientation FF as there are not enough pairs
[M::mem_pestat] skip orientation FR as there are not enough pairs
[M::mem_pestat] skip orientation RF as there are not enough pairs
[M::mem_pestat] skip orientation RR as there are not enough pairs
[M::mem_process_seqs] Processed 2 reads in 0.000 CPU sec, 0.001 real sec
[M::process] read 2 sequences (458 bp)...
[M::mem_pestat] # candidate unique pairs for (FF, FR, RF, RR): (0, 1, 0, 0)
[M::mem_pestat] skip orientation FF as there are not enough pairs
[M::mem_pestat] skip orientation FR as there are not enough pairs
[M::mem_pestat] skip orientation RF as there are not enough pairs
[M::mem_pestat] skip orientation RR as there are not enough pairs
[M::mem_process_seqs] Processed 2 reads in 0.000 CPU sec, 0.000 real sec
[M::process] read 2 sequences (502 bp)...
[M::mem_pestat] # candidate unique pairs for (FF, FR, RF, RR): (0, 1, 0, 0)
[M::mem_pestat] skip orientation FF as there are not enough pairs
[M::mem_pestat] skip orientation FR as there are not enough pairs
[M::mem_pestat] skip orientation RF as there are not enough pairs
[M::mem_pestat] skip orientation RR as there are not enough pairs
[M::mem_process_seqs] Processed 2 reads in 0.000 CPU sec, 0.000 real sec
[M::process] read 2 sequences (494 bp)...
[M::mem_pestat] # candidate unique pairs for (FF, FR, RF, RR): (0, 1, 0, 0)
[M::mem_pestat] skip orientation FF as there are not enough pairs
[M::mem_pestat] skip orientation FR as there are not enough pairs
[M::mem_pestat] skip orientation RF as there are not enough pairs
[M::mem_pestat] skip orientation RR as there are not enough pairs
[M::mem_process_seqs] Processed 2 reads in 0.000 CPU sec, 0.000 real sec
[M::process] read 2 sequences (502 bp)...
[M::mem_pestat] # candidate unique pairs for (FF, FR, RF, RR): (0, 1, 0, 0)
[M::mem_pestat] skip orientation FF as there are not enough pairs
[M::mem_pestat] skip orientation FR as there are not enough pairs
[M::mem_pestat] skip orientation RF as there are not enough pairs
[M::mem_pestat] skip orientation RR as there are not enough pairs
[M::mem_process_seqs] Processed 2 reads in 0.000 CPU sec, 0.000 real sec
[M::process] read 2 sequences (418 bp)...
[M::mem_pestat] # candidate unique pairs for (FF, FR, RF, RR): (0, 1, 0, 0)
[M::mem_pestat] skip orientation FF as there are not enough pairs
[M::mem_pestat] skip orientation FR as there are not enough pairs
[M::mem_pestat] skip orientation RF as there are not enough pairs
[M::mem_pestat] skip orientation RR as there are not enough pairs
[M::mem_process_seqs] Processed 2 reads in 0.000 CPU sec, 0.000 real sec
[M::process] read 2 sequences (334 bp)...
[M::mem_pestat] # candidate unique pairs for (FF, FR, RF, RR): (0, 1, 0, 0)
[M::mem_pestat] skip orientation FF as there are not enough pairs
[M::mem_pestat] skip orientation FR as there are not enough pairs
[M::mem_pestat] skip orientation RF as there are not enough pairs
[M::mem_pestat] skip orientation RR as there are not enough pairs
[M::mem_process_seqs] Processed 2 reads in 0.000 CPU sec, 0.000 real sec
[M::process] read 2 sequences (502 bp)...
[M::mem_pestat] # candidate unique pairs for (FF, FR, RF, RR): (0, 1, 0, 0)
[M::mem_pestat] skip orientation FF as there are not enough pairs
[M::mem_pestat] skip orientation FR as there are not enough pairs
[M::mem_pestat] skip orientation RF as there are not enough pairs
[M::mem_pestat] skip orientation RR as there are not enough pairs
[M::mem_process_seqs] Processed 2 reads in 0.000 CPU sec, 0.000 real sec
[M::process] read 2 sequences (498 bp)...
[M::mem_pestat] # candidate unique pairs for (FF, FR, RF, RR): (0, 1, 0, 0)
[M::mem_pestat] skip orientation FF as there are not enough pairs
[M::mem_pestat] skip orientation FR as there are not enough pairs
[M::mem_pestat] skip orientation RF as there are not enough pairs
[M::mem_pestat] skip orientation RR as there are not enough pairs
[M::mem_process_seqs] Processed 2 reads in 0.000 CPU sec, 0.000 real sec
[M::process] read 2 sequences (364 bp)...
[M::mem_pestat] # candidate unique pairs for (FF, FR, RF, RR): (0, 1, 0, 0)
[M::mem_pestat] skip orientation FF as there are not enough pairs
[M::mem_pestat] skip orientation FR as there are not enough pairs
[M::mem_pestat] skip orientation RF as there are not enough pairs
[M::mem_pestat] skip orientation RR as there are not enough pairs
[M::mem_process_seqs] Processed 2 reads in 0.000 CPU sec, 0.000 real sec
[M::process] read 2 sequences (393 bp)...
[M::mem_pestat] # candidate unique pairs for (FF, FR, RF, RR): (0, 1, 0, 0)
[M::mem_pestat] skip orientation FF as there are not enough pairs
[M::mem_pestat] skip orientation FR as there are not enough pairs
[M::mem_pestat] skip orientation RF as there are not enough pairs
[M::mem_pestat] skip orientation RR as there are not enough pairs
[M::mem_process_seqs] Processed 2 reads in 0.000 CPU sec, 0.000 real sec
[M::process] read 2 sequences (438 bp)...
[M::mem_pestat] # candidate unique pairs for (FF, FR, RF, RR): (0, 1, 0, 0)
[M::mem_pestat] skip orientation FF as there are not enough pairs
[M::mem_pestat] skip orientation FR as there are not enough pairs
[M::mem_pestat] skip orientation RF as there are not enough pairs
[M::mem_pestat] skip orientation RR as there are not enough pairs
[M::mem_process_seqs] Processed 2 reads in 0.000 CPU sec, 0.000 real sec
[M::process] read 2 sequences (497 bp)...
[M::mem_pestat] # candidate unique pairs for (FF, FR, RF, RR): (0, 1, 0, 0)
[M::mem_pestat] skip orientation FF as there are not enough pairs
[M::mem_pestat] skip orientation FR as there are not enough pairs
[M::mem_pestat] skip orientation RF as there are not enough pairs
[M::mem_pestat] skip orientation RR as there are not enough pairs
[M::mem_process_seqs] Processed 2 reads in 0.000 CPU sec, 0.000 real sec
[M::process] read 2 sequences (501 bp)...
[M::mem_pestat] # candidate unique pairs for (FF, FR, RF, RR): (0, 1, 0, 0)
[M::mem_pestat] skip orientation FF as there are not enough pairs
[M::mem_pestat] skip orientation FR as there are not enough pairs
[M::mem_pestat] skip orientation RF as there are not enough pairs
[M::mem_pestat] skip orientation RR as there are not enough pairs
[M::mem_process_seqs] Processed 2 reads in 0.000 CPU sec, 0.000 real sec
[M::process] read 2 sequences (454 bp)...
[M::mem_pestat] # candidate unique pairs for (FF, FR, RF, RR): (0, 1, 0, 0)
[M::mem_pestat] skip orientation FF as there are not enough pairs
[M::mem_pestat] skip orientation FR as there are not enough pairs
[M::mem_pestat] skip orientation RF as there are not enough pairs
[M::mem_pestat] skip orientation RR as there are not enough pairs
[M::mem_process_seqs] Processed 2 reads in 0.000 CPU sec, 0.000 real sec
[M::process] read 2 sequences (502 bp)...
[M::mem_pestat] # candidate unique pairs for (FF, FR, RF, RR): (0, 1, 0, 0)
[M::mem_pestat] skip orientation FF as there are not enough pairs
[M::mem_pestat] skip orientation FR as there are not enough pairs
[M::mem_pestat] skip orientation RF as there are not enough pairs
[M::mem_pestat] skip orientation RR as there are not enough pairs
[M::mem_process_seqs] Processed 2 reads in 0.000 CPU sec, 0.000 real sec
[M::process] read 2 sequences (226 bp)...
[M::mem_pestat] # candidate unique pairs for (FF, FR, RF, RR): (0, 1, 0, 0)
[M::mem_pestat] skip orientation FF as there are not enough pairs
[M::mem_pestat] skip orientation FR as there are not enough pairs
[M::mem_pestat] skip orientation RF as there are not enough pairs
[M::mem_pestat] skip orientation RR as there are not enough pairs
[M::mem_process_seqs] Processed 2 reads in 0.000 CPU sec, 0.000 real sec
[M::process] read 2 sequences (476 bp)...
[M::mem_pestat] # candidate unique pairs for (FF, FR, RF, RR): (0, 1, 0, 0)
[M::mem_pestat] skip orientation FF as there are not enough pairs
[M::mem_pestat] skip orientation FR as there are not enough pairs
[M::mem_pestat] skip orientation RF as there are not enough pairs
[M::mem_pestat] skip orientation RR as there are not enough pairs
[M::mem_process_seqs] Processed 2 reads in 0.000 CPU sec, 0.000 real sec
[M::process] read 2 sequences (390 bp)...
[M::mem_pestat] # candidate unique pairs for (FF, FR, RF, RR): (0, 1, 0, 0)
[M::mem_pestat] skip orientation FF as there are not enough pairs
[M::mem_pestat] skip orientation FR as there are not enough pairs
[M::mem_pestat] skip orientation RF as there are not enough pairs
[M::mem_pestat] skip orientation RR as there are not enough pairs
[M::mem_process_seqs] Processed 2 reads in 0.000 CPU sec, 0.000 real sec
[M::process] read 2 sequences (502 bp)...
[M::mem_pestat] # candidate unique pairs for (FF, FR, RF, RR): (0, 1, 0, 0)
[M::mem_pestat] skip orientation FF as there are not enough pairs
[M::mem_pestat] skip orientation FR as there are not enough pairs
[M::mem_pestat] skip orientation RF as there are not enough pairs
[M::mem_pestat] skip orientation RR as there are not enough pairs
[M::mem_process_seqs] Processed 2 reads in 0.000 CPU sec, 0.000 real sec
[M::process] read 2 sequences (262 bp)...
[M::mem_pestat] # candidate unique pairs for (FF, FR, RF, RR): (0, 1, 0, 0)
[M::mem_pestat] skip orientation FF as there are not enough pairs
[M::mem_pestat] skip orientation FR as there are not enough pairs
[M::mem_pestat] skip orientation RF as there are not enough pairs
[M::mem_pestat] skip orientation RR as there are not enough pairs
[M::mem_process_seqs] Processed 2 reads in 0.000 CPU sec, 0.000 real sec
[M::process] read 2 sequences (478 bp)...
[M::mem_pestat] # candidate unique pairs for (FF, FR, RF, RR): (0, 1, 0, 0)
[M::mem_pestat] skip orientation FF as there are not enough pairs
[M::mem_pestat] skip orientation FR as there are not enough pairs
[M::mem_pestat] skip orientation RF as there are not enough pairs
[M::mem_pestat] skip orientation RR as there are not enough pairs
[M::mem_process_seqs] Processed 2 reads in 0.000 CPU sec, 0.000 real sec
[M::process] read 2 sequences (500 bp)...
[M::mem_pestat] # candidate unique pairs for (FF, FR, RF, RR): (0, 1, 0, 0)
[M::mem_pestat] skip orientation FF as there are not enough pairs
[M::mem_pestat] skip orientation FR as there are not enough pairs
[M::mem_pestat] skip orientation RF as there are not enough pairs
[M::mem_pestat] skip orientation RR as there are not enough pairs
[M::mem_process_seqs] Processed 2 reads in 0.000 CPU sec, 0.000 real sec
[M::process] read 2 sequences (462 bp)...
[M::mem_pestat] # candidate unique pairs for (FF, FR, RF, RR): (0, 1, 0, 0)
[M::mem_pestat] skip orientation FF as there are not enough pairs
[M::mem_pestat] skip orientation FR as there are not enough pairs
[M::mem_pestat] skip orientation RF as there are not enough pairs
[M::mem_pestat] skip orientation RR as there are not enough pairs
[M::mem_process_seqs] Processed 2 reads in 0.000 CPU sec, 0.000 real sec
[M::process] read 2 sequences (448 bp)...
[M::mem_pestat] # candidate unique pairs for (FF, FR, RF, RR): (0, 1, 0, 0)
[M::mem_pestat] skip orientation FF as there are not enough pairs
[M::mem_pestat] skip orientation FR as there are not enough pairs
[M::mem_pestat] skip orientation RF as there are not enough pairs
[M::mem_pestat] skip orientation RR as there are not enough pairs
[M::mem_process_seqs] Processed 2 reads in 0.000 CPU sec, 0.000 real sec
[M::process] read 2 sequences (492 bp)...
[M::mem_pestat] # candidate unique pairs for (FF, FR, RF, RR): (0, 1, 0, 0)
[M::mem_pestat] skip orientation FF as there are not enough pairs
[M::mem_pestat] skip orientation FR as there are not enough pairs
[M::mem_pestat] skip orientation RF as there are not enough pairs
[M::mem_pestat] skip orientation RR as there are not enough pairs
[M::mem_process_seqs] Processed 2 reads in 0.000 CPU sec, 0.000 real sec
[M::process] read 2 sequences (502 bp)...
[M::mem_pestat] # candidate unique pairs for (FF, FR, RF, RR): (0, 1, 0, 0)
[M::mem_pestat] skip orientation FF as there are not enough pairs
[M::mem_pestat] skip orientation FR as there are not enough pairs
[M::mem_pestat] skip orientation RF as there are not enough pairs
[M::mem_pestat] skip orientation RR as there are not enough pairs
[M::mem_process_seqs] Processed 2 reads in 0.000 CPU sec, 0.000 real sec
[M::process] read 2 sequences (418 bp)...
[M::mem_pestat] # candidate unique pairs for (FF, FR, RF, RR): (0, 1, 0, 0)
[M::mem_pestat] skip orientation FF as there are not enough pairs
[M::mem_pestat] skip orientation FR as there are not enough pairs
[M::mem_pestat] skip orientation RF as there are not enough pairs
[M::mem_pestat] skip orientation RR as there are not enough pairs
[M::mem_process_seqs] Processed 2 reads in 0.000 CPU sec, 0.000 real sec
[M::process] read 2 sequences (468 bp)...
[M::mem_pestat] # candidate unique pairs for (FF, FR, RF, RR): (0, 1, 0, 0)
[M::mem_pestat] skip orientation FF as there are not enough pairs
[M::mem_pestat] skip orientation FR as there are not enough pairs
[M::mem_pestat] skip orientation RF as there are not enough pairs
[M::mem_pestat] skip orientation RR as there are not enough pairs
[M::mem_process_seqs] Processed 2 reads in 0.000 CPU sec, 0.000 real sec
[M::process] read 2 sequences (388 bp)...
[M::mem_pestat] # candidate unique pairs for (FF, FR, RF, RR): (0, 1, 0, 0)
[M::mem_pestat] skip orientation FF as there are not enough pairs
[M::mem_pestat] skip orientation FR as there are not enough pairs
[M::mem_pestat] skip orientation RF as there are not enough pairs
[M::mem_pestat] skip orientation RR as there are not enough pairs
[M::mem_process_seqs] Processed 2 reads in 0.000 CPU sec, 0.000 real sec
[M::process] read 2 sequences (298 bp)...
[M::mem_pestat] # candidate unique pairs for (FF, FR, RF, RR): (0, 1, 0, 0)
[M::mem_pestat] skip orientation FF as there are not enough pairs
[M::mem_pestat] skip orientation FR as there are not enough pairs
[M::mem_pestat] skip orientation RF as there are not enough pairs
[M::mem_pestat] skip orientation RR as there are not enough pairs
[M::mem_process_seqs] Processed 2 reads in 0.000 CPU sec, 0.000 real sec
[M::process] read 2 sequences (478 bp)...
[M::mem_pestat] # candidate unique pairs for (FF, FR, RF, RR): (0, 1, 0, 0)
[M::mem_pestat] skip orientation FF as there are not enough pairs
[M::mem_pestat] skip orientation FR as there are not enough pairs
[M::mem_pestat] skip orientation RF as there are not enough pairs
[M::mem_pestat] skip orientation RR as there are not enough pairs
[M::mem_process_seqs] Processed 2 reads in 0.000 CPU sec, 0.000 real sec
[M::process] read 2 sequences (502 bp)...
[M::mem_pestat] # candidate unique pairs for (FF, FR, RF, RR): (0, 1, 0, 0)
[M::mem_pestat] skip orientation FF as there are not enough pairs
[M::mem_pestat] skip orientation FR as there are not enough pairs
[M::mem_pestat] skip orientation RF as there are not enough pairs
[M::mem_pestat] skip orientation RR as there are not enough pairs
[M::mem_process_seqs] Processed 2 reads in 0.000 CPU sec, 0.000 real sec
[M::process] read 2 sequences (342 bp)...
[M::mem_pestat] # candidate unique pairs for (FF, FR, RF, RR): (0, 1, 0, 0)
[M::mem_pestat] skip orientation FF as there are not enough pairs
[M::mem_pestat] skip orientation FR as there are not enough pairs
[M::mem_pestat] skip orientation RF as there are not enough pairs
[M::mem_pestat] skip orientation RR as there are not enough pairs
[M::mem_process_seqs] Processed 2 reads in 0.000 CPU sec, 0.000 real sec
[M::process] read 2 sequences (348 bp)...
[M::mem_pestat] # candidate unique pairs for (FF, FR, RF, RR): (0, 1, 0, 0)
[M::mem_pestat] skip orientation FF as there are not enough pairs
[M::mem_pestat] skip orientation FR as there are not enough pairs
[M::mem_pestat] skip orientation RF as there are not enough pairs
[M::mem_pestat] skip orientation RR as there are not enough pairs
[M::mem_process_seqs] Processed 2 reads in 0.000 CPU sec, 0.000 real sec
[M::process] read 2 sequences (318 bp)...
[M::mem_pestat] # candidate unique pairs for (FF, FR, RF, RR): (0, 1, 0, 0)
[M::mem_pestat] skip orientation FF as there are not enough pairs
[M::mem_pestat] skip orientation FR as there are not enough pairs
[M::mem_pestat] skip orientation RF as there are not enough pairs
[M::mem_pestat] skip orientation RR as there are not enough pairs
[M::mem_process_seqs] Processed 2 reads in 0.000 CPU sec, 0.000 real sec
[M::process] read 2 sequences (336 bp)...
[M::mem_pestat] # candidate unique pairs for (FF, FR, RF, RR): (0, 1, 0, 0)
[M::mem_pestat] skip orientation FF as there are not enough pairs
[M::mem_pestat] skip orientation FR as there are not enough pairs
[M::mem_pestat] skip orientation RF as there are not enough pairs
[M::mem_pestat] skip orientation RR as there are not enough pairs
[M::mem_process_seqs] Processed 2 reads in 0.000 CPU sec, 0.000 real sec
[M::process] read 2 sequences (496 bp)...
[M::mem_pestat] # candidate unique pairs for (FF, FR, RF, RR): (0, 1, 0, 0)
[M::mem_pestat] skip orientation FF as there are not enough pairs
[M::mem_pestat] skip orientation FR as there are not enough pairs
[M::mem_pestat] skip orientation RF as there are not enough pairs
[M::mem_pestat] skip orientation RR as there are not enough pairs
[M::mem_process_seqs] Processed 2 reads in 0.000 CPU sec, 0.000 real sec
[M::process] read 2 sequences (491 bp)...
[M::mem_pestat] # candidate unique pairs for (FF, FR, RF, RR): (0, 1, 0, 0)
[M::mem_pestat] skip orientation FF as there are not enough pairs
[M::mem_pestat] skip orientation FR as there are not enough pairs
[M::mem_pestat] skip orientation RF as there are not enough pairs
[M::mem_pestat] skip orientation RR as there are not enough pairs
[M::mem_process_seqs] Processed 2 reads in 0.000 CPU sec, 0.000 real sec
[M::process] read 2 sequences (430 bp)...
[M::mem_pestat] # candidate unique pairs for (FF, FR, RF, RR): (0, 1, 0, 0)
[M::mem_pestat] skip orientation FF as there are not enough pairs
[M::mem_pestat] skip orientation FR as there are not enough pairs
[M::mem_pestat] skip orientation RF as there are not enough pairs
[M::mem_pestat] skip orientation RR as there are not enough pairs
[M::mem_process_seqs] Processed 2 reads in 0.000 CPU sec, 0.000 real sec
[M::process] read 2 sequences (502 bp)...
[M::mem_pestat] # candidate unique pairs for (FF, FR, RF, RR): (0, 1, 0, 0)
[M::mem_pestat] skip orientation FF as there are not enough pairs
[M::mem_pestat] skip orientation FR as there are not enough pairs
[M::mem_pestat] skip orientation RF as there are not enough pairs
[M::mem_pestat] skip orientation RR as there are not enough pairs
[M::mem_process_seqs] Processed 2 reads in 0.000 CPU sec, 0.000 real sec
[M::process] read 2 sequences (424 bp)...
[M::mem_pestat] # candidate unique pairs for (FF, FR, RF, RR): (0, 1, 0, 0)
[M::mem_pestat] skip orientation FF as there are not enough pairs
[M::mem_pestat] skip orientation FR as there are not enough pairs
[M::mem_pestat] skip orientation RF as there are not enough pairs
[M::mem_pestat] skip orientation RR as there are not enough pairs
[M::mem_process_seqs] Processed 2 reads in 0.000 CPU sec, 0.001 real sec
[M::process] read 2 sequences (246 bp)...
[M::mem_pestat] # candidate unique pairs for (FF, FR, RF, RR): (0, 1, 0, 0)
[M::mem_pestat] skip orientation FF as there are not enough pairs
[M::mem_pestat] skip orientation FR as there are not enough pairs
[M::mem_pestat] skip orientation RF as there are not enough pairs
[M::mem_pestat] skip orientation RR as there are not enough pairs
[M::mem_process_seqs] Processed 2 reads in 0.000 CPU sec, 0.000 real sec
[M::process] read 2 sequences (276 bp)...
[M::mem_pestat] # candidate unique pairs for (FF, FR, RF, RR): (0, 1, 0, 0)
[M::mem_pestat] skip orientation FF as there are not enough pairs
[M::mem_pestat] skip orientation FR as there are not enough pairs
[M::mem_pestat] skip orientation RF as there are not enough pairs
[M::mem_pestat] skip orientation RR as there are not enough pairs
[M::mem_process_seqs] Processed 2 reads in 0.000 CPU sec, 0.000 real sec
[M::process] read 2 sequences (370 bp)...
[M::mem_pestat] # candidate unique pairs for (FF, FR, RF, RR): (0, 1, 0, 0)
[M::mem_pestat] skip orientation FF as there are not enough pairs
[M::mem_pestat] skip orientation FR as there are not enough pairs
[M::mem_pestat] skip orientation RF as there are not enough pairs
[M::mem_pestat] skip orientation RR as there are not enough pairs
[M::mem_process_seqs] Processed 2 reads in 0.000 CPU sec, 0.000 real sec
[M::process] read 2 sequences (501 bp)...
[M::mem_pestat] # candidate unique pairs for (FF, FR, RF, RR): (0, 1, 0, 0)
[M::mem_pestat] skip orientation FF as there are not enough pairs
[M::mem_pestat] skip orientation FR as there are not enough pairs
[M::mem_pestat] skip orientation RF as there are not enough pairs
[M::mem_pestat] skip orientation RR as there are not enough pairs
[M::mem_process_seqs] Processed 2 reads in 0.000 CPU sec, 0.000 real sec
[M::process] read 2 sequences (470 bp)...
[M::mem_pestat] # candidate unique pairs for (FF, FR, RF, RR): (0, 1, 0, 0)
[M::mem_pestat] skip orientation FF as there are not enough pairs
[M::mem_pestat] skip orientation FR as there are not enough pairs
[M::mem_pestat] skip orientation RF as there are not enough pairs
[M::mem_pestat] skip orientation RR as there are not enough pairs
[M::mem_process_seqs] Processed 2 reads in 0.000 CPU sec, 0.000 real sec
[M::process] read 2 sequences (501 bp)...
[M::mem_pestat] # candidate unique pairs for (FF, FR, RF, RR): (0, 1, 0, 0)
[M::mem_pestat] skip orientation FF as there are not enough pairs
[M::mem_pestat] skip orientation FR as there are not enough pairs
[M::mem_pestat] skip orientation RF as there are not enough pairs
[M::mem_pestat] skip orientation RR as there are not enough pairs
[M::mem_process_seqs] Processed 2 reads in 0.000 CPU sec, 0.000 real sec
[M::process] read 2 sequences (232 bp)...
[M::mem_pestat] # candidate unique pairs for (FF, FR, RF, RR): (0, 1, 0, 0)
[M::mem_pestat] skip orientation FF as there are not enough pairs
[M::mem_pestat] skip orientation FR as there are not enough pairs
[M::mem_pestat] skip orientation RF as there are not enough pairs
[M::mem_pestat] skip orientation RR as there are not enough pairs
[M::mem_process_seqs] Processed 2 reads in 0.000 CPU sec, 0.000 real sec
[M::process] read 2 sequences (436 bp)...
[M::mem_pestat] # candidate unique pairs for (FF, FR, RF, RR): (0, 1, 0, 0)
[M::mem_pestat] skip orientation FF as there are not enough pairs
[M::mem_pestat] skip orientation FR as there are not enough pairs
[M::mem_pestat] skip orientation RF as there are not enough pairs
[M::mem_pestat] skip orientation RR as there are not enough pairs
[M::mem_process_seqs] Processed 2 reads in 0.000 CPU sec, 0.000 real sec
[M::process] read 2 sequences (450 bp)...
[M::mem_pestat] # candidate unique pairs for (FF, FR, RF, RR): (0, 1, 0, 0)
[M::mem_pestat] skip orientation FF as there are not enough pairs
[M::mem_pestat] skip orientation FR as there are not enough pairs
[M::mem_pestat] skip orientation RF as there are not enough pairs
[M::mem_pestat] skip orientation RR as there are not enough pairs
[M::mem_process_seqs] Processed 2 reads in 0.000 CPU sec, 0.000 real sec
[M::process] read 2 sequences (318 bp)...
[M::mem_pestat] # candidate unique pairs for (FF, FR, RF, RR): (0, 1, 0, 0)
[M::mem_pestat] skip orientation FF as there are not enough pairs
[M::mem_pestat] skip orientation FR as there are not enough pairs
[M::mem_pestat] skip orientation RF as there are not enough pairs
[M::mem_pestat] skip orientation RR as there are not enough pairs
[M::mem_process_seqs] Processed 2 reads in 0.000 CPU sec, 0.000 real sec
[M::process] read 2 sequences (330 bp)...
[M::mem_pestat] # candidate unique pairs for (FF, FR, RF, RR): (0, 1, 0, 0)
[M::mem_pestat] skip orientation FF as there are not enough pairs
[M::mem_pestat] skip orientation FR as there are not enough pairs
[M::mem_pestat] skip orientation RF as there are not enough pairs
[M::mem_pestat] skip orientation RR as there are not enough pairs
[M::mem_process_seqs] Processed 2 reads in 0.000 CPU sec, 0.000 real sec
[M::process] read 2 sequences (222 bp)...
[M::mem_pestat] # candidate unique pairs for (FF, FR, RF, RR): (0, 1, 0, 0)
[M::mem_pestat] skip orientation FF as there are not enough pairs
[M::mem_pestat] skip orientation FR as there are not enough pairs
[M::mem_pestat] skip orientation RF as there are not enough pairs
[M::mem_pestat] skip orientation RR as there are not enough pairs
[M::mem_process_seqs] Processed 2 reads in 0.000 CPU sec, 0.000 real sec
[M::process] read 2 sequences (414 bp)...
[M::mem_pestat] # candidate unique pairs for (FF, FR, RF, RR): (0, 1, 0, 0)
[M::mem_pestat] skip orientation FF as there are not enough pairs
[M::mem_pestat] skip orientation FR as there are not enough pairs
[M::mem_pestat] skip orientation RF as there are not enough pairs
[M::mem_pestat] skip orientation RR as there are not enough pairs
[M::mem_process_seqs] Processed 2 reads in 0.000 CPU sec, 0.000 real sec
[M::process] read 2 sequences (478 bp)...
[M::mem_pestat] # candidate unique pairs for (FF, FR, RF, RR): (0, 1, 0, 0)
[M::mem_pestat] skip orientation FF as there are not enough pairs
[M::mem_pestat] skip orientation FR as there are not enough pairs
[M::mem_pestat] skip orientation RF as there are not enough pairs
[M::mem_pestat] skip orientation RR as there are not enough pairs
[M::mem_process_seqs] Processed 2 reads in 0.000 CPU sec, 0.000 real sec
[M::process] read 2 sequences (438 bp)...
[M::mem_pestat] # candidate unique pairs for (FF, FR, RF, RR): (0, 1, 0, 0)
[M::mem_pestat] skip orientation FF as there are not enough pairs
[M::mem_pestat] skip orientation FR as there are not enough pairs
[M::mem_pestat] skip orientation RF as there are not enough pairs
[M::mem_pestat] skip orientation RR as there are not enough pairs
[M::mem_process_seqs] Processed 2 reads in 0.000 CPU sec, 0.000 real sec
[M::process] read 2 sequences (406 bp)...
[M::mem_pestat] # candidate unique pairs for (FF, FR, RF, RR): (0, 1, 0, 0)
[M::mem_pestat] skip orientation FF as there are not enough pairs
[M::mem_pestat] skip orientation FR as there are not enough pairs
[M::mem_pestat] skip orientation RF as there are not enough pairs
[M::mem_pestat] skip orientation RR as there are not enough pairs
[M::mem_process_seqs] Processed 2 reads in 0.000 CPU sec, 0.000 real sec
[M::process] read 2 sequences (495 bp)...
[M::mem_pestat] # candidate unique pairs for (FF, FR, RF, RR): (0, 1, 0, 0)
[M::mem_pestat] skip orientation FF as there are not enough pairs
[M::mem_pestat] skip orientation FR as there are not enough pairs
[M::mem_pestat] skip orientation RF as there are not enough pairs
[M::mem_pestat] skip orientation RR as there are not enough pairs
[M::mem_process_seqs] Processed 2 reads in 0.000 CPU sec, 0.000 real sec
[M::process] read 2 sequences (502 bp)...
[M::mem_pestat] # candidate unique pairs for (FF, FR, RF, RR): (0, 1, 0, 0)
[M::mem_pestat] skip orientation FF as there are not enough pairs
[M::mem_pestat] skip orientation FR as there are not enough pairs
[M::mem_pestat] skip orientation RF as there are not enough pairs
[M::mem_pestat] skip orientation RR as there are not enough pairs
[M::mem_process_seqs] Processed 2 reads in 0.000 CPU sec, 0.000 real sec
[M::process] read 2 sequences (450 bp)...
[M::mem_pestat] # candidate unique pairs for (FF, FR, RF, RR): (0, 1, 0, 0)
[M::mem_pestat] skip orientation FF as there are not enough pairs
[M::mem_pestat] skip orientation FR as there are not enough pairs
[M::mem_pestat] skip orientation RF as there are not enough pairs
[M::mem_pestat] skip orientation RR as there are not enough pairs
[M::mem_process_seqs] Processed 2 reads in 0.000 CPU sec, 0.000 real sec
[M::process] read 2 sequences (501 bp)...
[M::mem_pestat] # candidate unique pairs for (FF, FR, RF, RR): (0, 1, 0, 0)
[M::mem_pestat] skip orientation FF as there are not enough pairs
[M::mem_pestat] skip orientation FR as there are not enough pairs
[M::mem_pestat] skip orientation RF as there are not enough pairs
[M::mem_pestat] skip orientation RR as there are not enough pairs
[M::mem_process_seqs] Processed 2 reads in 0.000 CPU sec, 0.000 real sec
[M::process] read 2 sequences (491 bp)...
[M::mem_pestat] # candidate unique pairs for (FF, FR, RF, RR): (0, 1, 0, 0)
[M::mem_pestat] skip orientation FF as there are not enough pairs
[M::mem_pestat] skip orientation FR as there are not enough pairs
[M::mem_pestat] skip orientation RF as there are not enough pairs
[M::mem_pestat] skip orientation RR as there are not enough pairs
[M::mem_process_seqs] Processed 2 reads in 0.000 CPU sec, 0.000 real sec
[M::process] read 2 sequences (330 bp)...
[M::mem_pestat] # candidate unique pairs for (FF, FR, RF, RR): (0, 1, 0, 0)
[M::mem_pestat] skip orientation FF as there are not enough pairs
[M::mem_pestat] skip orientation FR as there are not enough pairs
[M::mem_pestat] skip orientation RF as there are not enough pairs
[M::mem_pestat] skip orientation RR as there are not enough pairs
[M::mem_process_seqs] Processed 2 reads in 0.000 CPU sec, 0.000 real sec
[M::process] read 2 sequences (486 bp)...
[M::mem_pestat] # candidate unique pairs for (FF, FR, RF, RR): (0, 1, 0, 0)
[M::mem_pestat] skip orientation FF as there are not enough pairs
[M::mem_pestat] skip orientation FR as there are not enough pairs
[M::mem_pestat] skip orientation RF as there are not enough pairs
[M::mem_pestat] skip orientation RR as there are not enough pairs
[M::mem_process_seqs] Processed 2 reads in 0.000 CPU sec, 0.000 real sec
[M::process] read 2 sequences (498 bp)...
[M::mem_pestat] # candidate unique pairs for (FF, FR, RF, RR): (0, 1, 0, 0)
[M::mem_pestat] skip orientation FF as there are not enough pairs
[M::mem_pestat] skip orientation FR as there are not enough pairs
[M::mem_pestat] skip orientation RF as there are not enough pairs
[M::mem_pestat] skip orientation RR as there are not enough pairs
[M::mem_process_seqs] Processed 2 reads in 0.000 CPU sec, 0.000 real sec
[M::process] read 2 sequences (452 bp)...
[M::mem_pestat] # candidate unique pairs for (FF, FR, RF, RR): (0, 1, 0, 0)
[M::mem_pestat] skip orientation FF as there are not enough pairs
[M::mem_pestat] skip orientation FR as there are not enough pairs
[M::mem_pestat] skip orientation RF as there are not enough pairs
[M::mem_pestat] skip orientation RR as there are not enough pairs
[M::mem_process_seqs] Processed 2 reads in 0.000 CPU sec, 0.000 real sec
[M::process] read 2 sequences (496 bp)...
[M::mem_pestat] # candidate unique pairs for (FF, FR, RF, RR): (0, 1, 0, 0)
[M::mem_pestat] skip orientation FF as there are not enough pairs
[M::mem_pestat] skip orientation FR as there are not enough pairs
[M::mem_pestat] skip orientation RF as there are not enough pairs
[M::mem_pestat] skip orientation RR as there are not enough pairs
[M::mem_process_seqs] Processed 2 reads in 0.000 CPU sec, 0.000 real sec
[M::process] read 2 sequences (490 bp)...
[M::mem_pestat] # candidate unique pairs for (FF, FR, RF, RR): (0, 1, 0, 0)
[M::mem_pestat] skip orientation FF as there are not enough pairs
[M::mem_pestat] skip orientation FR as there are not enough pairs
[M::mem_pestat] skip orientation RF as there are not enough pairs
[M::mem_pestat] skip orientation RR as there are not enough pairs
[M::mem_process_seqs] Processed 2 reads in 0.000 CPU sec, 0.000 real sec
[M::process] read 2 sequences (501 bp)...
[M::mem_pestat] # candidate unique pairs for (FF, FR, RF, RR): (0, 1, 0, 0)
[M::mem_pestat] skip orientation FF as there are not enough pairs
[M::mem_pestat] skip orientation FR as there are not enough pairs
[M::mem_pestat] skip orientation RF as there are not enough pairs
[M::mem_pestat] skip orientation RR as there are not enough pairs
[M::mem_process_seqs] Processed 2 reads in 0.000 CPU sec, 0.000 real sec
[M::process] read 2 sequences (310 bp)...
[M::mem_pestat] # candidate unique pairs for (FF, FR, RF, RR): (0, 1, 0, 0)
[M::mem_pestat] skip orientation FF as there are not enough pairs
[M::mem_pestat] skip orientation FR as there are not enough pairs
[M::mem_pestat] skip orientation RF as there are not enough pairs
[M::mem_pestat] skip orientation RR as there are not enough pairs
[M::mem_process_seqs] Processed 2 reads in 0.000 CPU sec, 0.000 real sec
[M::process] read 2 sequences (456 bp)...
[M::mem_pestat] # candidate unique pairs for (FF, FR, RF, RR): (0, 1, 0, 0)
[M::mem_pestat] skip orientation FF as there are not enough pairs
[M::mem_pestat] skip orientation FR as there are not enough pairs
[M::mem_pestat] skip orientation RF as there are not enough pairs
[M::mem_pestat] skip orientation RR as there are not enough pairs
[M::mem_process_seqs] Processed 2 reads in 0.000 CPU sec, 0.000 real sec
[M::process] read 2 sequences (376 bp)...
[M::mem_pestat] # candidate unique pairs for (FF, FR, RF, RR): (0, 1, 0, 0)
[M::mem_pestat] skip orientation FF as there are not enough pairs
[M::mem_pestat] skip orientation FR as there are not enough pairs
[M::mem_pestat] skip orientation RF as there are not enough pairs
[M::mem_pestat] skip orientation RR as there are not enough pairs
[M::mem_process_seqs] Processed 2 reads in 0.000 CPU sec, 0.000 real sec
[M::process] read 2 sequences (502 bp)...
[M::mem_pestat] # candidate unique pairs for (FF, FR, RF, RR): (0, 1, 0, 0)
[M::mem_pestat] skip orientation FF as there are not enough pairs
[M::mem_pestat] skip orientation FR as there are not enough pairs
[M::mem_pestat] skip orientation RF as there are not enough pairs
[M::mem_pestat] skip orientation RR as there are not enough pairs
[M::mem_process_seqs] Processed 2 reads in 0.000 CPU sec, 0.000 real sec
[M::process] read 2 sequences (390 bp)...
[M::mem_pestat] # candidate unique pairs for (FF, FR, RF, RR): (0, 1, 0, 0)
[M::mem_pestat] skip orientation FF as there are not enough pairs
[M::mem_pestat] skip orientation FR as there are not enough pairs
[M::mem_pestat] skip orientation RF as there are not enough pairs
[M::mem_pestat] skip orientation RR as there are not enough pairs
[M::mem_process_seqs] Processed 2 reads in 0.000 CPU sec, 0.000 real sec
[M::process] read 2 sequences (248 bp)...
[M::mem_pestat] # candidate unique pairs for (FF, FR, RF, RR): (0, 1, 0, 0)
[M::mem_pestat] skip orientation FF as there are not enough pairs
[M::mem_pestat] skip orientation FR as there are not enough pairs
[M::mem_pestat] skip orientation RF as there are not enough pairs
[M::mem_pestat] skip orientation RR as there are not enough pairs
[M::mem_process_seqs] Processed 2 reads in 0.000 CPU sec, 0.000 real sec
[M::process] read 2 sequences (430 bp)...
[M::mem_pestat] # candidate unique pairs for (FF, FR, RF, RR): (0, 1, 0, 0)
[M::mem_pestat] skip orientation FF as there are not enough pairs
[M::mem_pestat] skip orientation FR as there are not enough pairs
[M::mem_pestat] skip orientation RF as there are not enough pairs
[M::mem_pestat] skip orientation RR as there are not enough pairs
[M::mem_process_seqs] Processed 2 reads in 0.000 CPU sec, 0.000 real sec
[M::process] read 2 sequences (400 bp)...
[M::mem_pestat] # candidate unique pairs for (FF, FR, RF, RR): (0, 1, 0, 0)
[M::mem_pestat] skip orientation FF as there are not enough pairs
[M::mem_pestat] skip orientation FR as there are not enough pairs
[M::mem_pestat] skip orientation RF as there are not enough pairs
[M::mem_pestat] skip orientation RR as there are not enough pairs
[M::mem_process_seqs] Processed 2 reads in 0.000 CPU sec, 0.000 real sec
[M::process] read 2 sequences (488 bp)...
[M::mem_pestat] # candidate unique pairs for (FF, FR, RF, RR): (0, 1, 0, 0)
[M::mem_pestat] skip orientation FF as there are not enough pairs
[M::mem_pestat] skip orientation FR as there are not enough pairs
[M::mem_pestat] skip orientation RF as there are not enough pairs
[M::mem_pestat] skip orientation RR as there are not enough pairs
[M::mem_process_seqs] Processed 2 reads in 0.000 CPU sec, 0.000 real sec
[M::process] read 2 sequences (412 bp)...
[M::mem_pestat] # candidate unique pairs for (FF, FR, RF, RR): (0, 1, 0, 0)
[M::mem_pestat] skip orientation FF as there are not enough pairs
[M::mem_pestat] skip orientation FR as there are not enough pairs
[M::mem_pestat] skip orientation RF as there are not enough pairs
[M::mem_pestat] skip orientation RR as there are not enough pairs
[M::mem_process_seqs] Processed 2 reads in 0.000 CPU sec, 0.000 real sec
[M::process] read 2 sequences (502 bp)...
[M::mem_pestat] # candidate unique pairs for (FF, FR, RF, RR): (0, 1, 0, 0)
[M::mem_pestat] skip orientation FF as there are not enough pairs
[M::mem_pestat] skip orientation FR as there are not enough pairs
[M::mem_pestat] skip orientation RF as there are not enough pairs
[M::mem_pestat] skip orientation RR as there are not enough pairs
[M::mem_process_seqs] Processed 2 reads in 0.000 CPU sec, 0.000 real sec
[M::process] read 2 sequences (502 bp)...
[M::mem_pestat] # candidate unique pairs for (FF, FR, RF, RR): (0, 1, 0, 0)
[M::mem_pestat] skip orientation FF as there are not enough pairs
[M::mem_pestat] skip orientation FR as there are not enough pairs
[M::mem_pestat] skip orientation RF as there are not enough pairs
[M::mem_pestat] skip orientation RR as there are not enough pairs
[M::mem_process_seqs] Processed 2 reads in 0.000 CPU sec, 0.000 real sec
[M::process] read 2 sequences (266 bp)...
[M::mem_pestat] # candidate unique pairs for (FF, FR, RF, RR): (0, 1, 0, 0)
[M::mem_pestat] skip orientation FF as there are not enough pairs
[M::mem_pestat] skip orientation FR as there are not enough pairs
[M::mem_pestat] skip orientation RF as there are not enough pairs
[M::mem_pestat] skip orientation RR as there are not enough pairs
[M::mem_process_seqs] Processed 2 reads in 0.000 CPU sec, 0.000 real sec
[M::process] read 2 sequences (493 bp)...
[M::mem_pestat] # candidate unique pairs for (FF, FR, RF, RR): (0, 1, 0, 0)
[M::mem_pestat] skip orientation FF as there are not enough pairs
[M::mem_pestat] skip orientation FR as there are not enough pairs
[M::mem_pestat] skip orientation RF as there are not enough pairs
[M::mem_pestat] skip orientation RR as there are not enough pairs
[M::mem_process_seqs] Processed 2 reads in 0.000 CPU sec, 0.000 real sec
[M::process] read 2 sequences (460 bp)...
[M::mem_pestat] # candidate unique pairs for (FF, FR, RF, RR): (0, 1, 0, 0)
[M::mem_pestat] skip orientation FF as there are not enough pairs
[M::mem_pestat] skip orientation FR as there are not enough pairs
[M::mem_pestat] skip orientation RF as there are not enough pairs
[M::mem_pestat] skip orientation RR as there are not enough pairs
[M::mem_process_seqs] Processed 2 reads in 0.000 CPU sec, 0.000 real sec
[M::process] read 2 sequences (400 bp)...
[M::mem_pestat] # candidate unique pairs for (FF, FR, RF, RR): (0, 1, 0, 0)
[M::mem_pestat] skip orientation FF as there are not enough pairs
[M::mem_pestat] skip orientation FR as there are not enough pairs
[M::mem_pestat] skip orientation RF as there are not enough pairs
[M::mem_pestat] skip orientation RR as there are not enough pairs
[M::mem_process_seqs] Processed 2 reads in 0.000 CPU sec, 0.000 real sec
[M::process] read 2 sequences (494 bp)...
[M::mem_pestat] # candidate unique pairs for (FF, FR, RF, RR): (0, 1, 0, 0)
[M::mem_pestat] skip orientation FF as there are not enough pairs
[M::mem_pestat] skip orientation FR as there are not enough pairs
[M::mem_pestat] skip orientation RF as there are not enough pairs
[M::mem_pestat] skip orientation RR as there are not enough pairs
[M::mem_process_seqs] Processed 2 reads in 0.000 CPU sec, 0.000 real sec
[M::process] read 2 sequences (392 bp)...
[M::mem_pestat] # candidate unique pairs for (FF, FR, RF, RR): (0, 1, 0, 0)
[M::mem_pestat] skip orientation FF as there are not enough pairs
[M::mem_pestat] skip orientation FR as there are not enough pairs
[M::mem_pestat] skip orientation RF as there are not enough pairs
[M::mem_pestat] skip orientation RR as there are not enough pairs
[M::mem_process_seqs] Processed 2 reads in 0.000 CPU sec, 0.000 real sec
[M::process] read 2 sequences (438 bp)...
[M::mem_pestat] # candidate unique pairs for (FF, FR, RF, RR): (0, 1, 0, 0)
[M::mem_pestat] skip orientation FF as there are not enough pairs
[M::mem_pestat] skip orientation FR as there are not enough pairs
[M::mem_pestat] skip orientation RF as there are not enough pairs
[M::mem_pestat] skip orientation RR as there are not enough pairs
[M::mem_process_seqs] Processed 2 reads in 0.000 CPU sec, 0.000 real sec
[M::process] read 2 sequences (402 bp)...
[M::mem_pestat] # candidate unique pairs for (FF, FR, RF, RR): (0, 1, 0, 0)
[M::mem_pestat] skip orientation FF as there are not enough pairs
[M::mem_pestat] skip orientation FR as there are not enough pairs
[M::mem_pestat] skip orientation RF as there are not enough pairs
[M::mem_pestat] skip orientation RR as there are not enough pairs
[M::mem_process_seqs] Processed 2 reads in 0.000 CPU sec, 0.000 real sec
[M::process] read 2 sequences (314 bp)...
[M::mem_pestat] # candidate unique pairs for (FF, FR, RF, RR): (0, 1, 0, 0)
[M::mem_pestat] skip orientation FF as there are not enough pairs
[M::mem_pestat] skip orientation FR as there are not enough pairs
[M::mem_pestat] skip orientation RF as there are not enough pairs
[M::mem_pestat] skip orientation RR as there are not enough pairs
[M::mem_process_seqs] Processed 2 reads in 0.000 CPU sec, 0.000 real sec
[M::process] read 2 sequences (316 bp)...
[M::mem_pestat] # candidate unique pairs for (FF, FR, RF, RR): (0, 1, 0, 0)
[M::mem_pestat] skip orientation FF as there are not enough pairs
[M::mem_pestat] skip orientation FR as there are not enough pairs
[M::mem_pestat] skip orientation RF as there are not enough pairs
[M::mem_pestat] skip orientation RR as there are not enough pairs
[M::mem_process_seqs] Processed 2 reads in 0.000 CPU sec, 0.000 real sec
[M::process] read 2 sequences (442 bp)...
[M::mem_pestat] # candidate unique pairs for (FF, FR, RF, RR): (0, 1, 0, 0)
[M::mem_pestat] skip orientation FF as there are not enough pairs
[M::mem_pestat] skip orientation FR as there are not enough pairs
[M::mem_pestat] skip orientation RF as there are not enough pairs
[M::mem_pestat] skip orientation RR as there are not enough pairs
[M::mem_process_seqs] Processed 2 reads in 0.000 CPU sec, 0.000 real sec
[M::process] read 2 sequences (494 bp)...
[M::mem_pestat] # candidate unique pairs for (FF, FR, RF, RR): (0, 1, 0, 0)
[M::mem_pestat] skip orientation FF as there are not enough pairs
[M::mem_pestat] skip orientation FR as there are not enough pairs
[M::mem_pestat] skip orientation RF as there are not enough pairs
[M::mem_pestat] skip orientation RR as there are not enough pairs
[M::mem_process_seqs] Processed 2 reads in 0.000 CPU sec, 0.000 real sec
[M::process] read 2 sequences (486 bp)...
[M::mem_pestat] # candidate unique pairs for (FF, FR, RF, RR): (0, 1, 0, 0)
[M::mem_pestat] skip orientation FF as there are not enough pairs
[M::mem_pestat] skip orientation FR as there are not enough pairs
[M::mem_pestat] skip orientation RF as there are not enough pairs
[M::mem_pestat] skip orientation RR as there are not enough pairs
[M::mem_process_seqs] Processed 2 reads in 0.000 CPU sec, 0.000 real sec
[M::process] read 2 sequences (260 bp)...
[M::mem_pestat] # candidate unique pairs for (FF, FR, RF, RR): (0, 1, 0, 0)
[M::mem_pestat] skip orientation FF as there are not enough pairs
[M::mem_pestat] skip orientation FR as there are not enough pairs
[M::mem_pestat] skip orientation RF as there are not enough pairs
[M::mem_pestat] skip orientation RR as there are not enough pairs
[M::mem_process_seqs] Processed 2 reads in 0.000 CPU sec, 0.000 real sec
[M::process] read 2 sequences (460 bp)...
[M::mem_pestat] # candidate unique pairs for (FF, FR, RF, RR): (0, 1, 0, 0)
[M::mem_pestat] skip orientation FF as there are not enough pairs
[M::mem_pestat] skip orientation FR as there are not enough pairs
[M::mem_pestat] skip orientation RF as there are not enough pairs
[M::mem_pestat] skip orientation RR as there are not enough pairs
[M::mem_process_seqs] Processed 2 reads in 0.000 CPU sec, 0.000 real sec
[M::process] read 2 sequences (498 bp)...
[M::mem_pestat] # candidate unique pairs for (FF, FR, RF, RR): (0, 1, 0, 0)
[M::mem_pestat] skip orientation FF as there are not enough pairs
[M::mem_pestat] skip orientation FR as there are not enough pairs
[M::mem_pestat] skip orientation RF as there are not enough pairs
[M::mem_pestat] skip orientation RR as there are not enough pairs
[M::mem_process_seqs] Processed 2 reads in 0.000 CPU sec, 0.000 real sec
[M::process] read 2 sequences (502 bp)...
[M::mem_pestat] # candidate unique pairs for (FF, FR, RF, RR): (0, 1, 0, 0)
[M::mem_pestat] skip orientation FF as there are not enough pairs
[M::mem_pestat] skip orientation FR as there are not enough pairs
[M::mem_pestat] skip orientation RF as there are not enough pairs
[M::mem_pestat] skip orientation RR as there are not enough pairs
[M::mem_process_seqs] Processed 2 reads in 0.000 CPU sec, 0.000 real sec
[M::process] read 2 sequences (502 bp)...
[M::mem_pestat] # candidate unique pairs for (FF, FR, RF, RR): (0, 1, 0, 0)
[M::mem_pestat] skip orientation FF as there are not enough pairs
[M::mem_pestat] skip orientation FR as there are not enough pairs
[M::mem_pestat] skip orientation RF as there are not enough pairs
[M::mem_pestat] skip orientation RR as there are not enough pairs
[M::mem_process_seqs] Processed 2 reads in 0.000 CPU sec, 0.000 real sec
[M::process] read 2 sequences (494 bp)...
[M::mem_pestat] # candidate unique pairs for (FF, FR, RF, RR): (0, 1, 0, 0)
[M::mem_pestat] skip orientation FF as there are not enough pairs
[M::mem_pestat] skip orientation FR as there are not enough pairs
[M::mem_pestat] skip orientation RF as there are not enough pairs
[M::mem_pestat] skip orientation RR as there are not enough pairs
[M::mem_process_seqs] Processed 2 reads in 0.000 CPU sec, 0.000 real sec
[M::process] read 2 sequences (366 bp)...
[M::mem_pestat] # candidate unique pairs for (FF, FR, RF, RR): (0, 1, 0, 0)
[M::mem_pestat] skip orientation FF as there are not enough pairs
[M::mem_pestat] skip orientation FR as there are not enough pairs
[M::mem_pestat] skip orientation RF as there are not enough pairs
[M::mem_pestat] skip orientation RR as there are not enough pairs
[M::mem_process_seqs] Processed 2 reads in 0.000 CPU sec, 0.000 real sec
[M::process] read 2 sequences (502 bp)...
[M::mem_pestat] # candidate unique pairs for (FF, FR, RF, RR): (0, 1, 0, 0)
[M::mem_pestat] skip orientation FF as there are not enough pairs
[M::mem_pestat] skip orientation FR as there are not enough pairs
[M::mem_pestat] skip orientation RF as there are not enough pairs
[M::mem_pestat] skip orientation RR as there are not enough pairs
[M::mem_process_seqs] Processed 2 reads in 0.000 CPU sec, 0.000 real sec
[M::process] read 2 sequences (390 bp)...
[M::mem_pestat] # candidate unique pairs for (FF, FR, RF, RR): (0, 1, 0, 0)
[M::mem_pestat] skip orientation FF as there are not enough pairs
[M::mem_pestat] skip orientation FR as there are not enough pairs
[M::mem_pestat] skip orientation RF as there are not enough pairs
[M::mem_pestat] skip orientation RR as there are not enough pairs
[M::mem_process_seqs] Processed 2 reads in 0.000 CPU sec, 0.000 real sec
[M::process] read 2 sequences (404 bp)...
[M::mem_pestat] # candidate unique pairs for (FF, FR, RF, RR): (0, 1, 0, 0)
[M::mem_pestat] skip orientation FF as there are not enough pairs
[M::mem_pestat] skip orientation FR as there are not enough pairs
[M::mem_pestat] skip orientation RF as there are not enough pairs
[M::mem_pestat] skip orientation RR as there are not enough pairs
[M::mem_process_seqs] Processed 2 reads in 0.000 CPU sec, 0.000 real sec
[M::process] read 2 sequences (497 bp)...
[M::mem_pestat] # candidate unique pairs for (FF, FR, RF, RR): (0, 1, 0, 0)
[M::mem_pestat] skip orientation FF as there are not enough pairs
[M::mem_pestat] skip orientation FR as there are not enough pairs
[M::mem_pestat] skip orientation RF as there are not enough pairs
[M::mem_pestat] skip orientation RR as there are not enough pairs
[M::mem_process_seqs] Processed 2 reads in 0.000 CPU sec, 0.000 real sec
[M::process] read 2 sequences (472 bp)...
[M::mem_pestat] # candidate unique pairs for (FF, FR, RF, RR): (0, 1, 0, 0)
[M::mem_pestat] skip orientation FF as there are not enough pairs
[M::mem_pestat] skip orientation FR as there are not enough pairs
[M::mem_pestat] skip orientation RF as there are not enough pairs
[M::mem_pestat] skip orientation RR as there are not enough pairs
[M::mem_process_seqs] Processed 2 reads in 0.000 CPU sec, 0.000 real sec
[M::process] read 2 sequences (442 bp)...
[M::mem_pestat] # candidate unique pairs for (FF, FR, RF, RR): (0, 1, 0, 0)
[M::mem_pestat] skip orientation FF as there are not enough pairs
[M::mem_pestat] skip orientation FR as there are not enough pairs
[M::mem_pestat] skip orientation RF as there are not enough pairs
[M::mem_pestat] skip orientation RR as there are not enough pairs
[M::mem_process_seqs] Processed 2 reads in 0.000 CPU sec, 0.000 real sec
[M::process] read 2 sequences (320 bp)...
[M::mem_pestat] # candidate unique pairs for (FF, FR, RF, RR): (0, 1, 0, 0)
[M::mem_pestat] skip orientation FF as there are not enough pairs
[M::mem_pestat] skip orientation FR as there are not enough pairs
[M::mem_pestat] skip orientation RF as there are not enough pairs
[M::mem_pestat] skip orientation RR as there are not enough pairs
[M::mem_process_seqs] Processed 2 reads in 0.000 CPU sec, 0.000 real sec
[M::process] read 2 sequences (501 bp)...
[M::mem_pestat] # candidate unique pairs for (FF, FR, RF, RR): (0, 1, 0, 0)
[M::mem_pestat] skip orientation FF as there are not enough pairs
[M::mem_pestat] skip orientation FR as there are not enough pairs
[M::mem_pestat] skip orientation RF as there are not enough pairs
[M::mem_pestat] skip orientation RR as there are not enough pairs
[M::mem_process_seqs] Processed 2 reads in 0.000 CPU sec, 0.000 real sec
[M::process] read 2 sequences (502 bp)...
[M::mem_pestat] # candidate unique pairs for (FF, FR, RF, RR): (0, 1, 0, 0)
[M::mem_pestat] skip orientation FF as there are not enough pairs
[M::mem_pestat] skip orientation FR as there are not enough pairs
[M::mem_pestat] skip orientation RF as there are not enough pairs
[M::mem_pestat] skip orientation RR as there are not enough pairs
[M::mem_process_seqs] Processed 2 reads in 0.000 CPU sec, 0.000 real sec
[M::process] read 2 sequences (468 bp)...
[M::mem_pestat] # candidate unique pairs for (FF, FR, RF, RR): (0, 1, 0, 0)
[M::mem_pestat] skip orientation FF as there are not enough pairs
[M::mem_pestat] skip orientation FR as there are not enough pairs
[M::mem_pestat] skip orientation RF as there are not enough pairs
[M::mem_pestat] skip orientation RR as there are not enough pairs
[M::mem_process_seqs] Processed 2 reads in 0.000 CPU sec, 0.000 real sec
[M::process] read 2 sequences (429 bp)...
[M::mem_pestat] # candidate unique pairs for (FF, FR, RF, RR): (0, 1, 0, 0)
[M::mem_pestat] skip orientation FF as there are not enough pairs
[M::mem_pestat] skip orientation FR as there are not enough pairs
[M::mem_pestat] skip orientation RF as there are not enough pairs
[M::mem_pestat] skip orientation RR as there are not enough pairs
[M::mem_process_seqs] Processed 2 reads in 0.000 CPU sec, 0.000 real sec
[M::process] read 2 sequences (501 bp)...
[M::mem_pestat] # candidate unique pairs for (FF, FR, RF, RR): (0, 1, 0, 0)
[M::mem_pestat] skip orientation FF as there are not enough pairs
[M::mem_pestat] skip orientation FR as there are not enough pairs
[M::mem_pestat] skip orientation RF as there are not enough pairs
[M::mem_pestat] skip orientation RR as there are not enough pairs
[M::mem_process_seqs] Processed 2 reads in 0.000 CPU sec, 0.000 real sec
[M::process] read 2 sequences (318 bp)...
[M::mem_pestat] # candidate unique pairs for (FF, FR, RF, RR): (0, 1, 0, 0)
[M::mem_pestat] skip orientation FF as there are not enough pairs
[M::mem_pestat] skip orientation FR as there are not enough pairs
[M::mem_pestat] skip orientation RF as there are not enough pairs
[M::mem_pestat] skip orientation RR as there are not enough pairs
[M::mem_process_seqs] Processed 2 reads in 0.000 CPU sec, 0.000 real sec
[M::process] read 2 sequences (482 bp)...
[M::mem_pestat] # candidate unique pairs for (FF, FR, RF, RR): (0, 1, 0, 0)
[M::mem_pestat] skip orientation FF as there are not enough pairs
[M::mem_pestat] skip orientation FR as there are not enough pairs
[M::mem_pestat] skip orientation RF as there are not enough pairs
[M::mem_pestat] skip orientation RR as there are not enough pairs
[M::mem_process_seqs] Processed 2 reads in 0.000 CPU sec, 0.000 real sec
[M::process] read 2 sequences (366 bp)...
[M::mem_pestat] # candidate unique pairs for (FF, FR, RF, RR): (0, 1, 0, 0)
[M::mem_pestat] skip orientation FF as there are not enough pairs
[M::mem_pestat] skip orientation FR as there are not enough pairs
[M::mem_pestat] skip orientation RF as there are not enough pairs
[M::mem_pestat] skip orientation RR as there are not enough pairs
[M::mem_process_seqs] Processed 2 reads in 0.000 CPU sec, 0.000 real sec
[M::process] read 2 sequences (478 bp)...
[M::mem_pestat] # candidate unique pairs for (FF, FR, RF, RR): (0, 1, 0, 0)
[M::mem_pestat] skip orientation FF as there are not enough pairs
[M::mem_pestat] skip orientation FR as there are not enough pairs
[M::mem_pestat] skip orientation RF as there are not enough pairs
[M::mem_pestat] skip orientation RR as there are not enough pairs
[M::mem_process_seqs] Processed 2 reads in 0.000 CPU sec, 0.000 real sec
[M::process] read 2 sequences (454 bp)...
[M::mem_pestat] # candidate unique pairs for (FF, FR, RF, RR): (0, 1, 0, 0)
[M::mem_pestat] skip orientation FF as there are not enough pairs
[M::mem_pestat] skip orientation FR as there are not enough pairs
[M::mem_pestat] skip orientation RF as there are not enough pairs
[M::mem_pestat] skip orientation RR as there are not enough pairs
[M::mem_process_seqs] Processed 2 reads in 0.000 CPU sec, 0.000 real sec
[M::process] read 2 sequences (446 bp)...
[M::mem_pestat] # candidate unique pairs for (FF, FR, RF, RR): (0, 1, 0, 0)
[M::mem_pestat] skip orientation FF as there are not enough pairs
[M::mem_pestat] skip orientation FR as there are not enough pairs
[M::mem_pestat] skip orientation RF as there are not enough pairs
[M::mem_pestat] skip orientation RR as there are not enough pairs
[M::mem_process_seqs] Processed 2 reads in 0.000 CPU sec, 0.000 real sec
[M::process] read 2 sequences (486 bp)...
[M::mem_pestat] # candidate unique pairs for (FF, FR, RF, RR): (0, 1, 0, 0)
[M::mem_pestat] skip orientation FF as there are not enough pairs
[M::mem_pestat] skip orientation FR as there are not enough pairs
[M::mem_pestat] skip orientation RF as there are not enough pairs
[M::mem_pestat] skip orientation RR as there are not enough pairs
[M::mem_process_seqs] Processed 2 reads in 0.000 CPU sec, 0.000 real sec
[M::process] read 2 sequences (438 bp)...
[M::mem_pestat] # candidate unique pairs for (FF, FR, RF, RR): (0, 1, 0, 0)
[M::mem_pestat] skip orientation FF as there are not enough pairs
[M::mem_pestat] skip orientation FR as there are not enough pairs
[M::mem_pestat] skip orientation RF as there are not enough pairs
[M::mem_pestat] skip orientation RR as there are not enough pairs
[M::mem_process_seqs] Processed 2 reads in 0.000 CPU sec, 0.000 real sec
[M::process] read 2 sequences (501 bp)...
[M::mem_pestat] # candidate unique pairs for (FF, FR, RF, RR): (0, 1, 0, 0)
[M::mem_pestat] skip orientation FF as there are not enough pairs
[M::mem_pestat] skip orientation FR as there are not enough pairs
[M::mem_pestat] skip orientation RF as there are not enough pairs
[M::mem_pestat] skip orientation RR as there are not enough pairs
[M::mem_process_seqs] Processed 2 reads in 0.000 CPU sec, 0.000 real sec
[M::process] read 2 sequences (497 bp)...
[M::mem_pestat] # candidate unique pairs for (FF, FR, RF, RR): (0, 1, 0, 0)
[M::mem_pestat] skip orientation FF as there are not enough pairs
[M::mem_pestat] skip orientation FR as there are not enough pairs
[M::mem_pestat] skip orientation RF as there are not enough pairs
[M::mem_pestat] skip orientation RR as there are not enough pairs
[M::mem_process_seqs] Processed 2 reads in 0.000 CPU sec, 0.000 real sec
[M::process] read 2 sequences (502 bp)...
[M::mem_pestat] # candidate unique pairs for (FF, FR, RF, RR): (0, 1, 0, 0)
[M::mem_pestat] skip orientation FF as there are not enough pairs
[M::mem_pestat] skip orientation FR as there are not enough pairs
[M::mem_pestat] skip orientation RF as there are not enough pairs
[M::mem_pestat] skip orientation RR as there are not enough pairs
[M::mem_process_seqs] Processed 2 reads in 0.000 CPU sec, 0.000 real sec
[M::process] read 2 sequences (208 bp)...
[M::mem_pestat] # candidate unique pairs for (FF, FR, RF, RR): (0, 1, 0, 0)
[M::mem_pestat] skip orientation FF as there are not enough pairs
[M::mem_pestat] skip orientation FR as there are not enough pairs
[M::mem_pestat] skip orientation RF as there are not enough pairs
[M::mem_pestat] skip orientation RR as there are not enough pairs
[M::mem_process_seqs] Processed 2 reads in 0.000 CPU sec, 0.000 real sec
[M::process] read 2 sequences (496 bp)...
[M::mem_pestat] # candidate unique pairs for (FF, FR, RF, RR): (0, 1, 0, 0)
[M::mem_pestat] skip orientation FF as there are not enough pairs
[M::mem_pestat] skip orientation FR as there are not enough pairs
[M::mem_pestat] skip orientation RF as there are not enough pairs
[M::mem_pestat] skip orientation RR as there are not enough pairs
[M::mem_process_seqs] Processed 2 reads in 0.000 CPU sec, 0.000 real sec
[M::process] read 2 sequences (464 bp)...
[M::mem_pestat] # candidate unique pairs for (FF, FR, RF, RR): (0, 1, 0, 0)
[M::mem_pestat] skip orientation FF as there are not enough pairs
[M::mem_pestat] skip orientation FR as there are not enough pairs
[M::mem_pestat] skip orientation RF as there are not enough pairs
[M::mem_pestat] skip orientation RR as there are not enough pairs
[M::mem_process_seqs] Processed 2 reads in 0.000 CPU sec, 0.000 real sec
[M::process] read 2 sequences (452 bp)...
[M::mem_pestat] # candidate unique pairs for (FF, FR, RF, RR): (0, 1, 0, 0)
[M::mem_pestat] skip orientation FF as there are not enough pairs
[M::mem_pestat] skip orientation FR as there are not enough pairs
[M::mem_pestat] skip orientation RF as there are not enough pairs
[M::mem_pestat] skip orientation RR as there are not enough pairs
[M::mem_process_seqs] Processed 2 reads in 0.000 CPU sec, 0.000 real sec
[M::process] read 2 sequences (502 bp)...
[M::mem_pestat] # candidate unique pairs for (FF, FR, RF, RR): (0, 1, 0, 0)
[M::mem_pestat] skip orientation FF as there are not enough pairs
[M::mem_pestat] skip orientation FR as there are not enough pairs
[M::mem_pestat] skip orientation RF as there are not enough pairs
[M::mem_pestat] skip orientation RR as there are not enough pairs
[M::mem_process_seqs] Processed 2 reads in 0.000 CPU sec, 0.000 real sec
[M::process] read 2 sequences (398 bp)...
[M::mem_pestat] # candidate unique pairs for (FF, FR, RF, RR): (0, 1, 0, 0)
[M::mem_pestat] skip orientation FF as there are not enough pairs
[M::mem_pestat] skip orientation FR as there are not enough pairs
[M::mem_pestat] skip orientation RF as there are not enough pairs
[M::mem_pestat] skip orientation RR as there are not enough pairs
[M::mem_process_seqs] Processed 2 reads in 0.000 CPU sec, 0.000 real sec
[M::process] read 2 sequences (452 bp)...
[M::mem_pestat] # candidate unique pairs for (FF, FR, RF, RR): (0, 1, 0, 0)
[M::mem_pestat] skip orientation FF as there are not enough pairs
[M::mem_pestat] skip orientation FR as there are not enough pairs
[M::mem_pestat] skip orientation RF as there are not enough pairs
[M::mem_pestat] skip orientation RR as there are not enough pairs
[M::mem_process_seqs] Processed 2 reads in 0.000 CPU sec, 0.000 real sec
[M::process] read 2 sequences (502 bp)...
[M::mem_pestat] # candidate unique pairs for (FF, FR, RF, RR): (0, 1, 0, 0)
[M::mem_pestat] skip orientation FF as there are not enough pairs
[M::mem_pestat] skip orientation FR as there are not enough pairs
[M::mem_pestat] skip orientation RF as there are not enough pairs
[M::mem_pestat] skip orientation RR as there are not enough pairs
[M::mem_process_seqs] Processed 2 reads in 0.000 CPU sec, 0.000 real sec
[M::process] read 2 sequences (497 bp)...
[M::mem_pestat] # candidate unique pairs for (FF, FR, RF, RR): (0, 1, 0, 0)
[M::mem_pestat] skip orientation FF as there are not enough pairs
[M::mem_pestat] skip orientation FR as there are not enough pairs
[M::mem_pestat] skip orientation RF as there are not enough pairs
[M::mem_pestat] skip orientation RR as there are not enough pairs
[M::mem_process_seqs] Processed 2 reads in 0.000 CPU sec, 0.000 real sec
[M::process] read 2 sequences (496 bp)...
[M::mem_pestat] # candidate unique pairs for (FF, FR, RF, RR): (0, 1, 0, 0)
[M::mem_pestat] skip orientation FF as there are not enough pairs
[M::mem_pestat] skip orientation FR as there are not enough pairs
[M::mem_pestat] skip orientation RF as there are not enough pairs
[M::mem_pestat] skip orientation RR as there are not enough pairs
[M::mem_process_seqs] Processed 2 reads in 0.000 CPU sec, 0.000 real sec
[M::process] read 2 sequences (494 bp)...
[M::mem_pestat] # candidate unique pairs for (FF, FR, RF, RR): (0, 1, 0, 0)
[M::mem_pestat] skip orientation FF as there are not enough pairs
[M::mem_pestat] skip orientation FR as there are not enough pairs
[M::mem_pestat] skip orientation RF as there are not enough pairs
[M::mem_pestat] skip orientation RR as there are not enough pairs
[M::mem_process_seqs] Processed 2 reads in 0.000 CPU sec, 0.000 real sec
[M::process] read 2 sequences (499 bp)...
[M::mem_pestat] # candidate unique pairs for (FF, FR, RF, RR): (0, 1, 0, 0)
[M::mem_pestat] skip orientation FF as there are not enough pairs
[M::mem_pestat] skip orientation FR as there are not enough pairs
[M::mem_pestat] skip orientation RF as there are not enough pairs
[M::mem_pestat] skip orientation RR as there are not enough pairs
[M::mem_process_seqs] Processed 2 reads in 0.000 CPU sec, 0.000 real sec
[M::process] read 2 sequences (496 bp)...
[M::mem_pestat] # candidate unique pairs for (FF, FR, RF, RR): (0, 1, 0, 0)
[M::mem_pestat] skip orientation FF as there are not enough pairs
[M::mem_pestat] skip orientation FR as there are not enough pairs
[M::mem_pestat] skip orientation RF as there are not enough pairs
[M::mem_pestat] skip orientation RR as there are not enough pairs
[M::mem_process_seqs] Processed 2 reads in 0.000 CPU sec, 0.000 real sec
[M::process] read 2 sequences (486 bp)...
[M::mem_pestat] # candidate unique pairs for (FF, FR, RF, RR): (0, 1, 0, 0)
[M::mem_pestat] skip orientation FF as there are not enough pairs
[M::mem_pestat] skip orientation FR as there are not enough pairs
[M::mem_pestat] skip orientation RF as there are not enough pairs
[M::mem_pestat] skip orientation RR as there are not enough pairs
[M::mem_process_seqs] Processed 2 reads in 0.000 CPU sec, 0.000 real sec
[M::process] read 2 sequences (502 bp)...
[M::mem_pestat] # candidate unique pairs for (FF, FR, RF, RR): (0, 1, 0, 0)
[M::mem_pestat] skip orientation FF as there are not enough pairs
[M::mem_pestat] skip orientation FR as there are not enough pairs
[M::mem_pestat] skip orientation RF as there are not enough pairs
[M::mem_pestat] skip orientation RR as there are not enough pairs
[M::mem_process_seqs] Processed 2 reads in 0.000 CPU sec, 0.000 real sec
[M::process] read 2 sequences (396 bp)...
[M::mem_pestat] # candidate unique pairs for (FF, FR, RF, RR): (0, 1, 0, 0)
[M::mem_pestat] skip orientation FF as there are not enough pairs
[M::mem_pestat] skip orientation FR as there are not enough pairs
[M::mem_pestat] skip orientation RF as there are not enough pairs
[M::mem_pestat] skip orientation RR as there are not enough pairs
[M::mem_process_seqs] Processed 2 reads in 0.000 CPU sec, 0.000 real sec
[M::process] read 2 sequences (472 bp)...
[M::mem_pestat] # candidate unique pairs for (FF, FR, RF, RR): (0, 1, 0, 0)
[M::mem_pestat] skip orientation FF as there are not enough pairs
[M::mem_pestat] skip orientation FR as there are not enough pairs
[M::mem_pestat] skip orientation RF as there are not enough pairs
[M::mem_pestat] skip orientation RR as there are not enough pairs
[M::mem_process_seqs] Processed 2 reads in 0.000 CPU sec, 0.000 real sec
[M::process] read 2 sequences (489 bp)...
[M::mem_pestat] # candidate unique pairs for (FF, FR, RF, RR): (0, 1, 0, 0)
[M::mem_pestat] skip orientation FF as there are not enough pairs
[M::mem_pestat] skip orientation FR as there are not enough pairs
[M::mem_pestat] skip orientation RF as there are not enough pairs
[M::mem_pestat] skip orientation RR as there are not enough pairs
[M::mem_process_seqs] Processed 2 reads in 0.000 CPU sec, 0.000 real sec
[M::process] read 2 sequences (234 bp)...
[M::mem_pestat] # candidate unique pairs for (FF, FR, RF, RR): (0, 1, 0, 0)
[M::mem_pestat] skip orientation FF as there are not enough pairs
[M::mem_pestat] skip orientation FR as there are not enough pairs
[M::mem_pestat] skip orientation RF as there are not enough pairs
[M::mem_pestat] skip orientation RR as there are not enough pairs
[M::mem_process_seqs] Processed 2 reads in 0.000 CPU sec, 0.000 real sec
[M::process] read 2 sequences (502 bp)...
[M::mem_pestat] # candidate unique pairs for (FF, FR, RF, RR): (0, 1, 0, 0)
[M::mem_pestat] skip orientation FF as there are not enough pairs
[M::mem_pestat] skip orientation FR as there are not enough pairs
[M::mem_pestat] skip orientation RF as there are not enough pairs
[M::mem_pestat] skip orientation RR as there are not enough pairs
[M::mem_process_seqs] Processed 2 reads in 0.000 CPU sec, 0.000 real sec
[M::process] read 2 sequences (470 bp)...
[M::mem_pestat] # candidate unique pairs for (FF, FR, RF, RR): (0, 1, 0, 0)
[M::mem_pestat] skip orientation FF as there are not enough pairs
[M::mem_pestat] skip orientation FR as there are not enough pairs
[M::mem_pestat] skip orientation RF as there are not enough pairs
[M::mem_pestat] skip orientation RR as there are not enough pairs
[M::mem_process_seqs] Processed 2 reads in 0.000 CPU sec, 0.000 real sec
[M::process] read 2 sequences (358 bp)...
[M::mem_pestat] # candidate unique pairs for (FF, FR, RF, RR): (0, 1, 0, 0)
[M::mem_pestat] skip orientation FF as there are not enough pairs
[M::mem_pestat] skip orientation FR as there are not enough pairs
[M::mem_pestat] skip orientation RF as there are not enough pairs
[M::mem_pestat] skip orientation RR as there are not enough pairs
[M::mem_process_seqs] Processed 2 reads in 0.000 CPU sec, 0.000 real sec
[M::process] read 2 sequences (489 bp)...
[M::mem_pestat] # candidate unique pairs for (FF, FR, RF, RR): (0, 1, 0, 0)
[M::mem_pestat] skip orientation FF as there are not enough pairs
[M::mem_pestat] skip orientation FR as there are not enough pairs
[M::mem_pestat] skip orientation RF as there are not enough pairs
[M::mem_pestat] skip orientation RR as there are not enough pairs
[M::mem_process_seqs] Processed 2 reads in 0.000 CPU sec, 0.000 real sec
[M::process] read 2 sequences (494 bp)...
[M::mem_pestat] # candidate unique pairs for (FF, FR, RF, RR): (0, 1, 0, 0)
[M::mem_pestat] skip orientation FF as there are not enough pairs
[M::mem_pestat] skip orientation FR as there are not enough pairs
[M::mem_pestat] skip orientation RF as there are not enough pairs
[M::mem_pestat] skip orientation RR as there are not enough pairs
[M::mem_process_seqs] Processed 2 reads in 0.000 CPU sec, 0.000 real sec
[M::process] read 2 sequences (502 bp)...
[M::mem_pestat] # candidate unique pairs for (FF, FR, RF, RR): (0, 1, 0, 0)
[M::mem_pestat] skip orientation FF as there are not enough pairs
[M::mem_pestat] skip orientation FR as there are not enough pairs
[M::mem_pestat] skip orientation RF as there are not enough pairs
[M::mem_pestat] skip orientation RR as there are not enough pairs
[M::mem_process_seqs] Processed 2 reads in 0.000 CPU sec, 0.000 real sec
[M::process] read 2 sequences (493 bp)...
[M::mem_pestat] # candidate unique pairs for (FF, FR, RF, RR): (0, 1, 0, 0)
[M::mem_pestat] skip orientation FF as there are not enough pairs
[M::mem_pestat] skip orientation FR as there are not enough pairs
[M::mem_pestat] skip orientation RF as there are not enough pairs
[M::mem_pestat] skip orientation RR as there are not enough pairs
[M::mem_process_seqs] Processed 2 reads in 0.000 CPU sec, 0.000 real sec
[M::process] read 2 sequences (472 bp)...
[M::mem_pestat] # candidate unique pairs for (FF, FR, RF, RR): (0, 1, 0, 0)
[M::mem_pestat] skip orientation FF as there are not enough pairs
[M::mem_pestat] skip orientation FR as there are not enough pairs
[M::mem_pestat] skip orientation RF as there are not enough pairs
[M::mem_pestat] skip orientation RR as there are not enough pairs
[M::mem_process_seqs] Processed 2 reads in 0.000 CPU sec, 0.000 real sec
[M::process] read 2 sequences (494 bp)...
[M::mem_pestat] # candidate unique pairs for (FF, FR, RF, RR): (0, 1, 0, 0)
[M::mem_pestat] skip orientation FF as there are not enough pairs
[M::mem_pestat] skip orientation FR as there are not enough pairs
[M::mem_pestat] skip orientation RF as there are not enough pairs
[M::mem_pestat] skip orientation RR as there are not enough pairs
[M::mem_process_seqs] Processed 2 reads in 0.000 CPU sec, 0.000 real sec
[M::process] read 2 sequences (492 bp)...
[M::mem_pestat] # candidate unique pairs for (FF, FR, RF, RR): (0, 1, 0, 0)
[M::mem_pestat] skip orientation FF as there are not enough pairs
[M::mem_pestat] skip orientation FR as there are not enough pairs
[M::mem_pestat] skip orientation RF as there are not enough pairs
[M::mem_pestat] skip orientation RR as there are not enough pairs
[M::mem_process_seqs] Processed 2 reads in 0.000 CPU sec, 0.000 real sec
[M::process] read 2 sequences (298 bp)...
[M::mem_pestat] # candidate unique pairs for (FF, FR, RF, RR): (0, 1, 0, 0)
[M::mem_pestat] skip orientation FF as there are not enough pairs
[M::mem_pestat] skip orientation FR as there are not enough pairs
[M::mem_pestat] skip orientation RF as there are not enough pairs
[M::mem_pestat] skip orientation RR as there are not enough pairs
[M::mem_process_seqs] Processed 2 reads in 0.000 CPU sec, 0.000 real sec
[M::process] read 2 sequences (427 bp)...
[M::mem_pestat] # candidate unique pairs for (FF, FR, RF, RR): (0, 1, 0, 0)
[M::mem_pestat] skip orientation FF as there are not enough pairs
[M::mem_pestat] skip orientation FR as there are not enough pairs
[M::mem_pestat] skip orientation RF as there are not enough pairs
[M::mem_pestat] skip orientation RR as there are not enough pairs
[M::mem_process_seqs] Processed 2 reads in 0.000 CPU sec, 0.000 real sec
[M::process] read 2 sequences (354 bp)...
[M::mem_pestat] # candidate unique pairs for (FF, FR, RF, RR): (0, 1, 0, 0)
[M::mem_pestat] skip orientation FF as there are not enough pairs
[M::mem_pestat] skip orientation FR as there are not enough pairs
[M::mem_pestat] skip orientation RF as there are not enough pairs
[M::mem_pestat] skip orientation RR as there are not enough pairs
[M::mem_process_seqs] Processed 2 reads in 0.000 CPU sec, 0.000 real sec
[M::process] read 2 sequences (380 bp)...
[M::mem_pestat] # candidate unique pairs for (FF, FR, RF, RR): (0, 1, 0, 0)
[M::mem_pestat] skip orientation FF as there are not enough pairs
[M::mem_pestat] skip orientation FR as there are not enough pairs
[M::mem_pestat] skip orientation RF as there are not enough pairs
[M::mem_pestat] skip orientation RR as there are not enough pairs
[M::mem_process_seqs] Processed 2 reads in 0.000 CPU sec, 0.000 real sec
[M::process] read 2 sequences (334 bp)...
[M::mem_pestat] # candidate unique pairs for (FF, FR, RF, RR): (0, 1, 0, 0)
[M::mem_pestat] skip orientation FF as there are not enough pairs
[M::mem_pestat] skip orientation FR as there are not enough pairs
[M::mem_pestat] skip orientation RF as there are not enough pairs
[M::mem_pestat] skip orientation RR as there are not enough pairs
[M::mem_process_seqs] Processed 2 reads in 0.000 CPU sec, 0.000 real sec
[M::process] read 2 sequences (428 bp)...
[M::mem_pestat] # candidate unique pairs for (FF, FR, RF, RR): (0, 1, 0, 0)
[M::mem_pestat] skip orientation FF as there are not enough pairs
[M::mem_pestat] skip orientation FR as there are not enough pairs
[M::mem_pestat] skip orientation RF as there are not enough pairs
[M::mem_pestat] skip orientation RR as there are not enough pairs
[M::mem_process_seqs] Processed 2 reads in 0.000 CPU sec, 0.000 real sec
[M::process] read 2 sequences (490 bp)...
[M::mem_pestat] # candidate unique pairs for (FF, FR, RF, RR): (0, 1, 0, 0)
[M::mem_pestat] skip orientation FF as there are not enough pairs
[M::mem_pestat] skip orientation FR as there are not enough pairs
[M::mem_pestat] skip orientation RF as there are not enough pairs
[M::mem_pestat] skip orientation RR as there are not enough pairs
[M::mem_process_seqs] Processed 2 reads in 0.000 CPU sec, 0.000 real sec
[M::process] read 2 sequences (314 bp)...
[M::mem_pestat] # candidate unique pairs for (FF, FR, RF, RR): (0, 1, 0, 0)
[M::mem_pestat] skip orientation FF as there are not enough pairs
[M::mem_pestat] skip orientation FR as there are not enough pairs
[M::mem_pestat] skip orientation RF as there are not enough pairs
[M::mem_pestat] skip orientation RR as there are not enough pairs
[M::mem_process_seqs] Processed 2 reads in 0.000 CPU sec, 0.000 real sec
[M::process] read 2 sequences (497 bp)...
[M::mem_pestat] # candidate unique pairs for (FF, FR, RF, RR): (0, 1, 0, 0)
[M::mem_pestat] skip orientation FF as there are not enough pairs
[M::mem_pestat] skip orientation FR as there are not enough pairs
[M::mem_pestat] skip orientation RF as there are not enough pairs
[M::mem_pestat] skip orientation RR as there are not enough pairs
[M::mem_process_seqs] Processed 2 reads in 0.000 CPU sec, 0.000 real sec
[M::process] read 2 sequences (498 bp)...
[M::mem_pestat] # candidate unique pairs for (FF, FR, RF, RR): (0, 1, 0, 0)
[M::mem_pestat] skip orientation FF as there are not enough pairs
[M::mem_pestat] skip orientation FR as there are not enough pairs
[M::mem_pestat] skip orientation RF as there are not enough pairs
[M::mem_pestat] skip orientation RR as there are not enough pairs
[M::mem_process_seqs] Processed 2 reads in 0.000 CPU sec, 0.000 real sec
[M::process] read 2 sequences (498 bp)...
[M::mem_pestat] # candidate unique pairs for (FF, FR, RF, RR): (0, 1, 0, 0)
[M::mem_pestat] skip orientation FF as there are not enough pairs
[M::mem_pestat] skip orientation FR as there are not enough pairs
[M::mem_pestat] skip orientation RF as there are not enough pairs
[M::mem_pestat] skip orientation RR as there are not enough pairs
[M::mem_process_seqs] Processed 2 reads in 0.000 CPU sec, 0.000 real sec
[M::process] read 2 sequences (502 bp)...
[M::mem_pestat] # candidate unique pairs for (FF, FR, RF, RR): (0, 1, 0, 0)
[M::mem_pestat] skip orientation FF as there are not enough pairs
[M::mem_pestat] skip orientation FR as there are not enough pairs
[M::mem_pestat] skip orientation RF as there are not enough pairs
[M::mem_pestat] skip orientation RR as there are not enough pairs
[M::mem_process_seqs] Processed 2 reads in 0.000 CPU sec, 0.000 real sec
[M::process] read 2 sequences (434 bp)...
[M::mem_pestat] # candidate unique pairs for (FF, FR, RF, RR): (0, 1, 0, 0)
[M::mem_pestat] skip orientation FF as there are not enough pairs
[M::mem_pestat] skip orientation FR as there are not enough pairs
[M::mem_pestat] skip orientation RF as there are not enough pairs
[M::mem_pestat] skip orientation RR as there are not enough pairs
[M::mem_process_seqs] Processed 2 reads in 0.000 CPU sec, 0.000 real sec
[M::process] read 2 sequences (260 bp)...
[M::mem_pestat] # candidate unique pairs for (FF, FR, RF, RR): (0, 1, 0, 0)
[M::mem_pestat] skip orientation FF as there are not enough pairs
[M::mem_pestat] skip orientation FR as there are not enough pairs
[M::mem_pestat] skip orientation RF as there are not enough pairs
[M::mem_pestat] skip orientation RR as there are not enough pairs
[M::mem_process_seqs] Processed 2 reads in 0.000 CPU sec, 0.000 real sec
[M::process] read 2 sequences (390 bp)...
[M::mem_pestat] # candidate unique pairs for (FF, FR, RF, RR): (0, 1, 0, 0)
[M::mem_pestat] skip orientation FF as there are not enough pairs
[M::mem_pestat] skip orientation FR as there are not enough pairs
[M::mem_pestat] skip orientation RF as there are not enough pairs
[M::mem_pestat] skip orientation RR as there are not enough pairs
[M::mem_process_seqs] Processed 2 reads in 0.000 CPU sec, 0.000 real sec
[M::process] read 2 sequences (502 bp)...
[M::mem_pestat] # candidate unique pairs for (FF, FR, RF, RR): (0, 1, 0, 0)
[M::mem_pestat] skip orientation FF as there are not enough pairs
[M::mem_pestat] skip orientation FR as there are not enough pairs
[M::mem_pestat] skip orientation RF as there are not enough pairs
[M::mem_pestat] skip orientation RR as there are not enough pairs
[M::mem_process_seqs] Processed 2 reads in 0.000 CPU sec, 0.000 real sec
[M::process] read 2 sequences (432 bp)...
[M::mem_pestat] # candidate unique pairs for (FF, FR, RF, RR): (0, 1, 0, 0)
[M::mem_pestat] skip orientation FF as there are not enough pairs
[M::mem_pestat] skip orientation FR as there are not enough pairs
[M::mem_pestat] skip orientation RF as there are not enough pairs
[M::mem_pestat] skip orientation RR as there are not enough pairs
[M::mem_process_seqs] Processed 2 reads in 0.000 CPU sec, 0.000 real sec
[M::process] read 2 sequences (500 bp)...
[M::mem_pestat] # candidate unique pairs for (FF, FR, RF, RR): (0, 1, 0, 0)
[M::mem_pestat] skip orientation FF as there are not enough pairs
[M::mem_pestat] skip orientation FR as there are not enough pairs
[M::mem_pestat] skip orientation RF as there are not enough pairs
[M::mem_pestat] skip orientation RR as there are not enough pairs
[M::mem_process_seqs] Processed 2 reads in 0.000 CPU sec, 0.000 real sec
[M::process] read 2 sequences (328 bp)...
[M::mem_pestat] # candidate unique pairs for (FF, FR, RF, RR): (0, 1, 0, 0)
[M::mem_pestat] skip orientation FF as there are not enough pairs
[M::mem_pestat] skip orientation FR as there are not enough pairs
[M::mem_pestat] skip orientation RF as there are not enough pairs
[M::mem_pestat] skip orientation RR as there are not enough pairs
[M::mem_process_seqs] Processed 2 reads in 0.000 CPU sec, 0.000 real sec
[M::process] read 2 sequences (497 bp)...
[M::mem_pestat] # candidate unique pairs for (FF, FR, RF, RR): (0, 1, 0, 0)
[M::mem_pestat] skip orientation FF as there are not enough pairs
[M::mem_pestat] skip orientation FR as there are not enough pairs
[M::mem_pestat] skip orientation RF as there are not enough pairs
[M::mem_pestat] skip orientation RR as there are not enough pairs
[M::mem_process_seqs] Processed 2 reads in 0.000 CPU sec, 0.000 real sec
[M::process] read 2 sequences (497 bp)...
[M::mem_pestat] # candidate unique pairs for (FF, FR, RF, RR): (0, 1, 0, 0)
[M::mem_pestat] skip orientation FF as there are not enough pairs
[M::mem_pestat] skip orientation FR as there are not enough pairs
[M::mem_pestat] skip orientation RF as there are not enough pairs
[M::mem_pestat] skip orientation RR as there are not enough pairs
[M::mem_process_seqs] Processed 2 reads in 0.000 CPU sec, 0.000 real sec
[M::process] read 2 sequences (498 bp)...
[M::mem_pestat] # candidate unique pairs for (FF, FR, RF, RR): (0, 1, 0, 0)
[M::mem_pestat] skip orientation FF as there are not enough pairs
[M::mem_pestat] skip orientation FR as there are not enough pairs
[M::mem_pestat] skip orientation RF as there are not enough pairs
[M::mem_pestat] skip orientation RR as there are not enough pairs
[M::mem_process_seqs] Processed 2 reads in 0.000 CPU sec, 0.000 real sec
[M::process] read 2 sequences (501 bp)...
[M::mem_pestat] # candidate unique pairs for (FF, FR, RF, RR): (0, 1, 0, 0)
[M::mem_pestat] skip orientation FF as there are not enough pairs
[M::mem_pestat] skip orientation FR as there are not enough pairs
[M::mem_pestat] skip orientation RF as there are not enough pairs
[M::mem_pestat] skip orientation RR as there are not enough pairs
[M::mem_process_seqs] Processed 2 reads in 0.000 CPU sec, 0.000 real sec
[M::process] read 2 sequences (486 bp)...
[M::mem_pestat] # candidate unique pairs for (FF, FR, RF, RR): (0, 1, 0, 0)
[M::mem_pestat] skip orientation FF as there are not enough pairs
[M::mem_pestat] skip orientation FR as there are not enough pairs
[M::mem_pestat] skip orientation RF as there are not enough pairs
[M::mem_pestat] skip orientation RR as there are not enough pairs
[M::mem_process_seqs] Processed 2 reads in 0.000 CPU sec, 0.000 real sec
[M::process] read 2 sequences (502 bp)...
[M::mem_pestat] # candidate unique pairs for (FF, FR, RF, RR): (0, 1, 0, 0)
[M::mem_pestat] skip orientation FF as there are not enough pairs
[M::mem_pestat] skip orientation FR as there are not enough pairs
[M::mem_pestat] skip orientation RF as there are not enough pairs
[M::mem_pestat] skip orientation RR as there are not enough pairs
[M::mem_process_seqs] Processed 2 reads in 0.000 CPU sec, 0.000 real sec
[M::process] read 2 sequences (499 bp)...
[M::mem_pestat] # candidate unique pairs for (FF, FR, RF, RR): (0, 1, 0, 0)
[M::mem_pestat] skip orientation FF as there are not enough pairs
[M::mem_pestat] skip orientation FR as there are not enough pairs
[M::mem_pestat] skip orientation RF as there are not enough pairs
[M::mem_pestat] skip orientation RR as there are not enough pairs
[M::mem_process_seqs] Processed 2 reads in 0.000 CPU sec, 0.000 real sec
[M::process] read 2 sequences (490 bp)...
[M::mem_pestat] # candidate unique pairs for (FF, FR, RF, RR): (0, 1, 0, 0)
[M::mem_pestat] skip orientation FF as there are not enough pairs
[M::mem_pestat] skip orientation FR as there are not enough pairs
[M::mem_pestat] skip orientation RF as there are not enough pairs
[M::mem_pestat] skip orientation RR as there are not enough pairs
[M::mem_process_seqs] Processed 2 reads in 0.000 CPU sec, 0.000 real sec
[M::process] read 2 sequences (370 bp)...
[M::mem_pestat] # candidate unique pairs for (FF, FR, RF, RR): (0, 1, 0, 0)
[M::mem_pestat] skip orientation FF as there are not enough pairs
[M::mem_pestat] skip orientation FR as there are not enough pairs
[M::mem_pestat] skip orientation RF as there are not enough pairs
[M::mem_pestat] skip orientation RR as there are not enough pairs
[M::mem_process_seqs] Processed 2 reads in 0.000 CPU sec, 0.000 real sec
[M::process] read 2 sequences (408 bp)...
[M::mem_pestat] # candidate unique pairs for (FF, FR, RF, RR): (0, 1, 0, 0)
[M::mem_pestat] skip orientation FF as there are not enough pairs
[M::mem_pestat] skip orientation FR as there are not enough pairs
[M::mem_pestat] skip orientation RF as there are not enough pairs
[M::mem_pestat] skip orientation RR as there are not enough pairs
[M::mem_process_seqs] Processed 2 reads in 0.000 CPU sec, 0.000 real sec
[M::process] read 2 sequences (502 bp)...
[M::mem_pestat] # candidate unique pairs for (FF, FR, RF, RR): (0, 1, 0, 0)
[M::mem_pestat] skip orientation FF as there are not enough pairs
[M::mem_pestat] skip orientation FR as there are not enough pairs
[M::mem_pestat] skip orientation RF as there are not enough pairs
[M::mem_pestat] skip orientation RR as there are not enough pairs
[M::mem_process_seqs] Processed 2 reads in 0.000 CPU sec, 0.000 real sec
[M::process] read 2 sequences (501 bp)...
[M::mem_pestat] # candidate unique pairs for (FF, FR, RF, RR): (0, 1, 0, 0)
[M::mem_pestat] skip orientation FF as there are not enough pairs
[M::mem_pestat] skip orientation FR as there are not enough pairs
[M::mem_pestat] skip orientation RF as there are not enough pairs
[M::mem_pestat] skip orientation RR as there are not enough pairs
[M::mem_process_seqs] Processed 2 reads in 0.000 CPU sec, 0.000 real sec
[M::process] read 2 sequences (336 bp)...
[M::mem_pestat] # candidate unique pairs for (FF, FR, RF, RR): (0, 1, 0, 0)
[M::mem_pestat] skip orientation FF as there are not enough pairs
[M::mem_pestat] skip orientation FR as there are not enough pairs
[M::mem_pestat] skip orientation RF as there are not enough pairs
[M::mem_pestat] skip orientation RR as there are not enough pairs
[M::mem_process_seqs] Processed 2 reads in 0.000 CPU sec, 0.000 real sec
[M::process] read 2 sequences (464 bp)...
[M::mem_pestat] # candidate unique pairs for (FF, FR, RF, RR): (0, 1, 0, 0)
[M::mem_pestat] skip orientation FF as there are not enough pairs
[M::mem_pestat] skip orientation FR as there are not enough pairs
[M::mem_pestat] skip orientation RF as there are not enough pairs
[M::mem_pestat] skip orientation RR as there are not enough pairs
[M::mem_process_seqs] Processed 2 reads in 0.000 CPU sec, 0.000 real sec
[M::process] read 2 sequences (434 bp)...
[M::mem_pestat] # candidate unique pairs for (FF, FR, RF, RR): (0, 1, 0, 0)
[M::mem_pestat] skip orientation FF as there are not enough pairs
[M::mem_pestat] skip orientation FR as there are not enough pairs
[M::mem_pestat] skip orientation RF as there are not enough pairs
[M::mem_pestat] skip orientation RR as there are not enough pairs
[M::mem_process_seqs] Processed 2 reads in 0.000 CPU sec, 0.000 real sec
[M::process] read 2 sequences (416 bp)...
[M::mem_pestat] # candidate unique pairs for (FF, FR, RF, RR): (0, 1, 0, 0)
[M::mem_pestat] skip orientation FF as there are not enough pairs
[M::mem_pestat] skip orientation FR as there are not enough pairs
[M::mem_pestat] skip orientation RF as there are not enough pairs
[M::mem_pestat] skip orientation RR as there are not enough pairs
[M::mem_process_seqs] Processed 2 reads in 0.000 CPU sec, 0.000 real sec
[M::process] read 2 sequences (502 bp)...
[M::mem_pestat] # candidate unique pairs for (FF, FR, RF, RR): (0, 1, 0, 0)
[M::mem_pestat] skip orientation FF as there are not enough pairs
[M::mem_pestat] skip orientation FR as there are not enough pairs
[M::mem_pestat] skip orientation RF as there are not enough pairs
[M::mem_pestat] skip orientation RR as there are not enough pairs
[M::mem_process_seqs] Processed 2 reads in 0.000 CPU sec, 0.000 real sec
[M::process] read 2 sequences (442 bp)...
[M::mem_pestat] # candidate unique pairs for (FF, FR, RF, RR): (0, 1, 0, 0)
[M::mem_pestat] skip orientation FF as there are not enough pairs
[M::mem_pestat] skip orientation FR as there are not enough pairs
[M::mem_pestat] skip orientation RF as there are not enough pairs
[M::mem_pestat] skip orientation RR as there are not enough pairs
[M::mem_process_seqs] Processed 2 reads in 0.000 CPU sec, 0.000 real sec
[M::process] read 2 sequences (502 bp)...
[M::mem_pestat] # candidate unique pairs for (FF, FR, RF, RR): (0, 1, 0, 0)
[M::mem_pestat] skip orientation FF as there are not enough pairs
[M::mem_pestat] skip orientation FR as there are not enough pairs
[M::mem_pestat] skip orientation RF as there are not enough pairs
[M::mem_pestat] skip orientation RR as there are not enough pairs
[M::mem_process_seqs] Processed 2 reads in 0.000 CPU sec, 0.000 real sec
[M::process] read 2 sequences (492 bp)...
[M::mem_pestat] # candidate unique pairs for (FF, FR, RF, RR): (0, 1, 0, 0)
[M::mem_pestat] skip orientation FF as there are not enough pairs
[M::mem_pestat] skip orientation FR as there are not enough pairs
[M::mem_pestat] skip orientation RF as there are not enough pairs
[M::mem_pestat] skip orientation RR as there are not enough pairs
[M::mem_process_seqs] Processed 2 reads in 0.000 CPU sec, 0.000 real sec
[M::process] read 2 sequences (420 bp)...
[M::mem_pestat] # candidate unique pairs for (FF, FR, RF, RR): (0, 1, 0, 0)
[M::mem_pestat] skip orientation FF as there are not enough pairs
[M::mem_pestat] skip orientation FR as there are not enough pairs
[M::mem_pestat] skip orientation RF as there are not enough pairs
[M::mem_pestat] skip orientation RR as there are not enough pairs
[M::mem_process_seqs] Processed 2 reads in 0.000 CPU sec, 0.000 real sec
[M::process] read 2 sequences (482 bp)...
[M::mem_pestat] # candidate unique pairs for (FF, FR, RF, RR): (0, 1, 0, 0)
[M::mem_pestat] skip orientation FF as there are not enough pairs
[M::mem_pestat] skip orientation FR as there are not enough pairs
[M::mem_pestat] skip orientation RF as there are not enough pairs
[M::mem_pestat] skip orientation RR as there are not enough pairs
[M::mem_process_seqs] Processed 2 reads in 0.000 CPU sec, 0.000 real sec
[M::process] read 2 sequences (444 bp)...
[M::mem_pestat] # candidate unique pairs for (FF, FR, RF, RR): (0, 1, 0, 0)
[M::mem_pestat] skip orientation FF as there are not enough pairs
[M::mem_pestat] skip orientation FR as there are not enough pairs
[M::mem_pestat] skip orientation RF as there are not enough pairs
[M::mem_pestat] skip orientation RR as there are not enough pairs
[M::mem_process_seqs] Processed 2 reads in 0.000 CPU sec, 0.000 real sec
[M::process] read 2 sequences (348 bp)...
[M::mem_pestat] # candidate unique pairs for (FF, FR, RF, RR): (0, 1, 0, 0)
[M::mem_pestat] skip orientation FF as there are not enough pairs
[M::mem_pestat] skip orientation FR as there are not enough pairs
[M::mem_pestat] skip orientation RF as there are not enough pairs
[M::mem_pestat] skip orientation RR as there are not enough pairs
[M::mem_process_seqs] Processed 2 reads in 0.000 CPU sec, 0.000 real sec
[M::process] read 2 sequences (498 bp)...
[M::mem_pestat] # candidate unique pairs for (FF, FR, RF, RR): (0, 1, 0, 0)
[M::mem_pestat] skip orientation FF as there are not enough pairs
[M::mem_pestat] skip orientation FR as there are not enough pairs
[M::mem_pestat] skip orientation RF as there are not enough pairs
[M::mem_pestat] skip orientation RR as there are not enough pairs
[M::mem_process_seqs] Processed 2 reads in 0.000 CPU sec, 0.000 real sec
[M::process] read 2 sequences (400 bp)...
[M::mem_pestat] # candidate unique pairs for (FF, FR, RF, RR): (0, 1, 0, 0)
[M::mem_pestat] skip orientation FF as there are not enough pairs
[M::mem_pestat] skip orientation FR as there are not enough pairs
[M::mem_pestat] skip orientation RF as there are not enough pairs
[M::mem_pestat] skip orientation RR as there are not enough pairs
[M::mem_process_seqs] Processed 2 reads in 0.000 CPU sec, 0.000 real sec
[M::process] read 2 sequences (496 bp)...
[M::mem_pestat] # candidate unique pairs for (FF, FR, RF, RR): (0, 1, 0, 0)
[M::mem_pestat] skip orientation FF as there are not enough pairs
[M::mem_pestat] skip orientation FR as there are not enough pairs
[M::mem_pestat] skip orientation RF as there are not enough pairs
[M::mem_pestat] skip orientation RR as there are not enough pairs
[M::mem_process_seqs] Processed 2 reads in 0.000 CPU sec, 0.000 real sec
[M::process] read 2 sequences (368 bp)...
[M::mem_pestat] # candidate unique pairs for (FF, FR, RF, RR): (0, 1, 0, 0)
[M::mem_pestat] skip orientation FF as there are not enough pairs
[M::mem_pestat] skip orientation FR as there are not enough pairs
[M::mem_pestat] skip orientation RF as there are not enough pairs
[M::mem_pestat] skip orientation RR as there are not enough pairs
[M::mem_process_seqs] Processed 2 reads in 0.000 CPU sec, 0.000 real sec
[M::process] read 2 sequences (502 bp)...
[M::mem_pestat] # candidate unique pairs for (FF, FR, RF, RR): (0, 1, 0, 0)
[M::mem_pestat] skip orientation FF as there are not enough pairs
[M::mem_pestat] skip orientation FR as there are not enough pairs
[M::mem_pestat] skip orientation RF as there are not enough pairs
[M::mem_pestat] skip orientation RR as there are not enough pairs
[M::mem_process_seqs] Processed 2 reads in 0.000 CPU sec, 0.000 real sec
[M::process] read 2 sequences (492 bp)...
[M::mem_pestat] # candidate unique pairs for (FF, FR, RF, RR): (0, 1, 0, 0)
[M::mem_pestat] skip orientation FF as there are not enough pairs
[M::mem_pestat] skip orientation FR as there are not enough pairs
[M::mem_pestat] skip orientation RF as there are not enough pairs
[M::mem_pestat] skip orientation RR as there are not enough pairs
[M::mem_process_seqs] Processed 2 reads in 0.000 CPU sec, 0.000 real sec
[M::process] read 2 sequences (304 bp)...
[M::mem_pestat] # candidate unique pairs for (FF, FR, RF, RR): (0, 1, 0, 0)
[M::mem_pestat] skip orientation FF as there are not enough pairs
[M::mem_pestat] skip orientation FR as there are not enough pairs
[M::mem_pestat] skip orientation RF as there are not enough pairs
[M::mem_pestat] skip orientation RR as there are not enough pairs
[M::mem_process_seqs] Processed 2 reads in 0.000 CPU sec, 0.000 real sec
[M::process] read 2 sequences (406 bp)...
[M::mem_pestat] # candidate unique pairs for (FF, FR, RF, RR): (0, 1, 0, 0)
[M::mem_pestat] skip orientation FF as there are not enough pairs
[M::mem_pestat] skip orientation FR as there are not enough pairs
[M::mem_pestat] skip orientation RF as there are not enough pairs
[M::mem_pestat] skip orientation RR as there are not enough pairs
[M::mem_process_seqs] Processed 2 reads in 0.000 CPU sec, 0.000 real sec
[M::process] read 2 sequences (442 bp)...
[M::mem_pestat] # candidate unique pairs for (FF, FR, RF, RR): (0, 1, 0, 0)
[M::mem_pestat] skip orientation FF as there are not enough pairs
[M::mem_pestat] skip orientation FR as there are not enough pairs
[M::mem_pestat] skip orientation RF as there are not enough pairs
[M::mem_pestat] skip orientation RR as there are not enough pairs
[M::mem_process_seqs] Processed 2 reads in 0.000 CPU sec, 0.000 real sec
[M::process] read 2 sequences (489 bp)...
[M::mem_pestat] # candidate unique pairs for (FF, FR, RF, RR): (0, 1, 0, 0)
[M::mem_pestat] skip orientation FF as there are not enough pairs
[M::mem_pestat] skip orientation FR as there are not enough pairs
[M::mem_pestat] skip orientation RF as there are not enough pairs
[M::mem_pestat] skip orientation RR as there are not enough pairs
[M::mem_process_seqs] Processed 2 reads in 0.000 CPU sec, 0.000 real sec
[M::process] read 2 sequences (318 bp)...
[M::mem_pestat] # candidate unique pairs for (FF, FR, RF, RR): (0, 1, 0, 0)
[M::mem_pestat] skip orientation FF as there are not enough pairs
[M::mem_pestat] skip orientation FR as there are not enough pairs
[M::mem_pestat] skip orientation RF as there are not enough pairs
[M::mem_pestat] skip orientation RR as there are not enough pairs
[M::mem_process_seqs] Processed 2 reads in 0.000 CPU sec, 0.000 real sec
[M::process] read 2 sequences (392 bp)...
[M::mem_pestat] # candidate unique pairs for (FF, FR, RF, RR): (0, 1, 0, 0)
[M::mem_pestat] skip orientation FF as there are not enough pairs
[M::mem_pestat] skip orientation FR as there are not enough pairs
[M::mem_pestat] skip orientation RF as there are not enough pairs
[M::mem_pestat] skip orientation RR as there are not enough pairs
[M::mem_process_seqs] Processed 2 reads in 0.000 CPU sec, 0.000 real sec
[M::process] read 2 sequences (432 bp)...
[M::mem_pestat] # candidate unique pairs for (FF, FR, RF, RR): (0, 1, 0, 0)
[M::mem_pestat] skip orientation FF as there are not enough pairs
[M::mem_pestat] skip orientation FR as there are not enough pairs
[M::mem_pestat] skip orientation RF as there are not enough pairs
[M::mem_pestat] skip orientation RR as there are not enough pairs
[M::mem_process_seqs] Processed 2 reads in 0.000 CPU sec, 0.000 real sec
[M::process] read 2 sequences (220 bp)...
[M::mem_pestat] # candidate unique pairs for (FF, FR, RF, RR): (0, 1, 0, 0)
[M::mem_pestat] skip orientation FF as there are not enough pairs
[M::mem_pestat] skip orientation FR as there are not enough pairs
[M::mem_pestat] skip orientation RF as there are not enough pairs
[M::mem_pestat] skip orientation RR as there are not enough pairs
[M::mem_process_seqs] Processed 2 reads in 0.000 CPU sec, 0.000 real sec
[M::process] read 2 sequences (392 bp)...
[M::mem_pestat] # candidate unique pairs for (FF, FR, RF, RR): (0, 1, 0, 0)
[M::mem_pestat] skip orientation FF as there are not enough pairs
[M::mem_pestat] skip orientation FR as there are not enough pairs
[M::mem_pestat] skip orientation RF as there are not enough pairs
[M::mem_pestat] skip orientation RR as there are not enough pairs
[M::mem_process_seqs] Processed 2 reads in 0.000 CPU sec, 0.000 real sec
[M::process] read 2 sequences (501 bp)...
[M::mem_pestat] # candidate unique pairs for (FF, FR, RF, RR): (0, 1, 0, 0)
[M::mem_pestat] skip orientation FF as there are not enough pairs
[M::mem_pestat] skip orientation FR as there are not enough pairs
[M::mem_pestat] skip orientation RF as there are not enough pairs
[M::mem_pestat] skip orientation RR as there are not enough pairs
[M::mem_process_seqs] Processed 2 reads in 0.000 CPU sec, 0.000 real sec
[M::process] read 2 sequences (360 bp)...
[M::mem_pestat] # candidate unique pairs for (FF, FR, RF, RR): (0, 1, 0, 0)
[M::mem_pestat] skip orientation FF as there are not enough pairs
[M::mem_pestat] skip orientation FR as there are not enough pairs
[M::mem_pestat] skip orientation RF as there are not enough pairs
[M::mem_pestat] skip orientation RR as there are not enough pairs
[M::mem_process_seqs] Processed 2 reads in 0.000 CPU sec, 0.000 real sec
[M::process] read 2 sequences (502 bp)...
[M::mem_pestat] # candidate unique pairs for (FF, FR, RF, RR): (0, 1, 0, 0)
[M::mem_pestat] skip orientation FF as there are not enough pairs
[M::mem_pestat] skip orientation FR as there are not enough pairs
[M::mem_pestat] skip orientation RF as there are not enough pairs
[M::mem_pestat] skip orientation RR as there are not enough pairs
[M::mem_process_seqs] Processed 2 reads in 0.000 CPU sec, 0.000 real sec
[M::process] read 2 sequences (404 bp)...
[M::mem_pestat] # candidate unique pairs for (FF, FR, RF, RR): (0, 1, 0, 0)
[M::mem_pestat] skip orientation FF as there are not enough pairs
[M::mem_pestat] skip orientation FR as there are not enough pairs
[M::mem_pestat] skip orientation RF as there are not enough pairs
[M::mem_pestat] skip orientation RR as there are not enough pairs
[M::mem_process_seqs] Processed 2 reads in 0.000 CPU sec, 0.000 real sec
[M::process] read 2 sequences (502 bp)...
[M::mem_pestat] # candidate unique pairs for (FF, FR, RF, RR): (0, 1, 0, 0)
[M::mem_pestat] skip orientation FF as there are not enough pairs
[M::mem_pestat] skip orientation FR as there are not enough pairs
[M::mem_pestat] skip orientation RF as there are not enough pairs
[M::mem_pestat] skip orientation RR as there are not enough pairs
[M::mem_process_seqs] Processed 2 reads in 0.000 CPU sec, 0.000 real sec
[M::process] read 2 sequences (390 bp)...
[M::mem_pestat] # candidate unique pairs for (FF, FR, RF, RR): (0, 1, 0, 0)
[M::mem_pestat] skip orientation FF as there are not enough pairs
[M::mem_pestat] skip orientation FR as there are not enough pairs
[M::mem_pestat] skip orientation RF as there are not enough pairs
[M::mem_pestat] skip orientation RR as there are not enough pairs
[M::mem_process_seqs] Processed 2 reads in 0.000 CPU sec, 0.000 real sec
[M::process] read 2 sequences (426 bp)...
[M::mem_pestat] # candidate unique pairs for (FF, FR, RF, RR): (0, 1, 0, 0)
[M::mem_pestat] skip orientation FF as there are not enough pairs
[M::mem_pestat] skip orientation FR as there are not enough pairs
[M::mem_pestat] skip orientation RF as there are not enough pairs
[M::mem_pestat] skip orientation RR as there are not enough pairs
[M::mem_process_seqs] Processed 2 reads in 0.000 CPU sec, 0.000 real sec
[M::process] read 2 sequences (404 bp)...
[M::mem_pestat] # candidate unique pairs for (FF, FR, RF, RR): (0, 1, 0, 0)
[M::mem_pestat] skip orientation FF as there are not enough pairs
[M::mem_pestat] skip orientation FR as there are not enough pairs
[M::mem_pestat] skip orientation RF as there are not enough pairs
[M::mem_pestat] skip orientation RR as there are not enough pairs
[M::mem_process_seqs] Processed 2 reads in 0.000 CPU sec, 0.000 real sec
[M::process] read 2 sequences (494 bp)...
[M::mem_pestat] # candidate unique pairs for (FF, FR, RF, RR): (0, 1, 0, 0)
[M::mem_pestat] skip orientation FF as there are not enough pairs
[M::mem_pestat] skip orientation FR as there are not enough pairs
[M::mem_pestat] skip orientation RF as there are not enough pairs
[M::mem_pestat] skip orientation RR as there are not enough pairs
[M::mem_process_seqs] Processed 2 reads in 0.000 CPU sec, 0.000 real sec
[M::process] read 2 sequences (486 bp)...
[M::mem_pestat] # candidate unique pairs for (FF, FR, RF, RR): (0, 1, 0, 0)
[M::mem_pestat] skip orientation FF as there are not enough pairs
[M::mem_pestat] skip orientation FR as there are not enough pairs
[M::mem_pestat] skip orientation RF as there are not enough pairs
[M::mem_pestat] skip orientation RR as there are not enough pairs
[M::mem_process_seqs] Processed 2 reads in 0.000 CPU sec, 0.000 real sec
[M::process] read 2 sequences (502 bp)...
[M::mem_pestat] # candidate unique pairs for (FF, FR, RF, RR): (0, 1, 0, 0)
[M::mem_pestat] skip orientation FF as there are not enough pairs
[M::mem_pestat] skip orientation FR as there are not enough pairs
[M::mem_pestat] skip orientation RF as there are not enough pairs
[M::mem_pestat] skip orientation RR as there are not enough pairs
[M::mem_process_seqs] Processed 2 reads in 0.000 CPU sec, 0.000 real sec
[M::process] read 2 sequences (498 bp)...
[M::mem_pestat] # candidate unique pairs for (FF, FR, RF, RR): (0, 1, 0, 0)
[M::mem_pestat] skip orientation FF as there are not enough pairs
[M::mem_pestat] skip orientation FR as there are not enough pairs
[M::mem_pestat] skip orientation RF as there are not enough pairs
[M::mem_pestat] skip orientation RR as there are not enough pairs
[M::mem_process_seqs] Processed 2 reads in 0.000 CPU sec, 0.000 real sec
[M::process] read 2 sequences (496 bp)...
[M::mem_pestat] # candidate unique pairs for (FF, FR, RF, RR): (0, 1, 0, 0)
[M::mem_pestat] skip orientation FF as there are not enough pairs
[M::mem_pestat] skip orientation FR as there are not enough pairs
[M::mem_pestat] skip orientation RF as there are not enough pairs
[M::mem_pestat] skip orientation RR as there are not enough pairs
[M::mem_process_seqs] Processed 2 reads in 0.000 CPU sec, 0.000 real sec
[M::process] read 2 sequences (294 bp)...
[M::mem_pestat] # candidate unique pairs for (FF, FR, RF, RR): (0, 1, 0, 0)
[M::mem_pestat] skip orientation FF as there are not enough pairs
[M::mem_pestat] skip orientation FR as there are not enough pairs
[M::mem_pestat] skip orientation RF as there are not enough pairs
[M::mem_pestat] skip orientation RR as there are not enough pairs
[M::mem_process_seqs] Processed 2 reads in 0.000 CPU sec, 0.000 real sec
[M::process] read 2 sequences (442 bp)...
[M::mem_pestat] # candidate unique pairs for (FF, FR, RF, RR): (0, 1, 0, 0)
[M::mem_pestat] skip orientation FF as there are not enough pairs
[M::mem_pestat] skip orientation FR as there are not enough pairs
[M::mem_pestat] skip orientation RF as there are not enough pairs
[M::mem_pestat] skip orientation RR as there are not enough pairs
[M::mem_process_seqs] Processed 2 reads in 0.000 CPU sec, 0.000 real sec
[M::process] read 2 sequences (470 bp)...
[M::mem_pestat] # candidate unique pairs for (FF, FR, RF, RR): (0, 1, 0, 0)
[M::mem_pestat] skip orientation FF as there are not enough pairs
[M::mem_pestat] skip orientation FR as there are not enough pairs
[M::mem_pestat] skip orientation RF as there are not enough pairs
[M::mem_pestat] skip orientation RR as there are not enough pairs
[M::mem_process_seqs] Processed 2 reads in 0.000 CPU sec, 0.000 real sec
[M::process] read 2 sequences (448 bp)...
[M::mem_pestat] # candidate unique pairs for (FF, FR, RF, RR): (0, 1, 0, 0)
[M::mem_pestat] skip orientation FF as there are not enough pairs
[M::mem_pestat] skip orientation FR as there are not enough pairs
[M::mem_pestat] skip orientation RF as there are not enough pairs
[M::mem_pestat] skip orientation RR as there are not enough pairs
[M::mem_process_seqs] Processed 2 reads in 0.000 CPU sec, 0.000 real sec
[M::process] read 2 sequences (254 bp)...
[M::mem_pestat] # candidate unique pairs for (FF, FR, RF, RR): (0, 1, 0, 0)
[M::mem_pestat] skip orientation FF as there are not enough pairs
[M::mem_pestat] skip orientation FR as there are not enough pairs
[M::mem_pestat] skip orientation RF as there are not enough pairs
[M::mem_pestat] skip orientation RR as there are not enough pairs
[M::mem_process_seqs] Processed 2 reads in 0.000 CPU sec, 0.000 real sec
[M::process] read 2 sequences (342 bp)...
[M::mem_pestat] # candidate unique pairs for (FF, FR, RF, RR): (0, 1, 0, 0)
[M::mem_pestat] skip orientation FF as there are not enough pairs
[M::mem_pestat] skip orientation FR as there are not enough pairs
[M::mem_pestat] skip orientation RF as there are not enough pairs
[M::mem_pestat] skip orientation RR as there are not enough pairs
[M::mem_process_seqs] Processed 2 reads in 0.000 CPU sec, 0.000 real sec
[M::process] read 2 sequences (498 bp)...
[M::mem_pestat] # candidate unique pairs for (FF, FR, RF, RR): (0, 1, 0, 0)
[M::mem_pestat] skip orientation FF as there are not enough pairs
[M::mem_pestat] skip orientation FR as there are not enough pairs
[M::mem_pestat] skip orientation RF as there are not enough pairs
[M::mem_pestat] skip orientation RR as there are not enough pairs
[M::mem_process_seqs] Processed 2 reads in 0.000 CPU sec, 0.000 real sec
[M::process] read 2 sequences (502 bp)...
[M::mem_pestat] # candidate unique pairs for (FF, FR, RF, RR): (0, 1, 0, 0)
[M::mem_pestat] skip orientation FF as there are not enough pairs
[M::mem_pestat] skip orientation FR as there are not enough pairs
[M::mem_pestat] skip orientation RF as there are not enough pairs
[M::mem_pestat] skip orientation RR as there are not enough pairs
[M::mem_process_seqs] Processed 2 reads in 0.000 CPU sec, 0.000 real sec
[M::process] read 2 sequences (398 bp)...
[M::mem_pestat] # candidate unique pairs for (FF, FR, RF, RR): (0, 1, 0, 0)
[M::mem_pestat] skip orientation FF as there are not enough pairs
[M::mem_pestat] skip orientation FR as there are not enough pairs
[M::mem_pestat] skip orientation RF as there are not enough pairs
[M::mem_pestat] skip orientation RR as there are not enough pairs
[M::mem_process_seqs] Processed 2 reads in 0.000 CPU sec, 0.000 real sec
[M::process] read 2 sequences (498 bp)...
[M::mem_pestat] # candidate unique pairs for (FF, FR, RF, RR): (0, 1, 0, 0)
[M::mem_pestat] skip orientation FF as there are not enough pairs
[M::mem_pestat] skip orientation FR as there are not enough pairs
[M::mem_pestat] skip orientation RF as there are not enough pairs
[M::mem_pestat] skip orientation RR as there are not enough pairs
[M::mem_process_seqs] Processed 2 reads in 0.000 CPU sec, 0.000 real sec
[M::process] read 2 sequences (472 bp)...
[M::mem_pestat] # candidate unique pairs for (FF, FR, RF, RR): (0, 1, 0, 0)
[M::mem_pestat] skip orientation FF as there are not enough pairs
[M::mem_pestat] skip orientation FR as there are not enough pairs
[M::mem_pestat] skip orientation RF as there are not enough pairs
[M::mem_pestat] skip orientation RR as there are not enough pairs
[M::mem_process_seqs] Processed 2 reads in 0.000 CPU sec, 0.000 real sec
[M::process] read 2 sequences (488 bp)...
[M::mem_pestat] # candidate unique pairs for (FF, FR, RF, RR): (0, 1, 0, 0)
[M::mem_pestat] skip orientation FF as there are not enough pairs
[M::mem_pestat] skip orientation FR as there are not enough pairs
[M::mem_pestat] skip orientation RF as there are not enough pairs
[M::mem_pestat] skip orientation RR as there are not enough pairs
[M::mem_process_seqs] Processed 2 reads in 0.000 CPU sec, 0.000 real sec
[M::process] read 2 sequences (398 bp)...
[M::mem_pestat] # candidate unique pairs for (FF, FR, RF, RR): (0, 1, 0, 0)
[M::mem_pestat] skip orientation FF as there are not enough pairs
[M::mem_pestat] skip orientation FR as there are not enough pairs
[M::mem_pestat] skip orientation RF as there are not enough pairs
[M::mem_pestat] skip orientation RR as there are not enough pairs
[M::mem_process_seqs] Processed 2 reads in 0.000 CPU sec, 0.000 real sec
[M::process] read 2 sequences (502 bp)...
[M::mem_pestat] # candidate unique pairs for (FF, FR, RF, RR): (0, 1, 0, 0)
[M::mem_pestat] skip orientation FF as there are not enough pairs
[M::mem_pestat] skip orientation FR as there are not enough pairs
[M::mem_pestat] skip orientation RF as there are not enough pairs
[M::mem_pestat] skip orientation RR as there are not enough pairs
[M::mem_process_seqs] Processed 2 reads in 0.000 CPU sec, 0.000 real sec
[M::process] read 2 sequences (452 bp)...
[M::mem_pestat] # candidate unique pairs for (FF, FR, RF, RR): (0, 1, 0, 0)
[M::mem_pestat] skip orientation FF as there are not enough pairs
[M::mem_pestat] skip orientation FR as there are not enough pairs
[M::mem_pestat] skip orientation RF as there are not enough pairs
[M::mem_pestat] skip orientation RR as there are not enough pairs
[M::mem_process_seqs] Processed 2 reads in 0.000 CPU sec, 0.000 real sec
[M::process] read 2 sequences (497 bp)...
[M::mem_pestat] # candidate unique pairs for (FF, FR, RF, RR): (0, 1, 0, 0)
[M::mem_pestat] skip orientation FF as there are not enough pairs
[M::mem_pestat] skip orientation FR as there are not enough pairs
[M::mem_pestat] skip orientation RF as there are not enough pairs
[M::mem_pestat] skip orientation RR as there are not enough pairs
[M::mem_process_seqs] Processed 2 reads in 0.000 CPU sec, 0.000 real sec
[M::process] read 2 sequences (502 bp)...
[M::mem_pestat] # candidate unique pairs for (FF, FR, RF, RR): (0, 1, 0, 0)
[M::mem_pestat] skip orientation FF as there are not enough pairs
[M::mem_pestat] skip orientation FR as there are not enough pairs
[M::mem_pestat] skip orientation RF as there are not enough pairs
[M::mem_pestat] skip orientation RR as there are not enough pairs
[M::mem_process_seqs] Processed 2 reads in 0.000 CPU sec, 0.000 real sec
[M::process] read 2 sequences (488 bp)...
[M::mem_pestat] # candidate unique pairs for (FF, FR, RF, RR): (0, 1, 0, 0)
[M::mem_pestat] skip orientation FF as there are not enough pairs
[M::mem_pestat] skip orientation FR as there are not enough pairs
[M::mem_pestat] skip orientation RF as there are not enough pairs
[M::mem_pestat] skip orientation RR as there are not enough pairs
[M::mem_process_seqs] Processed 2 reads in 0.000 CPU sec, 0.000 real sec
[M::process] read 2 sequences (502 bp)...
[M::mem_pestat] # candidate unique pairs for (FF, FR, RF, RR): (0, 1, 0, 0)
[M::mem_pestat] skip orientation FF as there are not enough pairs
[M::mem_pestat] skip orientation FR as there are not enough pairs
[M::mem_pestat] skip orientation RF as there are not enough pairs
[M::mem_pestat] skip orientation RR as there are not enough pairs
[M::mem_process_seqs] Processed 2 reads in 0.000 CPU sec, 0.000 real sec
[M::process] read 2 sequences (422 bp)...
[M::mem_pestat] # candidate unique pairs for (FF, FR, RF, RR): (0, 1, 0, 0)
[M::mem_pestat] skip orientation FF as there are not enough pairs
[M::mem_pestat] skip orientation FR as there are not enough pairs
[M::mem_pestat] skip orientation RF as there are not enough pairs
[M::mem_pestat] skip orientation RR as there are not enough pairs
[M::mem_process_seqs] Processed 2 reads in 0.000 CPU sec, 0.000 real sec
[M::process] read 2 sequences (502 bp)...
[M::mem_pestat] # candidate unique pairs for (FF, FR, RF, RR): (0, 1, 0, 0)
[M::mem_pestat] skip orientation FF as there are not enough pairs
[M::mem_pestat] skip orientation FR as there are not enough pairs
[M::mem_pestat] skip orientation RF as there are not enough pairs
[M::mem_pestat] skip orientation RR as there are not enough pairs
[M::mem_process_seqs] Processed 2 reads in 0.000 CPU sec, 0.000 real sec
[M::process] read 2 sequences (498 bp)...
[M::mem_pestat] # candidate unique pairs for (FF, FR, RF, RR): (0, 1, 0, 0)
[M::mem_pestat] skip orientation FF as there are not enough pairs
[M::mem_pestat] skip orientation FR as there are not enough pairs
[M::mem_pestat] skip orientation RF as there are not enough pairs
[M::mem_pestat] skip orientation RR as there are not enough pairs
[M::mem_process_seqs] Processed 2 reads in 0.000 CPU sec, 0.000 real sec
[M::process] read 2 sequences (300 bp)...
[M::mem_pestat] # candidate unique pairs for (FF, FR, RF, RR): (0, 1, 0, 0)
[M::mem_pestat] skip orientation FF as there are not enough pairs
[M::mem_pestat] skip orientation FR as there are not enough pairs
[M::mem_pestat] skip orientation RF as there are not enough pairs
[M::mem_pestat] skip orientation RR as there are not enough pairs
[M::mem_process_seqs] Processed 2 reads in 0.000 CPU sec, 0.000 real sec
[M::process] read 2 sequences (210 bp)...
[M::mem_pestat] # candidate unique pairs for (FF, FR, RF, RR): (0, 1, 0, 0)
[M::mem_pestat] skip orientation FF as there are not enough pairs
[M::mem_pestat] skip orientation FR as there are not enough pairs
[M::mem_pestat] skip orientation RF as there are not enough pairs
[M::mem_pestat] skip orientation RR as there are not enough pairs
[M::mem_process_seqs] Processed 2 reads in 0.000 CPU sec, 0.000 real sec
[M::process] read 2 sequences (502 bp)...
[M::mem_pestat] # candidate unique pairs for (FF, FR, RF, RR): (0, 1, 0, 0)
[M::mem_pestat] skip orientation FF as there are not enough pairs
[M::mem_pestat] skip orientation FR as there are not enough pairs
[M::mem_pestat] skip orientation RF as there are not enough pairs
[M::mem_pestat] skip orientation RR as there are not enough pairs
[M::mem_process_seqs] Processed 2 reads in 0.000 CPU sec, 0.000 real sec
[M::process] read 2 sequences (404 bp)...
[M::mem_pestat] # candidate unique pairs for (FF, FR, RF, RR): (0, 1, 0, 0)
[M::mem_pestat] skip orientation FF as there are not enough pairs
[M::mem_pestat] skip orientation FR as there are not enough pairs
[M::mem_pestat] skip orientation RF as there are not enough pairs
[M::mem_pestat] skip orientation RR as there are not enough pairs
[M::mem_process_seqs] Processed 2 reads in 0.000 CPU sec, 0.000 real sec
[M::process] read 2 sequences (400 bp)...
[M::mem_pestat] # candidate unique pairs for (FF, FR, RF, RR): (0, 1, 0, 0)
[M::mem_pestat] skip orientation FF as there are not enough pairs
[M::mem_pestat] skip orientation FR as there are not enough pairs
[M::mem_pestat] skip orientation RF as there are not enough pairs
[M::mem_pestat] skip orientation RR as there are not enough pairs
[M::mem_process_seqs] Processed 2 reads in 0.000 CPU sec, 0.000 real sec
[M::process] read 2 sequences (366 bp)...
[M::mem_pestat] # candidate unique pairs for (FF, FR, RF, RR): (0, 1, 0, 0)
[M::mem_pestat] skip orientation FF as there are not enough pairs
[M::mem_pestat] skip orientation FR as there are not enough pairs
[M::mem_pestat] skip orientation RF as there are not enough pairs
[M::mem_pestat] skip orientation RR as there are not enough pairs
[M::mem_process_seqs] Processed 2 reads in 0.000 CPU sec, 0.000 real sec
[M::process] read 2 sequences (494 bp)...
[M::mem_pestat] # candidate unique pairs for (FF, FR, RF, RR): (0, 1, 0, 0)
[M::mem_pestat] skip orientation FF as there are not enough pairs
[M::mem_pestat] skip orientation FR as there are not enough pairs
[M::mem_pestat] skip orientation RF as there are not enough pairs
[M::mem_pestat] skip orientation RR as there are not enough pairs
[M::mem_process_seqs] Processed 2 reads in 0.000 CPU sec, 0.000 real sec
[M::process] read 2 sequences (310 bp)...
[M::mem_pestat] # candidate unique pairs for (FF, FR, RF, RR): (0, 1, 0, 0)
[M::mem_pestat] skip orientation FF as there are not enough pairs
[M::mem_pestat] skip orientation FR as there are not enough pairs
[M::mem_pestat] skip orientation RF as there are not enough pairs
[M::mem_pestat] skip orientation RR as there are not enough pairs
[M::mem_process_seqs] Processed 2 reads in 0.000 CPU sec, 0.000 real sec
[M::process] read 2 sequences (406 bp)...
[M::mem_pestat] # candidate unique pairs for (FF, FR, RF, RR): (0, 1, 0, 0)
[M::mem_pestat] skip orientation FF as there are not enough pairs
[M::mem_pestat] skip orientation FR as there are not enough pairs
[M::mem_pestat] skip orientation RF as there are not enough pairs
[M::mem_pestat] skip orientation RR as there are not enough pairs
[M::mem_process_seqs] Processed 2 reads in 0.000 CPU sec, 0.000 real sec
[M::process] read 2 sequences (499 bp)...
[M::mem_pestat] # candidate unique pairs for (FF, FR, RF, RR): (0, 1, 0, 0)
[M::mem_pestat] skip orientation FF as there are not enough pairs
[M::mem_pestat] skip orientation FR as there are not enough pairs
[M::mem_pestat] skip orientation RF as there are not enough pairs
[M::mem_pestat] skip orientation RR as there are not enough pairs
[M::mem_process_seqs] Processed 2 reads in 0.000 CPU sec, 0.000 real sec
[M::process] read 2 sequences (500 bp)...
[M::mem_pestat] # candidate unique pairs for (FF, FR, RF, RR): (0, 1, 0, 0)
[M::mem_pestat] skip orientation FF as there are not enough pairs
[M::mem_pestat] skip orientation FR as there are not enough pairs
[M::mem_pestat] skip orientation RF as there are not enough pairs
[M::mem_pestat] skip orientation RR as there are not enough pairs
[M::mem_process_seqs] Processed 2 reads in 0.000 CPU sec, 0.000 real sec
[M::process] read 2 sequences (236 bp)...
[M::mem_pestat] # candidate unique pairs for (FF, FR, RF, RR): (0, 1, 0, 0)
[M::mem_pestat] skip orientation FF as there are not enough pairs
[M::mem_pestat] skip orientation FR as there are not enough pairs
[M::mem_pestat] skip orientation RF as there are not enough pairs
[M::mem_pestat] skip orientation RR as there are not enough pairs
[M::mem_process_seqs] Processed 2 reads in 0.000 CPU sec, 0.000 real sec
[M::process] read 2 sequences (502 bp)...
[M::mem_pestat] # candidate unique pairs for (FF, FR, RF, RR): (0, 1, 0, 0)
[M::mem_pestat] skip orientation FF as there are not enough pairs
[M::mem_pestat] skip orientation FR as there are not enough pairs
[M::mem_pestat] skip orientation RF as there are not enough pairs
[M::mem_pestat] skip orientation RR as there are not enough pairs
[M::mem_process_seqs] Processed 2 reads in 0.000 CPU sec, 0.000 real sec
[M::process] read 2 sequences (502 bp)...
[M::mem_pestat] # candidate unique pairs for (FF, FR, RF, RR): (0, 1, 0, 0)
[M::mem_pestat] skip orientation FF as there are not enough pairs
[M::mem_pestat] skip orientation FR as there are not enough pairs
[M::mem_pestat] skip orientation RF as there are not enough pairs
[M::mem_pestat] skip orientation RR as there are not enough pairs
[M::mem_process_seqs] Processed 2 reads in 0.000 CPU sec, 0.000 real sec
[M::process] read 2 sequences (496 bp)...
[M::mem_pestat] # candidate unique pairs for (FF, FR, RF, RR): (0, 1, 0, 0)
[M::mem_pestat] skip orientation FF as there are not enough pairs
[M::mem_pestat] skip orientation FR as there are not enough pairs
[M::mem_pestat] skip orientation RF as there are not enough pairs
[M::mem_pestat] skip orientation RR as there are not enough pairs
[M::mem_process_seqs] Processed 2 reads in 0.000 CPU sec, 0.000 real sec
[M::process] read 2 sequences (502 bp)...
[M::mem_pestat] # candidate unique pairs for (FF, FR, RF, RR): (0, 1, 0, 0)
[M::mem_pestat] skip orientation FF as there are not enough pairs
[M::mem_pestat] skip orientation FR as there are not enough pairs
[M::mem_pestat] skip orientation RF as there are not enough pairs
[M::mem_pestat] skip orientation RR as there are not enough pairs
[M::mem_process_seqs] Processed 2 reads in 0.000 CPU sec, 0.000 real sec
[M::process] read 2 sequences (400 bp)...
[M::mem_pestat] # candidate unique pairs for (FF, FR, RF, RR): (0, 1, 0, 0)
[M::mem_pestat] skip orientation FF as there are not enough pairs
[M::mem_pestat] skip orientation FR as there are not enough pairs
[M::mem_pestat] skip orientation RF as there are not enough pairs
[M::mem_pestat] skip orientation RR as there are not enough pairs
[M::mem_process_seqs] Processed 2 reads in 0.000 CPU sec, 0.000 real sec
[M::process] read 2 sequences (206 bp)...
[M::mem_pestat] # candidate unique pairs for (FF, FR, RF, RR): (0, 1, 0, 0)
[M::mem_pestat] skip orientation FF as there are not enough pairs
[M::mem_pestat] skip orientation FR as there are not enough pairs
[M::mem_pestat] skip orientation RF as there are not enough pairs
[M::mem_pestat] skip orientation RR as there are not enough pairs
[M::mem_process_seqs] Processed 2 reads in 0.000 CPU sec, 0.000 real sec
[M::process] read 2 sequences (502 bp)...
[M::mem_pestat] # candidate unique pairs for (FF, FR, RF, RR): (0, 1, 0, 0)
[M::mem_pestat] skip orientation FF as there are not enough pairs
[M::mem_pestat] skip orientation FR as there are not enough pairs
[M::mem_pestat] skip orientation RF as there are not enough pairs
[M::mem_pestat] skip orientation RR as there are not enough pairs
[M::mem_process_seqs] Processed 2 reads in 0.000 CPU sec, 0.000 real sec
[M::process] read 2 sequences (322 bp)...
[M::mem_pestat] # candidate unique pairs for (FF, FR, RF, RR): (0, 1, 0, 0)
[M::mem_pestat] skip orientation FF as there are not enough pairs
[M::mem_pestat] skip orientation FR as there are not enough pairs
[M::mem_pestat] skip orientation RF as there are not enough pairs
[M::mem_pestat] skip orientation RR as there are not enough pairs
[M::mem_process_seqs] Processed 2 reads in 0.000 CPU sec, 0.000 real sec
[M::process] read 2 sequences (494 bp)...
[M::mem_pestat] # candidate unique pairs for (FF, FR, RF, RR): (0, 1, 0, 0)
[M::mem_pestat] skip orientation FF as there are not enough pairs
[M::mem_pestat] skip orientation FR as there are not enough pairs
[M::mem_pestat] skip orientation RF as there are not enough pairs
[M::mem_pestat] skip orientation RR as there are not enough pairs
[M::mem_process_seqs] Processed 2 reads in 0.000 CPU sec, 0.000 real sec
[M::process] read 2 sequences (502 bp)...
[M::mem_pestat] # candidate unique pairs for (FF, FR, RF, RR): (0, 1, 0, 0)
[M::mem_pestat] skip orientation FF as there are not enough pairs
[M::mem_pestat] skip orientation FR as there are not enough pairs
[M::mem_pestat] skip orientation RF as there are not enough pairs
[M::mem_pestat] skip orientation RR as there are not enough pairs
[M::mem_process_seqs] Processed 2 reads in 0.000 CPU sec, 0.000 real sec
[M::process] read 2 sequences (452 bp)...
[M::mem_pestat] # candidate unique pairs for (FF, FR, RF, RR): (0, 1, 0, 0)
[M::mem_pestat] skip orientation FF as there are not enough pairs
[M::mem_pestat] skip orientation FR as there are not enough pairs
[M::mem_pestat] skip orientation RF as there are not enough pairs
[M::mem_pestat] skip orientation RR as there are not enough pairs
[M::mem_process_seqs] Processed 2 reads in 0.000 CPU sec, 0.000 real sec
[M::process] read 2 sequences (478 bp)...
[M::mem_pestat] # candidate unique pairs for (FF, FR, RF, RR): (0, 1, 0, 0)
[M::mem_pestat] skip orientation FF as there are not enough pairs
[M::mem_pestat] skip orientation FR as there are not enough pairs
[M::mem_pestat] skip orientation RF as there are not enough pairs
[M::mem_pestat] skip orientation RR as there are not enough pairs
[M::mem_process_seqs] Processed 2 reads in 0.000 CPU sec, 0.000 real sec
[M::process] read 2 sequences (314 bp)...
[M::mem_pestat] # candidate unique pairs for (FF, FR, RF, RR): (0, 1, 0, 0)
[M::mem_pestat] skip orientation FF as there are not enough pairs
[M::mem_pestat] skip orientation FR as there are not enough pairs
[M::mem_pestat] skip orientation RF as there are not enough pairs
[M::mem_pestat] skip orientation RR as there are not enough pairs
[M::mem_process_seqs] Processed 2 reads in 0.000 CPU sec, 0.000 real sec
[M::process] read 2 sequences (364 bp)...
[M::mem_pestat] # candidate unique pairs for (FF, FR, RF, RR): (0, 1, 0, 0)
[M::mem_pestat] skip orientation FF as there are not enough pairs
[M::mem_pestat] skip orientation FR as there are not enough pairs
[M::mem_pestat] skip orientation RF as there are not enough pairs
[M::mem_pestat] skip orientation RR as there are not enough pairs
[M::mem_process_seqs] Processed 2 reads in 0.000 CPU sec, 0.000 real sec
[M::process] read 2 sequences (486 bp)...
[M::mem_pestat] # candidate unique pairs for (FF, FR, RF, RR): (0, 1, 0, 0)
[M::mem_pestat] skip orientation FF as there are not enough pairs
[M::mem_pestat] skip orientation FR as there are not enough pairs
[M::mem_pestat] skip orientation RF as there are not enough pairs
[M::mem_pestat] skip orientation RR as there are not enough pairs
[M::mem_process_seqs] Processed 2 reads in 0.000 CPU sec, 0.000 real sec
[M::process] read 2 sequences (470 bp)...
[M::mem_pestat] # candidate unique pairs for (FF, FR, RF, RR): (0, 1, 0, 0)
[M::mem_pestat] skip orientation FF as there are not enough pairs
[M::mem_pestat] skip orientation FR as there are not enough pairs
[M::mem_pestat] skip orientation RF as there are not enough pairs
[M::mem_pestat] skip orientation RR as there are not enough pairs
[M::mem_process_seqs] Processed 2 reads in 0.000 CPU sec, 0.000 real sec
[M::process] read 2 sequences (498 bp)...
[M::mem_pestat] # candidate unique pairs for (FF, FR, RF, RR): (0, 1, 0, 0)
[M::mem_pestat] skip orientation FF as there are not enough pairs
[M::mem_pestat] skip orientation FR as there are not enough pairs
[M::mem_pestat] skip orientation RF as there are not enough pairs
[M::mem_pestat] skip orientation RR as there are not enough pairs
[M::mem_process_seqs] Processed 2 reads in 0.000 CPU sec, 0.000 real sec
[M::process] read 2 sequences (228 bp)...
[M::mem_pestat] # candidate unique pairs for (FF, FR, RF, RR): (0, 1, 0, 0)
[M::mem_pestat] skip orientation FF as there are not enough pairs
[M::mem_pestat] skip orientation FR as there are not enough pairs
[M::mem_pestat] skip orientation RF as there are not enough pairs
[M::mem_pestat] skip orientation RR as there are not enough pairs
[M::mem_process_seqs] Processed 2 reads in 0.000 CPU sec, 0.000 real sec
[M::process] read 2 sequences (502 bp)...
[M::mem_pestat] # candidate unique pairs for (FF, FR, RF, RR): (0, 1, 0, 0)
[M::mem_pestat] skip orientation FF as there are not enough pairs
[M::mem_pestat] skip orientation FR as there are not enough pairs
[M::mem_pestat] skip orientation RF as there are not enough pairs
[M::mem_pestat] skip orientation RR as there are not enough pairs
[M::mem_process_seqs] Processed 2 reads in 0.000 CPU sec, 0.000 real sec
[M::process] read 2 sequences (496 bp)...
[M::mem_pestat] # candidate unique pairs for (FF, FR, RF, RR): (0, 1, 0, 0)
[M::mem_pestat] skip orientation FF as there are not enough pairs
[M::mem_pestat] skip orientation FR as there are not enough pairs
[M::mem_pestat] skip orientation RF as there are not enough pairs
[M::mem_pestat] skip orientation RR as there are not enough pairs
[M::mem_process_seqs] Processed 2 reads in 0.000 CPU sec, 0.000 real sec
[M::process] read 2 sequences (492 bp)...
[M::mem_pestat] # candidate unique pairs for (FF, FR, RF, RR): (0, 1, 0, 0)
[M::mem_pestat] skip orientation FF as there are not enough pairs
[M::mem_pestat] skip orientation FR as there are not enough pairs
[M::mem_pestat] skip orientation RF as there are not enough pairs
[M::mem_pestat] skip orientation RR as there are not enough pairs
[M::mem_process_seqs] Processed 2 reads in 0.000 CPU sec, 0.001 real sec
[M::process] read 2 sequences (502 bp)...
[M::mem_pestat] # candidate unique pairs for (FF, FR, RF, RR): (0, 1, 0, 0)
[M::mem_pestat] skip orientation FF as there are not enough pairs
[M::mem_pestat] skip orientation FR as there are not enough pairs
[M::mem_pestat] skip orientation RF as there are not enough pairs
[M::mem_pestat] skip orientation RR as there are not enough pairs
[M::mem_process_seqs] Processed 2 reads in 0.000 CPU sec, 0.001 real sec
[M::process] read 2 sequences (358 bp)...
[M::mem_pestat] # candidate unique pairs for (FF, FR, RF, RR): (0, 1, 0, 0)
[M::mem_pestat] skip orientation FF as there are not enough pairs
[M::mem_pestat] skip orientation FR as there are not enough pairs
[M::mem_pestat] skip orientation RF as there are not enough pairs
[M::mem_pestat] skip orientation RR as there are not enough pairs
[M::mem_process_seqs] Processed 2 reads in 0.000 CPU sec, 0.000 real sec
[M::process] read 2 sequences (489 bp)...
[M::mem_pestat] # candidate unique pairs for (FF, FR, RF, RR): (0, 1, 0, 0)
[M::mem_pestat] skip orientation FF as there are not enough pairs
[M::mem_pestat] skip orientation FR as there are not enough pairs
[M::mem_pestat] skip orientation RF as there are not enough pairs
[M::mem_pestat] skip orientation RR as there are not enough pairs
[M::mem_process_seqs] Processed 2 reads in 0.000 CPU sec, 0.000 real sec
[M::process] read 2 sequences (402 bp)...
[M::mem_pestat] # candidate unique pairs for (FF, FR, RF, RR): (0, 1, 0, 0)
[M::mem_pestat] skip orientation FF as there are not enough pairs
[M::mem_pestat] skip orientation FR as there are not enough pairs
[M::mem_pestat] skip orientation RF as there are not enough pairs
[M::mem_pestat] skip orientation RR as there are not enough pairs
[M::mem_process_seqs] Processed 2 reads in 0.000 CPU sec, 0.000 real sec
[M::process] read 2 sequences (420 bp)...
[M::mem_pestat] # candidate unique pairs for (FF, FR, RF, RR): (0, 1, 0, 0)
[M::mem_pestat] skip orientation FF as there are not enough pairs
[M::mem_pestat] skip orientation FR as there are not enough pairs
[M::mem_pestat] skip orientation RF as there are not enough pairs
[M::mem_pestat] skip orientation RR as there are not enough pairs
[M::mem_process_seqs] Processed 2 reads in 0.000 CPU sec, 0.000 real sec
[M::process] read 2 sequences (498 bp)...
[M::mem_pestat] # candidate unique pairs for (FF, FR, RF, RR): (0, 1, 0, 0)
[M::mem_pestat] skip orientation FF as there are not enough pairs
[M::mem_pestat] skip orientation FR as there are not enough pairs
[M::mem_pestat] skip orientation RF as there are not enough pairs
[M::mem_pestat] skip orientation RR as there are not enough pairs
[M::mem_process_seqs] Processed 2 reads in 0.000 CPU sec, 0.000 real sec
[M::process] read 2 sequences (502 bp)...
[M::mem_pestat] # candidate unique pairs for (FF, FR, RF, RR): (0, 1, 0, 0)
[M::mem_pestat] skip orientation FF as there are not enough pairs
[M::mem_pestat] skip orientation FR as there are not enough pairs
[M::mem_pestat] skip orientation RF as there are not enough pairs
[M::mem_pestat] skip orientation RR as there are not enough pairs
[M::mem_process_seqs] Processed 2 reads in 0.000 CPU sec, 0.000 real sec
[M::process] read 2 sequences (474 bp)...
[M::mem_pestat] # candidate unique pairs for (FF, FR, RF, RR): (0, 1, 0, 0)
[M::mem_pestat] skip orientation FF as there are not enough pairs
[M::mem_pestat] skip orientation FR as there are not enough pairs
[M::mem_pestat] skip orientation RF as there are not enough pairs
[M::mem_pestat] skip orientation RR as there are not enough pairs
[M::mem_process_seqs] Processed 2 reads in 0.000 CPU sec, 0.001 real sec
[M::process] read 2 sequences (496 bp)...
[M::mem_pestat] # candidate unique pairs for (FF, FR, RF, RR): (0, 1, 0, 0)
[M::mem_pestat] skip orientation FF as there are not enough pairs
[M::mem_pestat] skip orientation FR as there are not enough pairs
[M::mem_pestat] skip orientation RF as there are not enough pairs
[M::mem_pestat] skip orientation RR as there are not enough pairs
[M::mem_process_seqs] Processed 2 reads in 0.000 CPU sec, 0.000 real sec
[M::process] read 2 sequences (202 bp)...
[M::mem_pestat] # candidate unique pairs for (FF, FR, RF, RR): (0, 1, 0, 0)
[M::mem_pestat] skip orientation FF as there are not enough pairs
[M::mem_pestat] skip orientation FR as there are not enough pairs
[M::mem_pestat] skip orientation RF as there are not enough pairs
[M::mem_pestat] skip orientation RR as there are not enough pairs
[M::mem_process_seqs] Processed 2 reads in 0.000 CPU sec, 0.000 real sec
[M::process] read 2 sequences (496 bp)...
[M::mem_pestat] # candidate unique pairs for (FF, FR, RF, RR): (0, 1, 0, 0)
[M::mem_pestat] skip orientation FF as there are not enough pairs
[M::mem_pestat] skip orientation FR as there are not enough pairs
[M::mem_pestat] skip orientation RF as there are not enough pairs
[M::mem_pestat] skip orientation RR as there are not enough pairs
[M::mem_process_seqs] Processed 2 reads in 0.000 CPU sec, 0.000 real sec
[M::process] read 2 sequences (404 bp)...
[M::mem_pestat] # candidate unique pairs for (FF, FR, RF, RR): (0, 1, 0, 0)
[M::mem_pestat] skip orientation FF as there are not enough pairs
[M::mem_pestat] skip orientation FR as there are not enough pairs
[M::mem_pestat] skip orientation RF as there are not enough pairs
[M::mem_pestat] skip orientation RR as there are not enough pairs
[M::mem_process_seqs] Processed 2 reads in 0.000 CPU sec, 0.000 real sec
[M::process] read 2 sequences (491 bp)...
[M::mem_pestat] # candidate unique pairs for (FF, FR, RF, RR): (0, 1, 0, 0)
[M::mem_pestat] skip orientation FF as there are not enough pairs
[M::mem_pestat] skip orientation FR as there are not enough pairs
[M::mem_pestat] skip orientation RF as there are not enough pairs
[M::mem_pestat] skip orientation RR as there are not enough pairs
[M::mem_process_seqs] Processed 2 reads in 0.000 CPU sec, 0.000 real sec
[M::process] read 2 sequences (404 bp)...
[M::mem_pestat] # candidate unique pairs for (FF, FR, RF, RR): (0, 1, 0, 0)
[M::mem_pestat] skip orientation FF as there are not enough pairs
[M::mem_pestat] skip orientation FR as there are not enough pairs
[M::mem_pestat] skip orientation RF as there are not enough pairs
[M::mem_pestat] skip orientation RR as there are not enough pairs
[M::mem_process_seqs] Processed 2 reads in 0.000 CPU sec, 0.000 real sec
[M::process] read 2 sequences (500 bp)...
[M::mem_pestat] # candidate unique pairs for (FF, FR, RF, RR): (0, 1, 0, 0)
[M::mem_pestat] skip orientation FF as there are not enough pairs
[M::mem_pestat] skip orientation FR as there are not enough pairs
[M::mem_pestat] skip orientation RF as there are not enough pairs
[M::mem_pestat] skip orientation RR as there are not enough pairs
[M::mem_process_seqs] Processed 2 reads in 0.000 CPU sec, 0.000 real sec
[M::process] read 2 sequences (488 bp)...
[M::mem_pestat] # candidate unique pairs for (FF, FR, RF, RR): (0, 1, 0, 0)
[M::mem_pestat] skip orientation FF as there are not enough pairs
[M::mem_pestat] skip orientation FR as there are not enough pairs
[M::mem_pestat] skip orientation RF as there are not enough pairs
[M::mem_pestat] skip orientation RR as there are not enough pairs
[M::mem_process_seqs] Processed 2 reads in 0.000 CPU sec, 0.000 real sec
[M::process] read 2 sequences (502 bp)...
[M::mem_pestat] # candidate unique pairs for (FF, FR, RF, RR): (0, 1, 0, 0)
[M::mem_pestat] skip orientation FF as there are not enough pairs
[M::mem_pestat] skip orientation FR as there are not enough pairs
[M::mem_pestat] skip orientation RF as there are not enough pairs
[M::mem_pestat] skip orientation RR as there are not enough pairs
[M::mem_process_seqs] Processed 2 reads in 0.000 CPU sec, 0.000 real sec
[M::process] read 2 sequences (410 bp)...
[M::mem_pestat] # candidate unique pairs for (FF, FR, RF, RR): (0, 1, 0, 0)
[M::mem_pestat] skip orientation FF as there are not enough pairs
[M::mem_pestat] skip orientation FR as there are not enough pairs
[M::mem_pestat] skip orientation RF as there are not enough pairs
[M::mem_pestat] skip orientation RR as there are not enough pairs
[M::mem_process_seqs] Processed 2 reads in 0.000 CPU sec, 0.000 real sec
[M::process] read 2 sequences (502 bp)...
[M::mem_pestat] # candidate unique pairs for (FF, FR, RF, RR): (0, 1, 0, 0)
[M::mem_pestat] skip orientation FF as there are not enough pairs
[M::mem_pestat] skip orientation FR as there are not enough pairs
[M::mem_pestat] skip orientation RF as there are not enough pairs
[M::mem_pestat] skip orientation RR as there are not enough pairs
[M::mem_process_seqs] Processed 2 reads in 0.000 CPU sec, 0.000 real sec
[M::process] read 2 sequences (502 bp)...
[M::mem_pestat] # candidate unique pairs for (FF, FR, RF, RR): (0, 1, 0, 0)
[M::mem_pestat] skip orientation FF as there are not enough pairs
[M::mem_pestat] skip orientation FR as there are not enough pairs
[M::mem_pestat] skip orientation RF as there are not enough pairs
[M::mem_pestat] skip orientation RR as there are not enough pairs
[M::mem_process_seqs] Processed 2 reads in 0.000 CPU sec, 0.000 real sec
[M::process] read 2 sequences (384 bp)...
[M::mem_pestat] # candidate unique pairs for (FF, FR, RF, RR): (0, 1, 0, 0)
[M::mem_pestat] skip orientation FF as there are not enough pairs
[M::mem_pestat] skip orientation FR as there are not enough pairs
[M::mem_pestat] skip orientation RF as there are not enough pairs
[M::mem_pestat] skip orientation RR as there are not enough pairs
[M::mem_process_seqs] Processed 2 reads in 0.000 CPU sec, 0.000 real sec
[M::process] read 2 sequences (418 bp)...
[M::mem_pestat] # candidate unique pairs for (FF, FR, RF, RR): (0, 1, 0, 0)
[M::mem_pestat] skip orientation FF as there are not enough pairs
[M::mem_pestat] skip orientation FR as there are not enough pairs
[M::mem_pestat] skip orientation RF as there are not enough pairs
[M::mem_pestat] skip orientation RR as there are not enough pairs
[M::mem_process_seqs] Processed 2 reads in 0.000 CPU sec, 0.000 real sec
[M::process] read 2 sequences (418 bp)...
[M::mem_pestat] # candidate unique pairs for (FF, FR, RF, RR): (0, 1, 0, 0)
[M::mem_pestat] skip orientation FF as there are not enough pairs
[M::mem_pestat] skip orientation FR as there are not enough pairs
[M::mem_pestat] skip orientation RF as there are not enough pairs
[M::mem_pestat] skip orientation RR as there are not enough pairs
[M::mem_process_seqs] Processed 2 reads in 0.000 CPU sec, 0.000 real sec
[M::process] read 2 sequences (495 bp)...
[M::mem_pestat] # candidate unique pairs for (FF, FR, RF, RR): (0, 1, 0, 0)
[M::mem_pestat] skip orientation FF as there are not enough pairs
[M::mem_pestat] skip orientation FR as there are not enough pairs
[M::mem_pestat] skip orientation RF as there are not enough pairs
[M::mem_pestat] skip orientation RR as there are not enough pairs
[M::mem_process_seqs] Processed 2 reads in 0.000 CPU sec, 0.000 real sec
[M::process] read 2 sequences (490 bp)...
[M::mem_pestat] # candidate unique pairs for (FF, FR, RF, RR): (0, 1, 0, 0)
[M::mem_pestat] skip orientation FF as there are not enough pairs
[M::mem_pestat] skip orientation FR as there are not enough pairs
[M::mem_pestat] skip orientation RF as there are not enough pairs
[M::mem_pestat] skip orientation RR as there are not enough pairs
[M::mem_process_seqs] Processed 2 reads in 0.000 CPU sec, 0.000 real sec
[M::process] read 2 sequences (502 bp)...
[M::mem_pestat] # candidate unique pairs for (FF, FR, RF, RR): (0, 1, 0, 0)
[M::mem_pestat] skip orientation FF as there are not enough pairs
[M::mem_pestat] skip orientation FR as there are not enough pairs
[M::mem_pestat] skip orientation RF as there are not enough pairs
[M::mem_pestat] skip orientation RR as there are not enough pairs
[M::mem_process_seqs] Processed 2 reads in 0.000 CPU sec, 0.000 real sec
[M::process] read 2 sequences (462 bp)...
[M::mem_pestat] # candidate unique pairs for (FF, FR, RF, RR): (0, 1, 0, 0)
[M::mem_pestat] skip orientation FF as there are not enough pairs
[M::mem_pestat] skip orientation FR as there are not enough pairs
[M::mem_pestat] skip orientation RF as there are not enough pairs
[M::mem_pestat] skip orientation RR as there are not enough pairs
[M::mem_process_seqs] Processed 2 reads in 0.000 CPU sec, 0.000 real sec
[M::process] read 2 sequences (501 bp)...
[M::mem_pestat] # candidate unique pairs for (FF, FR, RF, RR): (0, 1, 0, 0)
[M::mem_pestat] skip orientation FF as there are not enough pairs
[M::mem_pestat] skip orientation FR as there are not enough pairs
[M::mem_pestat] skip orientation RF as there are not enough pairs
[M::mem_pestat] skip orientation RR as there are not enough pairs
[M::mem_process_seqs] Processed 2 reads in 0.000 CPU sec, 0.000 real sec
[M::process] read 2 sequences (502 bp)...
[M::mem_pestat] # candidate unique pairs for (FF, FR, RF, RR): (0, 1, 0, 0)
[M::mem_pestat] skip orientation FF as there are not enough pairs
[M::mem_pestat] skip orientation FR as there are not enough pairs
[M::mem_pestat] skip orientation RF as there are not enough pairs
[M::mem_pestat] skip orientation RR as there are not enough pairs
[M::mem_process_seqs] Processed 2 reads in 0.000 CPU sec, 0.000 real sec
[M::process] read 2 sequences (488 bp)...
[M::mem_pestat] # candidate unique pairs for (FF, FR, RF, RR): (0, 1, 0, 0)
[M::mem_pestat] skip orientation FF as there are not enough pairs
[M::mem_pestat] skip orientation FR as there are not enough pairs
[M::mem_pestat] skip orientation RF as there are not enough pairs
[M::mem_pestat] skip orientation RR as there are not enough pairs
[M::mem_process_seqs] Processed 2 reads in 0.000 CPU sec, 0.000 real sec
[M::process] read 2 sequences (222 bp)...
[M::mem_pestat] # candidate unique pairs for (FF, FR, RF, RR): (0, 1, 0, 0)
[M::mem_pestat] skip orientation FF as there are not enough pairs
[M::mem_pestat] skip orientation FR as there are not enough pairs
[M::mem_pestat] skip orientation RF as there are not enough pairs
[M::mem_pestat] skip orientation RR as there are not enough pairs
[M::mem_process_seqs] Processed 2 reads in 0.000 CPU sec, 0.000 real sec
[M::process] read 2 sequences (464 bp)...
[M::mem_pestat] # candidate unique pairs for (FF, FR, RF, RR): (0, 1, 0, 0)
[M::mem_pestat] skip orientation FF as there are not enough pairs
[M::mem_pestat] skip orientation FR as there are not enough pairs
[M::mem_pestat] skip orientation RF as there are not enough pairs
[M::mem_pestat] skip orientation RR as there are not enough pairs
[M::mem_process_seqs] Processed 2 reads in 0.000 CPU sec, 0.000 real sec
[M::process] read 2 sequences (498 bp)...
[M::mem_pestat] # candidate unique pairs for (FF, FR, RF, RR): (0, 1, 0, 0)
[M::mem_pestat] skip orientation FF as there are not enough pairs
[M::mem_pestat] skip orientation FR as there are not enough pairs
[M::mem_pestat] skip orientation RF as there are not enough pairs
[M::mem_pestat] skip orientation RR as there are not enough pairs
[M::mem_process_seqs] Processed 2 reads in 0.000 CPU sec, 0.000 real sec
[M::process] read 2 sequences (480 bp)...
[M::mem_pestat] # candidate unique pairs for (FF, FR, RF, RR): (0, 1, 0, 0)
[M::mem_pestat] skip orientation FF as there are not enough pairs
[M::mem_pestat] skip orientation FR as there are not enough pairs
[M::mem_pestat] skip orientation RF as there are not enough pairs
[M::mem_pestat] skip orientation RR as there are not enough pairs
[M::mem_process_seqs] Processed 2 reads in 0.000 CPU sec, 0.000 real sec
[M::process] read 2 sequences (442 bp)...
[M::mem_pestat] # candidate unique pairs for (FF, FR, RF, RR): (0, 1, 0, 0)
[M::mem_pestat] skip orientation FF as there are not enough pairs
[M::mem_pestat] skip orientation FR as there are not enough pairs
[M::mem_pestat] skip orientation RF as there are not enough pairs
[M::mem_pestat] skip orientation RR as there are not enough pairs
[M::mem_process_seqs] Processed 2 reads in 0.000 CPU sec, 0.001 real sec
[M::process] read 2 sequences (502 bp)...
[M::mem_pestat] # candidate unique pairs for (FF, FR, RF, RR): (0, 1, 0, 0)
[M::mem_pestat] skip orientation FF as there are not enough pairs
[M::mem_pestat] skip orientation FR as there are not enough pairs
[M::mem_pestat] skip orientation RF as there are not enough pairs
[M::mem_pestat] skip orientation RR as there are not enough pairs
[M::mem_process_seqs] Processed 2 reads in 0.000 CPU sec, 0.000 real sec
[M::process] read 2 sequences (408 bp)...
[M::mem_pestat] # candidate unique pairs for (FF, FR, RF, RR): (0, 1, 0, 0)
[M::mem_pestat] skip orientation FF as there are not enough pairs
[M::mem_pestat] skip orientation FR as there are not enough pairs
[M::mem_pestat] skip orientation RF as there are not enough pairs
[M::mem_pestat] skip orientation RR as there are not enough pairs
[M::mem_process_seqs] Processed 2 reads in 0.000 CPU sec, 0.000 real sec
[M::process] read 2 sequences (492 bp)...
[M::mem_pestat] # candidate unique pairs for (FF, FR, RF, RR): (0, 1, 0, 0)
[M::mem_pestat] skip orientation FF as there are not enough pairs
[M::mem_pestat] skip orientation FR as there are not enough pairs
[M::mem_pestat] skip orientation RF as there are not enough pairs
[M::mem_pestat] skip orientation RR as there are not enough pairs
[M::mem_process_seqs] Processed 2 reads in 0.000 CPU sec, 0.000 real sec
[M::process] read 2 sequences (468 bp)...
[M::mem_pestat] # candidate unique pairs for (FF, FR, RF, RR): (0, 1, 0, 0)
[M::mem_pestat] skip orientation FF as there are not enough pairs
[M::mem_pestat] skip orientation FR as there are not enough pairs
[M::mem_pestat] skip orientation RF as there are not enough pairs
[M::mem_pestat] skip orientation RR as there are not enough pairs
[M::mem_process_seqs] Processed 2 reads in 0.000 CPU sec, 0.000 real sec
[M::process] read 2 sequences (502 bp)...
[M::mem_pestat] # candidate unique pairs for (FF, FR, RF, RR): (0, 1, 0, 0)
[M::mem_pestat] skip orientation FF as there are not enough pairs
[M::mem_pestat] skip orientation FR as there are not enough pairs
[M::mem_pestat] skip orientation RF as there are not enough pairs
[M::mem_pestat] skip orientation RR as there are not enough pairs
[M::mem_process_seqs] Processed 2 reads in 0.000 CPU sec, 0.000 real sec
[M::process] read 2 sequences (495 bp)...
[M::mem_pestat] # candidate unique pairs for (FF, FR, RF, RR): (0, 1, 0, 0)
[M::mem_pestat] skip orientation FF as there are not enough pairs
[M::mem_pestat] skip orientation FR as there are not enough pairs
[M::mem_pestat] skip orientation RF as there are not enough pairs
[M::mem_pestat] skip orientation RR as there are not enough pairs
[M::mem_process_seqs] Processed 2 reads in 0.000 CPU sec, 0.000 real sec
[M::process] read 2 sequences (410 bp)...
[M::mem_pestat] # candidate unique pairs for (FF, FR, RF, RR): (0, 1, 0, 0)
[M::mem_pestat] skip orientation FF as there are not enough pairs
[M::mem_pestat] skip orientation FR as there are not enough pairs
[M::mem_pestat] skip orientation RF as there are not enough pairs
[M::mem_pestat] skip orientation RR as there are not enough pairs
[M::mem_process_seqs] Processed 2 reads in 0.000 CPU sec, 0.000 real sec
[M::process] read 2 sequences (498 bp)...
[M::mem_pestat] # candidate unique pairs for (FF, FR, RF, RR): (0, 1, 0, 0)
[M::mem_pestat] skip orientation FF as there are not enough pairs
[M::mem_pestat] skip orientation FR as there are not enough pairs
[M::mem_pestat] skip orientation RF as there are not enough pairs
[M::mem_pestat] skip orientation RR as there are not enough pairs
[M::mem_process_seqs] Processed 2 reads in 0.000 CPU sec, 0.000 real sec
[M::process] read 2 sequences (434 bp)...
[M::mem_pestat] # candidate unique pairs for (FF, FR, RF, RR): (0, 1, 0, 0)
[M::mem_pestat] skip orientation FF as there are not enough pairs
[M::mem_pestat] skip orientation FR as there are not enough pairs
[M::mem_pestat] skip orientation RF as there are not enough pairs
[M::mem_pestat] skip orientation RR as there are not enough pairs
[M::mem_process_seqs] Processed 2 reads in 0.000 CPU sec, 0.000 real sec
[M::process] read 2 sequences (438 bp)...
[M::mem_pestat] # candidate unique pairs for (FF, FR, RF, RR): (0, 1, 0, 0)
[M::mem_pestat] skip orientation FF as there are not enough pairs
[M::mem_pestat] skip orientation FR as there are not enough pairs
[M::mem_pestat] skip orientation RF as there are not enough pairs
[M::mem_pestat] skip orientation RR as there are not enough pairs
[M::mem_process_seqs] Processed 2 reads in 0.000 CPU sec, 0.000 real sec
[M::process] read 2 sequences (496 bp)...
[M::mem_pestat] # candidate unique pairs for (FF, FR, RF, RR): (0, 1, 0, 0)
[M::mem_pestat] skip orientation FF as there are not enough pairs
[M::mem_pestat] skip orientation FR as there are not enough pairs
[M::mem_pestat] skip orientation RF as there are not enough pairs
[M::mem_pestat] skip orientation RR as there are not enough pairs
[M::mem_process_seqs] Processed 2 reads in 0.000 CPU sec, 0.000 real sec
[M::process] read 2 sequences (376 bp)...
[M::mem_pestat] # candidate unique pairs for (FF, FR, RF, RR): (0, 1, 0, 0)
[M::mem_pestat] skip orientation FF as there are not enough pairs
[M::mem_pestat] skip orientation FR as there are not enough pairs
[M::mem_pestat] skip orientation RF as there are not enough pairs
[M::mem_pestat] skip orientation RR as there are not enough pairs
[M::mem_process_seqs] Processed 2 reads in 0.000 CPU sec, 0.000 real sec
[M::process] read 2 sequences (286 bp)...
[M::mem_pestat] # candidate unique pairs for (FF, FR, RF, RR): (0, 1, 0, 0)
[M::mem_pestat] skip orientation FF as there are not enough pairs
[M::mem_pestat] skip orientation FR as there are not enough pairs
[M::mem_pestat] skip orientation RF as there are not enough pairs
[M::mem_pestat] skip orientation RR as there are not enough pairs
[M::mem_process_seqs] Processed 2 reads in 0.000 CPU sec, 0.000 real sec
[M::process] read 2 sequences (502 bp)...
[M::mem_pestat] # candidate unique pairs for (FF, FR, RF, RR): (0, 1, 0, 0)
[M::mem_pestat] skip orientation FF as there are not enough pairs
[M::mem_pestat] skip orientation FR as there are not enough pairs
[M::mem_pestat] skip orientation RF as there are not enough pairs
[M::mem_pestat] skip orientation RR as there are not enough pairs
[M::mem_process_seqs] Processed 2 reads in 0.000 CPU sec, 0.000 real sec
[M::process] read 2 sequences (494 bp)...
[M::mem_pestat] # candidate unique pairs for (FF, FR, RF, RR): (0, 1, 0, 0)
[M::mem_pestat] skip orientation FF as there are not enough pairs
[M::mem_pestat] skip orientation FR as there are not enough pairs
[M::mem_pestat] skip orientation RF as there are not enough pairs
[M::mem_pestat] skip orientation RR as there are not enough pairs
[M::mem_process_seqs] Processed 2 reads in 0.000 CPU sec, 0.000 real sec
[M::process] read 2 sequences (466 bp)...
[M::mem_pestat] # candidate unique pairs for (FF, FR, RF, RR): (0, 1, 0, 0)
[M::mem_pestat] skip orientation FF as there are not enough pairs
[M::mem_pestat] skip orientation FR as there are not enough pairs
[M::mem_pestat] skip orientation RF as there are not enough pairs
[M::mem_pestat] skip orientation RR as there are not enough pairs
[M::mem_process_seqs] Processed 2 reads in 0.000 CPU sec, 0.000 real sec
[M::process] read 2 sequences (502 bp)...
[M::mem_pestat] # candidate unique pairs for (FF, FR, RF, RR): (0, 1, 0, 0)
[M::mem_pestat] skip orientation FF as there are not enough pairs
[M::mem_pestat] skip orientation FR as there are not enough pairs
[M::mem_pestat] skip orientation RF as there are not enough pairs
[M::mem_pestat] skip orientation RR as there are not enough pairs
[M::mem_process_seqs] Processed 2 reads in 0.000 CPU sec, 0.000 real sec
[M::process] read 2 sequences (490 bp)...
[M::mem_pestat] # candidate unique pairs for (FF, FR, RF, RR): (0, 1, 0, 0)
[M::mem_pestat] skip orientation FF as there are not enough pairs
[M::mem_pestat] skip orientation FR as there are not enough pairs
[M::mem_pestat] skip orientation RF as there are not enough pairs
[M::mem_pestat] skip orientation RR as there are not enough pairs
[M::mem_process_seqs] Processed 2 reads in 0.000 CPU sec, 0.001 real sec
[M::process] read 2 sequences (498 bp)...
[M::mem_pestat] # candidate unique pairs for (FF, FR, RF, RR): (0, 1, 0, 0)
[M::mem_pestat] skip orientation FF as there are not enough pairs
[M::mem_pestat] skip orientation FR as there are not enough pairs
[M::mem_pestat] skip orientation RF as there are not enough pairs
[M::mem_pestat] skip orientation RR as there are not enough pairs
[M::mem_process_seqs] Processed 2 reads in 0.000 CPU sec, 0.000 real sec
[M::process] read 2 sequences (368 bp)...
[M::mem_pestat] # candidate unique pairs for (FF, FR, RF, RR): (0, 1, 0, 0)
[M::mem_pestat] skip orientation FF as there are not enough pairs
[M::mem_pestat] skip orientation FR as there are not enough pairs
[M::mem_pestat] skip orientation RF as there are not enough pairs
[M::mem_pestat] skip orientation RR as there are not enough pairs
[M::mem_process_seqs] Processed 2 reads in 0.000 CPU sec, 0.001 real sec
[M::process] read 2 sequences (456 bp)...
[M::mem_pestat] # candidate unique pairs for (FF, FR, RF, RR): (0, 1, 0, 0)
[M::mem_pestat] skip orientation FF as there are not enough pairs
[M::mem_pestat] skip orientation FR as there are not enough pairs
[M::mem_pestat] skip orientation RF as there are not enough pairs
[M::mem_pestat] skip orientation RR as there are not enough pairs
[M::mem_process_seqs] Processed 2 reads in 0.000 CPU sec, 0.000 real sec
[M::process] read 2 sequences (420 bp)...
[M::mem_pestat] # candidate unique pairs for (FF, FR, RF, RR): (0, 1, 0, 0)
[M::mem_pestat] skip orientation FF as there are not enough pairs
[M::mem_pestat] skip orientation FR as there are not enough pairs
[M::mem_pestat] skip orientation RF as there are not enough pairs
[M::mem_pestat] skip orientation RR as there are not enough pairs
[M::mem_process_seqs] Processed 2 reads in 0.000 CPU sec, 0.001 real sec
[M::process] read 2 sequences (500 bp)...
[M::mem_pestat] # candidate unique pairs for (FF, FR, RF, RR): (0, 1, 0, 0)
[M::mem_pestat] skip orientation FF as there are not enough pairs
[M::mem_pestat] skip orientation FR as there are not enough pairs
[M::mem_pestat] skip orientation RF as there are not enough pairs
[M::mem_pestat] skip orientation RR as there are not enough pairs
[M::mem_process_seqs] Processed 2 reads in 0.000 CPU sec, 0.000 real sec
[M::process] read 2 sequences (306 bp)...
[M::mem_pestat] # candidate unique pairs for (FF, FR, RF, RR): (0, 1, 0, 0)
[M::mem_pestat] skip orientation FF as there are not enough pairs
[M::mem_pestat] skip orientation FR as there are not enough pairs
[M::mem_pestat] skip orientation RF as there are not enough pairs
[M::mem_pestat] skip orientation RR as there are not enough pairs
[M::mem_process_seqs] Processed 2 reads in 0.000 CPU sec, 0.000 real sec
[M::process] read 2 sequences (482 bp)...
[M::mem_pestat] # candidate unique pairs for (FF, FR, RF, RR): (0, 1, 0, 0)
[M::mem_pestat] skip orientation FF as there are not enough pairs
[M::mem_pestat] skip orientation FR as there are not enough pairs
[M::mem_pestat] skip orientation RF as there are not enough pairs
[M::mem_pestat] skip orientation RR as there are not enough pairs
[M::mem_process_seqs] Processed 2 reads in 0.000 CPU sec, 0.000 real sec
[M::process] read 2 sequences (456 bp)...
[M::mem_pestat] # candidate unique pairs for (FF, FR, RF, RR): (0, 1, 0, 0)
[M::mem_pestat] skip orientation FF as there are not enough pairs
[M::mem_pestat] skip orientation FR as there are not enough pairs
[M::mem_pestat] skip orientation RF as there are not enough pairs
[M::mem_pestat] skip orientation RR as there are not enough pairs
[M::mem_process_seqs] Processed 2 reads in 0.000 CPU sec, 0.000 real sec
[M::process] read 2 sequences (501 bp)...
[M::mem_pestat] # candidate unique pairs for (FF, FR, RF, RR): (0, 1, 0, 0)
[M::mem_pestat] skip orientation FF as there are not enough pairs
[M::mem_pestat] skip orientation FR as there are not enough pairs
[M::mem_pestat] skip orientation RF as there are not enough pairs
[M::mem_pestat] skip orientation RR as there are not enough pairs
[M::mem_process_seqs] Processed 2 reads in 0.000 CPU sec, 0.000 real sec
[M::process] read 2 sequences (490 bp)...
[M::mem_pestat] # candidate unique pairs for (FF, FR, RF, RR): (0, 1, 0, 0)
[M::mem_pestat] skip orientation FF as there are not enough pairs
[M::mem_pestat] skip orientation FR as there are not enough pairs
[M::mem_pestat] skip orientation RF as there are not enough pairs
[M::mem_pestat] skip orientation RR as there are not enough pairs
[M::mem_process_seqs] Processed 2 reads in 0.000 CPU sec, 0.000 real sec
[M::process] read 2 sequences (244 bp)...
[M::mem_pestat] # candidate unique pairs for (FF, FR, RF, RR): (0, 1, 0, 0)
[M::mem_pestat] skip orientation FF as there are not enough pairs
[M::mem_pestat] skip orientation FR as there are not enough pairs
[M::mem_pestat] skip orientation RF as there are not enough pairs
[M::mem_pestat] skip orientation RR as there are not enough pairs
[M::mem_process_seqs] Processed 2 reads in 0.000 CPU sec, 0.000 real sec
[M::process] read 2 sequences (352 bp)...
[M::mem_pestat] # candidate unique pairs for (FF, FR, RF, RR): (0, 1, 0, 0)
[M::mem_pestat] skip orientation FF as there are not enough pairs
[M::mem_pestat] skip orientation FR as there are not enough pairs
[M::mem_pestat] skip orientation RF as there are not enough pairs
[M::mem_pestat] skip orientation RR as there are not enough pairs
[M::mem_process_seqs] Processed 2 reads in 0.000 CPU sec, 0.000 real sec
[M::process] read 2 sequences (500 bp)...
[M::mem_pestat] # candidate unique pairs for (FF, FR, RF, RR): (0, 1, 0, 0)
[M::mem_pestat] skip orientation FF as there are not enough pairs
[M::mem_pestat] skip orientation FR as there are not enough pairs
[M::mem_pestat] skip orientation RF as there are not enough pairs
[M::mem_pestat] skip orientation RR as there are not enough pairs
[M::mem_process_seqs] Processed 2 reads in 0.000 CPU sec, 0.000 real sec
[M::process] read 2 sequences (502 bp)...
[M::mem_pestat] # candidate unique pairs for (FF, FR, RF, RR): (0, 1, 0, 0)
[M::mem_pestat] skip orientation FF as there are not enough pairs
[M::mem_pestat] skip orientation FR as there are not enough pairs
[M::mem_pestat] skip orientation RF as there are not enough pairs
[M::mem_pestat] skip orientation RR as there are not enough pairs
[M::mem_process_seqs] Processed 2 reads in 0.000 CPU sec, 0.000 real sec
[M::process] read 2 sequences (314 bp)...
[M::mem_pestat] # candidate unique pairs for (FF, FR, RF, RR): (0, 1, 0, 0)
[M::mem_pestat] skip orientation FF as there are not enough pairs
[M::mem_pestat] skip orientation FR as there are not enough pairs
[M::mem_pestat] skip orientation RF as there are not enough pairs
[M::mem_pestat] skip orientation RR as there are not enough pairs
[M::mem_process_seqs] Processed 2 reads in 0.000 CPU sec, 0.000 real sec
[M::process] read 2 sequences (494 bp)...
[M::mem_pestat] # candidate unique pairs for (FF, FR, RF, RR): (0, 1, 0, 0)
[M::mem_pestat] skip orientation FF as there are not enough pairs
[M::mem_pestat] skip orientation FR as there are not enough pairs
[M::mem_pestat] skip orientation RF as there are not enough pairs
[M::mem_pestat] skip orientation RR as there are not enough pairs
[M::mem_process_seqs] Processed 2 reads in 0.000 CPU sec, 0.000 real sec
[M::process] read 2 sequences (448 bp)...
[M::mem_pestat] # candidate unique pairs for (FF, FR, RF, RR): (0, 1, 0, 0)
[M::mem_pestat] skip orientation FF as there are not enough pairs
[M::mem_pestat] skip orientation FR as there are not enough pairs
[M::mem_pestat] skip orientation RF as there are not enough pairs
[M::mem_pestat] skip orientation RR as there are not enough pairs
[M::mem_process_seqs] Processed 2 reads in 0.000 CPU sec, 0.000 real sec
[M::process] read 2 sequences (360 bp)...
[M::mem_pestat] # candidate unique pairs for (FF, FR, RF, RR): (0, 1, 0, 0)
[M::mem_pestat] skip orientation FF as there are not enough pairs
[M::mem_pestat] skip orientation FR as there are not enough pairs
[M::mem_pestat] skip orientation RF as there are not enough pairs
[M::mem_pestat] skip orientation RR as there are not enough pairs
[M::mem_process_seqs] Processed 2 reads in 0.000 CPU sec, 0.000 real sec
[M::process] read 2 sequences (501 bp)...
[M::mem_pestat] # candidate unique pairs for (FF, FR, RF, RR): (0, 1, 0, 0)
[M::mem_pestat] skip orientation FF as there are not enough pairs
[M::mem_pestat] skip orientation FR as there are not enough pairs
[M::mem_pestat] skip orientation RF as there are not enough pairs
[M::mem_pestat] skip orientation RR as there are not enough pairs
[M::mem_process_seqs] Processed 2 reads in 0.000 CPU sec, 0.000 real sec
[M::process] read 2 sequences (497 bp)...
[M::mem_pestat] # candidate unique pairs for (FF, FR, RF, RR): (0, 1, 0, 0)
[M::mem_pestat] skip orientation FF as there are not enough pairs
[M::mem_pestat] skip orientation FR as there are not enough pairs
[M::mem_pestat] skip orientation RF as there are not enough pairs
[M::mem_pestat] skip orientation RR as there are not enough pairs
[M::mem_process_seqs] Processed 2 reads in 0.000 CPU sec, 0.000 real sec
[M::process] read 2 sequences (460 bp)...
[M::mem_pestat] # candidate unique pairs for (FF, FR, RF, RR): (0, 1, 0, 0)
[M::mem_pestat] skip orientation FF as there are not enough pairs
[M::mem_pestat] skip orientation FR as there are not enough pairs
[M::mem_pestat] skip orientation RF as there are not enough pairs
[M::mem_pestat] skip orientation RR as there are not enough pairs
[M::mem_process_seqs] Processed 2 reads in 0.000 CPU sec, 0.000 real sec
[M::process] read 2 sequences (370 bp)...
[M::mem_pestat] # candidate unique pairs for (FF, FR, RF, RR): (0, 1, 0, 0)
[M::mem_pestat] skip orientation FF as there are not enough pairs
[M::mem_pestat] skip orientation FR as there are not enough pairs
[M::mem_pestat] skip orientation RF as there are not enough pairs
[M::mem_pestat] skip orientation RR as there are not enough pairs
[M::mem_process_seqs] Processed 2 reads in 0.000 CPU sec, 0.000 real sec
[M::process] read 2 sequences (502 bp)...
[M::mem_pestat] # candidate unique pairs for (FF, FR, RF, RR): (0, 1, 0, 0)
[M::mem_pestat] skip orientation FF as there are not enough pairs
[M::mem_pestat] skip orientation FR as there are not enough pairs
[M::mem_pestat] skip orientation RF as there are not enough pairs
[M::mem_pestat] skip orientation RR as there are not enough pairs
[M::mem_process_seqs] Processed 2 reads in 0.000 CPU sec, 0.000 real sec
[M::process] read 2 sequences (492 bp)...
[M::mem_pestat] # candidate unique pairs for (FF, FR, RF, RR): (0, 1, 0, 0)
[M::mem_pestat] skip orientation FF as there are not enough pairs
[M::mem_pestat] skip orientation FR as there are not enough pairs
[M::mem_pestat] skip orientation RF as there are not enough pairs
[M::mem_pestat] skip orientation RR as there are not enough pairs
[M::mem_process_seqs] Processed 2 reads in 0.000 CPU sec, 0.000 real sec
[M::process] read 2 sequences (497 bp)...
[M::mem_pestat] # candidate unique pairs for (FF, FR, RF, RR): (0, 1, 0, 0)
[M::mem_pestat] skip orientation FF as there are not enough pairs
[M::mem_pestat] skip orientation FR as there are not enough pairs
[M::mem_pestat] skip orientation RF as there are not enough pairs
[M::mem_pestat] skip orientation RR as there are not enough pairs
[M::mem_process_seqs] Processed 2 reads in 0.000 CPU sec, 0.000 real sec
[M::process] read 2 sequences (290 bp)...
[M::mem_pestat] # candidate unique pairs for (FF, FR, RF, RR): (0, 1, 0, 0)
[M::mem_pestat] skip orientation FF as there are not enough pairs
[M::mem_pestat] skip orientation FR as there are not enough pairs
[M::mem_pestat] skip orientation RF as there are not enough pairs
[M::mem_pestat] skip orientation RR as there are not enough pairs
[M::mem_process_seqs] Processed 2 reads in 0.000 CPU sec, 0.000 real sec
[M::process] read 2 sequences (501 bp)...
[M::mem_pestat] # candidate unique pairs for (FF, FR, RF, RR): (0, 1, 0, 0)
[M::mem_pestat] skip orientation FF as there are not enough pairs
[M::mem_pestat] skip orientation FR as there are not enough pairs
[M::mem_pestat] skip orientation RF as there are not enough pairs
[M::mem_pestat] skip orientation RR as there are not enough pairs
[M::mem_process_seqs] Processed 2 reads in 0.000 CPU sec, 0.000 real sec
[M::process] read 2 sequences (304 bp)...
[M::mem_pestat] # candidate unique pairs for (FF, FR, RF, RR): (0, 1, 0, 0)
[M::mem_pestat] skip orientation FF as there are not enough pairs
[M::mem_pestat] skip orientation FR as there are not enough pairs
[M::mem_pestat] skip orientation RF as there are not enough pairs
[M::mem_pestat] skip orientation RR as there are not enough pairs
[M::mem_process_seqs] Processed 2 reads in 0.000 CPU sec, 0.000 real sec
[M::process] read 2 sequences (502 bp)...
[M::mem_pestat] # candidate unique pairs for (FF, FR, RF, RR): (0, 1, 0, 0)
[M::mem_pestat] skip orientation FF as there are not enough pairs
[M::mem_pestat] skip orientation FR as there are not enough pairs
[M::mem_pestat] skip orientation RF as there are not enough pairs
[M::mem_pestat] skip orientation RR as there are not enough pairs
[M::mem_process_seqs] Processed 2 reads in 0.000 CPU sec, 0.000 real sec
[M::process] read 2 sequences (502 bp)...
[M::mem_pestat] # candidate unique pairs for (FF, FR, RF, RR): (0, 1, 0, 0)
[M::mem_pestat] skip orientation FF as there are not enough pairs
[M::mem_pestat] skip orientation FR as there are not enough pairs
[M::mem_pestat] skip orientation RF as there are not enough pairs
[M::mem_pestat] skip orientation RR as there are not enough pairs
[M::mem_process_seqs] Processed 2 reads in 0.000 CPU sec, 0.000 real sec
[M::process] read 2 sequences (444 bp)...
[M::mem_pestat] # candidate unique pairs for (FF, FR, RF, RR): (0, 1, 0, 0)
[M::mem_pestat] skip orientation FF as there are not enough pairs
[M::mem_pestat] skip orientation FR as there are not enough pairs
[M::mem_pestat] skip orientation RF as there are not enough pairs
[M::mem_pestat] skip orientation RR as there are not enough pairs
[M::mem_process_seqs] Processed 2 reads in 0.000 CPU sec, 0.000 real sec
[M::process] read 2 sequences (502 bp)...
[M::mem_pestat] # candidate unique pairs for (FF, FR, RF, RR): (0, 1, 0, 0)
[M::mem_pestat] skip orientation FF as there are not enough pairs
[M::mem_pestat] skip orientation FR as there are not enough pairs
[M::mem_pestat] skip orientation RF as there are not enough pairs
[M::mem_pestat] skip orientation RR as there are not enough pairs
[M::mem_process_seqs] Processed 2 reads in 0.000 CPU sec, 0.000 real sec
[M::process] read 2 sequences (485 bp)...
[M::mem_pestat] # candidate unique pairs for (FF, FR, RF, RR): (0, 1, 0, 0)
[M::mem_pestat] skip orientation FF as there are not enough pairs
[M::mem_pestat] skip orientation FR as there are not enough pairs
[M::mem_pestat] skip orientation RF as there are not enough pairs
[M::mem_pestat] skip orientation RR as there are not enough pairs
[M::mem_process_seqs] Processed 2 reads in 0.000 CPU sec, 0.000 real sec
[M::process] read 2 sequences (444 bp)...
[M::mem_pestat] # candidate unique pairs for (FF, FR, RF, RR): (0, 1, 0, 0)
[M::mem_pestat] skip orientation FF as there are not enough pairs
[M::mem_pestat] skip orientation FR as there are not enough pairs
[M::mem_pestat] skip orientation RF as there are not enough pairs
[M::mem_pestat] skip orientation RR as there are not enough pairs
[M::mem_process_seqs] Processed 2 reads in 0.000 CPU sec, 0.000 real sec
[M::process] read 2 sequences (502 bp)...
[M::mem_pestat] # candidate unique pairs for (FF, FR, RF, RR): (0, 1, 0, 0)
[M::mem_pestat] skip orientation FF as there are not enough pairs
[M::mem_pestat] skip orientation FR as there are not enough pairs
[M::mem_pestat] skip orientation RF as there are not enough pairs
[M::mem_pestat] skip orientation RR as there are not enough pairs
[M::mem_process_seqs] Processed 2 reads in 0.000 CPU sec, 0.000 real sec
[M::process] read 2 sequences (410 bp)...
[M::mem_pestat] # candidate unique pairs for (FF, FR, RF, RR): (0, 1, 0, 0)
[M::mem_pestat] skip orientation FF as there are not enough pairs
[M::mem_pestat] skip orientation FR as there are not enough pairs
[M::mem_pestat] skip orientation RF as there are not enough pairs
[M::mem_pestat] skip orientation RR as there are not enough pairs
[M::mem_process_seqs] Processed 2 reads in 0.000 CPU sec, 0.000 real sec
[M::process] read 2 sequences (468 bp)...
[M::mem_pestat] # candidate unique pairs for (FF, FR, RF, RR): (0, 1, 0, 0)
[M::mem_pestat] skip orientation FF as there are not enough pairs
[M::mem_pestat] skip orientation FR as there are not enough pairs
[M::mem_pestat] skip orientation RF as there are not enough pairs
[M::mem_pestat] skip orientation RR as there are not enough pairs
[M::mem_process_seqs] Processed 2 reads in 0.000 CPU sec, 0.000 real sec
[M::process] read 2 sequences (502 bp)...
[M::mem_pestat] # candidate unique pairs for (FF, FR, RF, RR): (0, 1, 0, 0)
[M::mem_pestat] skip orientation FF as there are not enough pairs
[M::mem_pestat] skip orientation FR as there are not enough pairs
[M::mem_pestat] skip orientation RF as there are not enough pairs
[M::mem_pestat] skip orientation RR as there are not enough pairs
[M::mem_process_seqs] Processed 2 reads in 0.000 CPU sec, 0.000 real sec
[M::process] read 2 sequences (488 bp)...
[M::mem_pestat] # candidate unique pairs for (FF, FR, RF, RR): (0, 1, 0, 0)
[M::mem_pestat] skip orientation FF as there are not enough pairs
[M::mem_pestat] skip orientation FR as there are not enough pairs
[M::mem_pestat] skip orientation RF as there are not enough pairs
[M::mem_pestat] skip orientation RR as there are not enough pairs
[M::mem_process_seqs] Processed 2 reads in 0.000 CPU sec, 0.000 real sec
[M::process] read 2 sequences (502 bp)...
[M::mem_pestat] # candidate unique pairs for (FF, FR, RF, RR): (0, 1, 0, 0)
[M::mem_pestat] skip orientation FF as there are not enough pairs
[M::mem_pestat] skip orientation FR as there are not enough pairs
[M::mem_pestat] skip orientation RF as there are not enough pairs
[M::mem_pestat] skip orientation RR as there are not enough pairs
[M::mem_process_seqs] Processed 2 reads in 0.000 CPU sec, 0.000 real sec
[M::process] read 2 sequences (494 bp)...
[M::mem_pestat] # candidate unique pairs for (FF, FR, RF, RR): (0, 1, 0, 0)
[M::mem_pestat] skip orientation FF as there are not enough pairs
[M::mem_pestat] skip orientation FR as there are not enough pairs
[M::mem_pestat] skip orientation RF as there are not enough pairs
[M::mem_pestat] skip orientation RR as there are not enough pairs
[M::mem_process_seqs] Processed 2 reads in 0.000 CPU sec, 0.000 real sec
[M::process] read 2 sequences (454 bp)...
[M::mem_pestat] # candidate unique pairs for (FF, FR, RF, RR): (0, 1, 0, 0)
[M::mem_pestat] skip orientation FF as there are not enough pairs
[M::mem_pestat] skip orientation FR as there are not enough pairs
[M::mem_pestat] skip orientation RF as there are not enough pairs
[M::mem_pestat] skip orientation RR as there are not enough pairs
[M::mem_process_seqs] Processed 2 reads in 0.000 CPU sec, 0.000 real sec
[M::process] read 2 sequences (412 bp)...
[M::mem_pestat] # candidate unique pairs for (FF, FR, RF, RR): (0, 1, 0, 0)
[M::mem_pestat] skip orientation FF as there are not enough pairs
[M::mem_pestat] skip orientation FR as there are not enough pairs
[M::mem_pestat] skip orientation RF as there are not enough pairs
[M::mem_pestat] skip orientation RR as there are not enough pairs
[M::mem_process_seqs] Processed 2 reads in 0.000 CPU sec, 0.000 real sec
[M::process] read 2 sequences (502 bp)...
[M::mem_pestat] # candidate unique pairs for (FF, FR, RF, RR): (0, 1, 0, 0)
[M::mem_pestat] skip orientation FF as there are not enough pairs
[M::mem_pestat] skip orientation FR as there are not enough pairs
[M::mem_pestat] skip orientation RF as there are not enough pairs
[M::mem_pestat] skip orientation RR as there are not enough pairs
[M::mem_process_seqs] Processed 2 reads in 0.000 CPU sec, 0.000 real sec
[M::process] read 2 sequences (294 bp)...
[M::mem_pestat] # candidate unique pairs for (FF, FR, RF, RR): (0, 1, 0, 0)
[M::mem_pestat] skip orientation FF as there are not enough pairs
[M::mem_pestat] skip orientation FR as there are not enough pairs
[M::mem_pestat] skip orientation RF as there are not enough pairs
[M::mem_pestat] skip orientation RR as there are not enough pairs
[M::mem_process_seqs] Processed 2 reads in 0.000 CPU sec, 0.000 real sec
[M::process] read 2 sequences (460 bp)...
[M::mem_pestat] # candidate unique pairs for (FF, FR, RF, RR): (0, 1, 0, 0)
[M::mem_pestat] skip orientation FF as there are not enough pairs
[M::mem_pestat] skip orientation FR as there are not enough pairs
[M::mem_pestat] skip orientation RF as there are not enough pairs
[M::mem_pestat] skip orientation RR as there are not enough pairs
[M::mem_process_seqs] Processed 2 reads in 0.000 CPU sec, 0.000 real sec
[M::process] read 2 sequences (496 bp)...
[M::mem_pestat] # candidate unique pairs for (FF, FR, RF, RR): (0, 1, 0, 0)
[M::mem_pestat] skip orientation FF as there are not enough pairs
[M::mem_pestat] skip orientation FR as there are not enough pairs
[M::mem_pestat] skip orientation RF as there are not enough pairs
[M::mem_pestat] skip orientation RR as there are not enough pairs
[M::mem_process_seqs] Processed 2 reads in 0.000 CPU sec, 0.000 real sec
[M::process] read 2 sequences (498 bp)...
[M::mem_pestat] # candidate unique pairs for (FF, FR, RF, RR): (0, 1, 0, 0)
[M::mem_pestat] skip orientation FF as there are not enough pairs
[M::mem_pestat] skip orientation FR as there are not enough pairs
[M::mem_pestat] skip orientation RF as there are not enough pairs
[M::mem_pestat] skip orientation RR as there are not enough pairs
[M::mem_process_seqs] Processed 2 reads in 0.000 CPU sec, 0.000 real sec
[M::process] read 2 sequences (408 bp)...
[M::mem_pestat] # candidate unique pairs for (FF, FR, RF, RR): (0, 1, 0, 0)
[M::mem_pestat] skip orientation FF as there are not enough pairs
[M::mem_pestat] skip orientation FR as there are not enough pairs
[M::mem_pestat] skip orientation RF as there are not enough pairs
[M::mem_pestat] skip orientation RR as there are not enough pairs
[M::mem_process_seqs] Processed 2 reads in 0.000 CPU sec, 0.000 real sec
[M::process] read 2 sequences (502 bp)...
[M::mem_pestat] # candidate unique pairs for (FF, FR, RF, RR): (0, 1, 0, 0)
[M::mem_pestat] skip orientation FF as there are not enough pairs
[M::mem_pestat] skip orientation FR as there are not enough pairs
[M::mem_pestat] skip orientation RF as there are not enough pairs
[M::mem_pestat] skip orientation RR as there are not enough pairs
[M::mem_process_seqs] Processed 2 reads in 0.000 CPU sec, 0.000 real sec
[M::process] read 2 sequences (492 bp)...
[M::mem_pestat] # candidate unique pairs for (FF, FR, RF, RR): (0, 1, 0, 0)
[M::mem_pestat] skip orientation FF as there are not enough pairs
[M::mem_pestat] skip orientation FR as there are not enough pairs
[M::mem_pestat] skip orientation RF as there are not enough pairs
[M::mem_pestat] skip orientation RR as there are not enough pairs
[M::mem_process_seqs] Processed 2 reads in 0.000 CPU sec, 0.000 real sec
[M::process] read 2 sequences (498 bp)...
[M::mem_pestat] # candidate unique pairs for (FF, FR, RF, RR): (0, 1, 0, 0)
[M::mem_pestat] skip orientation FF as there are not enough pairs
[M::mem_pestat] skip orientation FR as there are not enough pairs
[M::mem_pestat] skip orientation RF as there are not enough pairs
[M::mem_pestat] skip orientation RR as there are not enough pairs
[M::mem_process_seqs] Processed 2 reads in 0.000 CPU sec, 0.000 real sec
[M::process] read 2 sequences (212 bp)...
[M::mem_pestat] # candidate unique pairs for (FF, FR, RF, RR): (0, 1, 0, 0)
[M::mem_pestat] skip orientation FF as there are not enough pairs
[M::mem_pestat] skip orientation FR as there are not enough pairs
[M::mem_pestat] skip orientation RF as there are not enough pairs
[M::mem_pestat] skip orientation RR as there are not enough pairs
[M::mem_process_seqs] Processed 2 reads in 0.000 CPU sec, 0.000 real sec
[M::process] read 2 sequences (432 bp)...
[M::mem_pestat] # candidate unique pairs for (FF, FR, RF, RR): (0, 1, 0, 0)
[M::mem_pestat] skip orientation FF as there are not enough pairs
[M::mem_pestat] skip orientation FR as there are not enough pairs
[M::mem_pestat] skip orientation RF as there are not enough pairs
[M::mem_pestat] skip orientation RR as there are not enough pairs
[M::mem_process_seqs] Processed 2 reads in 0.000 CPU sec, 0.000 real sec
[M::process] read 2 sequences (466 bp)...
[M::mem_pestat] # candidate unique pairs for (FF, FR, RF, RR): (0, 1, 0, 0)
[M::mem_pestat] skip orientation FF as there are not enough pairs
[M::mem_pestat] skip orientation FR as there are not enough pairs
[M::mem_pestat] skip orientation RF as there are not enough pairs
[M::mem_pestat] skip orientation RR as there are not enough pairs
[M::mem_process_seqs] Processed 2 reads in 0.000 CPU sec, 0.000 real sec
[M::process] read 2 sequences (436 bp)...
[M::mem_pestat] # candidate unique pairs for (FF, FR, RF, RR): (0, 1, 0, 0)
[M::mem_pestat] skip orientation FF as there are not enough pairs
[M::mem_pestat] skip orientation FR as there are not enough pairs
[M::mem_pestat] skip orientation RF as there are not enough pairs
[M::mem_pestat] skip orientation RR as there are not enough pairs
[M::mem_process_seqs] Processed 2 reads in 0.000 CPU sec, 0.000 real sec
[M::process] read 2 sequences (498 bp)...
[M::mem_pestat] # candidate unique pairs for (FF, FR, RF, RR): (0, 1, 0, 0)
[M::mem_pestat] skip orientation FF as there are not enough pairs
[M::mem_pestat] skip orientation FR as there are not enough pairs
[M::mem_pestat] skip orientation RF as there are not enough pairs
[M::mem_pestat] skip orientation RR as there are not enough pairs
[M::mem_process_seqs] Processed 2 reads in 0.000 CPU sec, 0.000 real sec
[M::process] read 2 sequences (502 bp)...
[M::mem_pestat] # candidate unique pairs for (FF, FR, RF, RR): (0, 1, 0, 0)
[M::mem_pestat] skip orientation FF as there are not enough pairs
[M::mem_pestat] skip orientation FR as there are not enough pairs
[M::mem_pestat] skip orientation RF as there are not enough pairs
[M::mem_pestat] skip orientation RR as there are not enough pairs
[M::mem_process_seqs] Processed 2 reads in 0.000 CPU sec, 0.000 real sec
[M::process] read 2 sequences (336 bp)...
[M::mem_pestat] # candidate unique pairs for (FF, FR, RF, RR): (0, 1, 0, 0)
[M::mem_pestat] skip orientation FF as there are not enough pairs
[M::mem_pestat] skip orientation FR as there are not enough pairs
[M::mem_pestat] skip orientation RF as there are not enough pairs
[M::mem_pestat] skip orientation RR as there are not enough pairs
[M::mem_process_seqs] Processed 2 reads in 0.000 CPU sec, 0.000 real sec
[M::process] read 2 sequences (502 bp)...
[M::mem_pestat] # candidate unique pairs for (FF, FR, RF, RR): (0, 1, 0, 0)
[M::mem_pestat] skip orientation FF as there are not enough pairs
[M::mem_pestat] skip orientation FR as there are not enough pairs
[M::mem_pestat] skip orientation RF as there are not enough pairs
[M::mem_pestat] skip orientation RR as there are not enough pairs
[M::mem_process_seqs] Processed 2 reads in 0.000 CPU sec, 0.000 real sec
[M::process] read 2 sequences (501 bp)...
[M::mem_pestat] # candidate unique pairs for (FF, FR, RF, RR): (0, 1, 0, 0)
[M::mem_pestat] skip orientation FF as there are not enough pairs
[M::mem_pestat] skip orientation FR as there are not enough pairs
[M::mem_pestat] skip orientation RF as there are not enough pairs
[M::mem_pestat] skip orientation RR as there are not enough pairs
[M::mem_process_seqs] Processed 2 reads in 0.000 CPU sec, 0.000 real sec
[M::process] read 2 sequences (318 bp)...
[M::mem_pestat] # candidate unique pairs for (FF, FR, RF, RR): (0, 1, 0, 0)
[M::mem_pestat] skip orientation FF as there are not enough pairs
[M::mem_pestat] skip orientation FR as there are not enough pairs
[M::mem_pestat] skip orientation RF as there are not enough pairs
[M::mem_pestat] skip orientation RR as there are not enough pairs
[M::mem_process_seqs] Processed 2 reads in 0.000 CPU sec, 0.000 real sec
[M::process] read 2 sequences (502 bp)...
[M::mem_pestat] # candidate unique pairs for (FF, FR, RF, RR): (0, 1, 0, 0)
[M::mem_pestat] skip orientation FF as there are not enough pairs
[M::mem_pestat] skip orientation FR as there are not enough pairs
[M::mem_pestat] skip orientation RF as there are not enough pairs
[M::mem_pestat] skip orientation RR as there are not enough pairs
[M::mem_process_seqs] Processed 2 reads in 0.000 CPU sec, 0.000 real sec
[M::process] read 2 sequences (501 bp)...
[M::mem_pestat] # candidate unique pairs for (FF, FR, RF, RR): (0, 1, 0, 0)
[M::mem_pestat] skip orientation FF as there are not enough pairs
[M::mem_pestat] skip orientation FR as there are not enough pairs
[M::mem_pestat] skip orientation RF as there are not enough pairs
[M::mem_pestat] skip orientation RR as there are not enough pairs
[M::mem_process_seqs] Processed 2 reads in 0.000 CPU sec, 0.000 real sec
[M::process] read 2 sequences (434 bp)...
[M::mem_pestat] # candidate unique pairs for (FF, FR, RF, RR): (0, 1, 0, 0)
[M::mem_pestat] skip orientation FF as there are not enough pairs
[M::mem_pestat] skip orientation FR as there are not enough pairs
[M::mem_pestat] skip orientation RF as there are not enough pairs
[M::mem_pestat] skip orientation RR as there are not enough pairs
[M::mem_process_seqs] Processed 2 reads in 0.000 CPU sec, 0.000 real sec
[M::process] read 2 sequences (502 bp)...
[M::mem_pestat] # candidate unique pairs for (FF, FR, RF, RR): (0, 1, 0, 0)
[M::mem_pestat] skip orientation FF as there are not enough pairs
[M::mem_pestat] skip orientation FR as there are not enough pairs
[M::mem_pestat] skip orientation RF as there are not enough pairs
[M::mem_pestat] skip orientation RR as there are not enough pairs
[M::mem_process_seqs] Processed 2 reads in 0.000 CPU sec, 0.000 real sec
[M::process] read 2 sequences (478 bp)...
[M::mem_pestat] # candidate unique pairs for (FF, FR, RF, RR): (0, 1, 0, 0)
[M::mem_pestat] skip orientation FF as there are not enough pairs
[M::mem_pestat] skip orientation FR as there are not enough pairs
[M::mem_pestat] skip orientation RF as there are not enough pairs
[M::mem_pestat] skip orientation RR as there are not enough pairs
[M::mem_process_seqs] Processed 2 reads in 0.000 CPU sec, 0.000 real sec
[M::process] read 2 sequences (418 bp)...
[M::mem_pestat] # candidate unique pairs for (FF, FR, RF, RR): (0, 1, 0, 0)
[M::mem_pestat] skip orientation FF as there are not enough pairs
[M::mem_pestat] skip orientation FR as there are not enough pairs
[M::mem_pestat] skip orientation RF as there are not enough pairs
[M::mem_pestat] skip orientation RR as there are not enough pairs
[M::mem_process_seqs] Processed 2 reads in 0.000 CPU sec, 0.000 real sec
[M::process] read 2 sequences (366 bp)...
[M::mem_pestat] # candidate unique pairs for (FF, FR, RF, RR): (0, 1, 0, 0)
[M::mem_pestat] skip orientation FF as there are not enough pairs
[M::mem_pestat] skip orientation FR as there are not enough pairs
[M::mem_pestat] skip orientation RF as there are not enough pairs
[M::mem_pestat] skip orientation RR as there are not enough pairs
[M::mem_process_seqs] Processed 2 reads in 0.000 CPU sec, 0.000 real sec
[M::process] read 2 sequences (500 bp)...
[M::mem_pestat] # candidate unique pairs for (FF, FR, RF, RR): (0, 1, 0, 0)
[M::mem_pestat] skip orientation FF as there are not enough pairs
[M::mem_pestat] skip orientation FR as there are not enough pairs
[M::mem_pestat] skip orientation RF as there are not enough pairs
[M::mem_pestat] skip orientation RR as there are not enough pairs
[M::mem_process_seqs] Processed 2 reads in 0.000 CPU sec, 0.000 real sec
[M::process] read 2 sequences (498 bp)...
[M::mem_pestat] # candidate unique pairs for (FF, FR, RF, RR): (0, 1, 0, 0)
[M::mem_pestat] skip orientation FF as there are not enough pairs
[M::mem_pestat] skip orientation FR as there are not enough pairs
[M::mem_pestat] skip orientation RF as there are not enough pairs
[M::mem_pestat] skip orientation RR as there are not enough pairs
[M::mem_process_seqs] Processed 2 reads in 0.000 CPU sec, 0.000 real sec
[M::process] read 2 sequences (498 bp)...
[M::mem_pestat] # candidate unique pairs for (FF, FR, RF, RR): (0, 1, 0, 0)
[M::mem_pestat] skip orientation FF as there are not enough pairs
[M::mem_pestat] skip orientation FR as there are not enough pairs
[M::mem_pestat] skip orientation RF as there are not enough pairs
[M::mem_pestat] skip orientation RR as there are not enough pairs
[M::mem_process_seqs] Processed 2 reads in 0.000 CPU sec, 0.000 real sec
[M::process] read 2 sequences (346 bp)...
[M::mem_pestat] # candidate unique pairs for (FF, FR, RF, RR): (0, 1, 0, 0)
[M::mem_pestat] skip orientation FF as there are not enough pairs
[M::mem_pestat] skip orientation FR as there are not enough pairs
[M::mem_pestat] skip orientation RF as there are not enough pairs
[M::mem_pestat] skip orientation RR as there are not enough pairs
[M::mem_process_seqs] Processed 2 reads in 0.000 CPU sec, 0.000 real sec
[M::process] read 2 sequences (306 bp)...
[M::mem_pestat] # candidate unique pairs for (FF, FR, RF, RR): (0, 1, 0, 0)
[M::mem_pestat] skip orientation FF as there are not enough pairs
[M::mem_pestat] skip orientation FR as there are not enough pairs
[M::mem_pestat] skip orientation RF as there are not enough pairs
[M::mem_pestat] skip orientation RR as there are not enough pairs
[M::mem_process_seqs] Processed 2 reads in 0.000 CPU sec, 0.000 real sec
[M::process] read 2 sequences (332 bp)...
[M::mem_pestat] # candidate unique pairs for (FF, FR, RF, RR): (0, 1, 0, 0)
[M::mem_pestat] skip orientation FF as there are not enough pairs
[M::mem_pestat] skip orientation FR as there are not enough pairs
[M::mem_pestat] skip orientation RF as there are not enough pairs
[M::mem_pestat] skip orientation RR as there are not enough pairs
[M::mem_process_seqs] Processed 2 reads in 0.000 CPU sec, 0.000 real sec
[M::process] read 2 sequences (298 bp)...
[M::mem_pestat] # candidate unique pairs for (FF, FR, RF, RR): (0, 1, 0, 0)
[M::mem_pestat] skip orientation FF as there are not enough pairs
[M::mem_pestat] skip orientation FR as there are not enough pairs
[M::mem_pestat] skip orientation RF as there are not enough pairs
[M::mem_pestat] skip orientation RR as there are not enough pairs
[M::mem_process_seqs] Processed 2 reads in 0.000 CPU sec, 0.000 real sec
[M::process] read 2 sequences (390 bp)...
[M::mem_pestat] # candidate unique pairs for (FF, FR, RF, RR): (0, 1, 0, 0)
[M::mem_pestat] skip orientation FF as there are not enough pairs
[M::mem_pestat] skip orientation FR as there are not enough pairs
[M::mem_pestat] skip orientation RF as there are not enough pairs
[M::mem_pestat] skip orientation RR as there are not enough pairs
[M::mem_process_seqs] Processed 2 reads in 0.000 CPU sec, 0.000 real sec
[M::process] read 2 sequences (502 bp)...
[M::mem_pestat] # candidate unique pairs for (FF, FR, RF, RR): (0, 1, 0, 0)
[M::mem_pestat] skip orientation FF as there are not enough pairs
[M::mem_pestat] skip orientation FR as there are not enough pairs
[M::mem_pestat] skip orientation RF as there are not enough pairs
[M::mem_pestat] skip orientation RR as there are not enough pairs
[M::mem_process_seqs] Processed 2 reads in 0.000 CPU sec, 0.000 real sec
[M::process] read 2 sequences (497 bp)...
[M::mem_pestat] # candidate unique pairs for (FF, FR, RF, RR): (0, 1, 0, 0)
[M::mem_pestat] skip orientation FF as there are not enough pairs
[M::mem_pestat] skip orientation FR as there are not enough pairs
[M::mem_pestat] skip orientation RF as there are not enough pairs
[M::mem_pestat] skip orientation RR as there are not enough pairs
[M::mem_process_seqs] Processed 2 reads in 0.000 CPU sec, 0.000 real sec
[M::process] read 2 sequences (498 bp)...
[M::mem_pestat] # candidate unique pairs for (FF, FR, RF, RR): (0, 1, 0, 0)
[M::mem_pestat] skip orientation FF as there are not enough pairs
[M::mem_pestat] skip orientation FR as there are not enough pairs
[M::mem_pestat] skip orientation RF as there are not enough pairs
[M::mem_pestat] skip orientation RR as there are not enough pairs
[M::mem_process_seqs] Processed 2 reads in 0.000 CPU sec, 0.000 real sec
[M::process] read 2 sequences (474 bp)...
[M::mem_pestat] # candidate unique pairs for (FF, FR, RF, RR): (0, 1, 0, 0)
[M::mem_pestat] skip orientation FF as there are not enough pairs
[M::mem_pestat] skip orientation FR as there are not enough pairs
[M::mem_pestat] skip orientation RF as there are not enough pairs
[M::mem_pestat] skip orientation RR as there are not enough pairs
[M::mem_process_seqs] Processed 2 reads in 0.000 CPU sec, 0.000 real sec
[M::process] read 2 sequences (502 bp)...
[M::mem_pestat] # candidate unique pairs for (FF, FR, RF, RR): (0, 1, 0, 0)
[M::mem_pestat] skip orientation FF as there are not enough pairs
[M::mem_pestat] skip orientation FR as there are not enough pairs
[M::mem_pestat] skip orientation RF as there are not enough pairs
[M::mem_pestat] skip orientation RR as there are not enough pairs
[M::mem_process_seqs] Processed 2 reads in 0.000 CPU sec, 0.000 real sec
[M::process] read 2 sequences (418 bp)...
[M::mem_pestat] # candidate unique pairs for (FF, FR, RF, RR): (0, 1, 0, 0)
[M::mem_pestat] skip orientation FF as there are not enough pairs
[M::mem_pestat] skip orientation FR as there are not enough pairs
[M::mem_pestat] skip orientation RF as there are not enough pairs
[M::mem_pestat] skip orientation RR as there are not enough pairs
[M::mem_process_seqs] Processed 2 reads in 0.000 CPU sec, 0.000 real sec
[M::process] read 2 sequences (498 bp)...
[M::mem_pestat] # candidate unique pairs for (FF, FR, RF, RR): (0, 1, 0, 0)
[M::mem_pestat] skip orientation FF as there are not enough pairs
[M::mem_pestat] skip orientation FR as there are not enough pairs
[M::mem_pestat] skip orientation RF as there are not enough pairs
[M::mem_pestat] skip orientation RR as there are not enough pairs
[M::mem_process_seqs] Processed 2 reads in 0.000 CPU sec, 0.000 real sec
[M::process] read 2 sequences (502 bp)...
[M::mem_pestat] # candidate unique pairs for (FF, FR, RF, RR): (0, 1, 0, 0)
[M::mem_pestat] skip orientation FF as there are not enough pairs
[M::mem_pestat] skip orientation FR as there are not enough pairs
[M::mem_pestat] skip orientation RF as there are not enough pairs
[M::mem_pestat] skip orientation RR as there are not enough pairs
[M::mem_process_seqs] Processed 2 reads in 0.000 CPU sec, 0.000 real sec
[M::process] read 2 sequences (482 bp)...
[M::mem_pestat] # candidate unique pairs for (FF, FR, RF, RR): (0, 1, 0, 0)
[M::mem_pestat] skip orientation FF as there are not enough pairs
[M::mem_pestat] skip orientation FR as there are not enough pairs
[M::mem_pestat] skip orientation RF as there are not enough pairs
[M::mem_pestat] skip orientation RR as there are not enough pairs
[M::mem_process_seqs] Processed 2 reads in 0.000 CPU sec, 0.000 real sec
[M::process] read 2 sequences (496 bp)...
[M::mem_pestat] # candidate unique pairs for (FF, FR, RF, RR): (0, 1, 0, 0)
[M::mem_pestat] skip orientation FF as there are not enough pairs
[M::mem_pestat] skip orientation FR as there are not enough pairs
[M::mem_pestat] skip orientation RF as there are not enough pairs
[M::mem_pestat] skip orientation RR as there are not enough pairs
[M::mem_process_seqs] Processed 2 reads in 0.000 CPU sec, 0.000 real sec
[M::process] read 2 sequences (502 bp)...
[M::mem_pestat] # candidate unique pairs for (FF, FR, RF, RR): (0, 1, 0, 0)
[M::mem_pestat] skip orientation FF as there are not enough pairs
[M::mem_pestat] skip orientation FR as there are not enough pairs
[M::mem_pestat] skip orientation RF as there are not enough pairs
[M::mem_pestat] skip orientation RR as there are not enough pairs
[M::mem_process_seqs] Processed 2 reads in 0.000 CPU sec, 0.000 real sec
[M::process] read 2 sequences (495 bp)...
[M::mem_pestat] # candidate unique pairs for (FF, FR, RF, RR): (0, 1, 0, 0)
[M::mem_pestat] skip orientation FF as there are not enough pairs
[M::mem_pestat] skip orientation FR as there are not enough pairs
[M::mem_pestat] skip orientation RF as there are not enough pairs
[M::mem_pestat] skip orientation RR as there are not enough pairs
[M::mem_process_seqs] Processed 2 reads in 0.000 CPU sec, 0.000 real sec
[M::process] read 2 sequences (312 bp)...
[M::mem_pestat] # candidate unique pairs for (FF, FR, RF, RR): (0, 1, 0, 0)
[M::mem_pestat] skip orientation FF as there are not enough pairs
[M::mem_pestat] skip orientation FR as there are not enough pairs
[M::mem_pestat] skip orientation RF as there are not enough pairs
[M::mem_pestat] skip orientation RR as there are not enough pairs
[M::mem_process_seqs] Processed 2 reads in 0.000 CPU sec, 0.000 real sec
[M::process] read 2 sequences (496 bp)...
[M::mem_pestat] # candidate unique pairs for (FF, FR, RF, RR): (0, 1, 0, 0)
[M::mem_pestat] skip orientation FF as there are not enough pairs
[M::mem_pestat] skip orientation FR as there are not enough pairs
[M::mem_pestat] skip orientation RF as there are not enough pairs
[M::mem_pestat] skip orientation RR as there are not enough pairs
[M::mem_process_seqs] Processed 2 reads in 0.000 CPU sec, 0.000 real sec
[M::process] read 2 sequences (456 bp)...
[M::mem_pestat] # candidate unique pairs for (FF, FR, RF, RR): (0, 1, 0, 0)
[M::mem_pestat] skip orientation FF as there are not enough pairs
[M::mem_pestat] skip orientation FR as there are not enough pairs
[M::mem_pestat] skip orientation RF as there are not enough pairs
[M::mem_pestat] skip orientation RR as there are not enough pairs
[M::mem_process_seqs] Processed 2 reads in 0.000 CPU sec, 0.001 real sec
[M::process] read 2 sequences (501 bp)...
[M::mem_pestat] # candidate unique pairs for (FF, FR, RF, RR): (0, 1, 0, 0)
[M::mem_pestat] skip orientation FF as there are not enough pairs
[M::mem_pestat] skip orientation FR as there are not enough pairs
[M::mem_pestat] skip orientation RF as there are not enough pairs
[M::mem_pestat] skip orientation RR as there are not enough pairs
[M::mem_process_seqs] Processed 2 reads in 0.000 CPU sec, 0.001 real sec
[M::process] read 2 sequences (372 bp)...
[M::mem_pestat] # candidate unique pairs for (FF, FR, RF, RR): (0, 1, 0, 0)
[M::mem_pestat] skip orientation FF as there are not enough pairs
[M::mem_pestat] skip orientation FR as there are not enough pairs
[M::mem_pestat] skip orientation RF as there are not enough pairs
[M::mem_pestat] skip orientation RR as there are not enough pairs
[M::mem_process_seqs] Processed 2 reads in 0.000 CPU sec, 0.001 real sec
[M::process] read 2 sequences (462 bp)...
[M::mem_pestat] # candidate unique pairs for (FF, FR, RF, RR): (0, 1, 0, 0)
[M::mem_pestat] skip orientation FF as there are not enough pairs
[M::mem_pestat] skip orientation FR as there are not enough pairs
[M::mem_pestat] skip orientation RF as there are not enough pairs
[M::mem_pestat] skip orientation RR as there are not enough pairs
[M::mem_process_seqs] Processed 2 reads in 0.000 CPU sec, 0.000 real sec
[M::process] read 2 sequences (502 bp)...
[M::mem_pestat] # candidate unique pairs for (FF, FR, RF, RR): (0, 1, 0, 0)
[M::mem_pestat] skip orientation FF as there are not enough pairs
[M::mem_pestat] skip orientation FR as there are not enough pairs
[M::mem_pestat] skip orientation RF as there are not enough pairs
[M::mem_pestat] skip orientation RR as there are not enough pairs
[M::mem_process_seqs] Processed 2 reads in 0.000 CPU sec, 0.000 real sec
[M::process] read 2 sequences (498 bp)...
[M::mem_pestat] # candidate unique pairs for (FF, FR, RF, RR): (0, 1, 0, 0)
[M::mem_pestat] skip orientation FF as there are not enough pairs
[M::mem_pestat] skip orientation FR as there are not enough pairs
[M::mem_pestat] skip orientation RF as there are not enough pairs
[M::mem_pestat] skip orientation RR as there are not enough pairs
[M::mem_process_seqs] Processed 2 reads in 0.000 CPU sec, 0.000 real sec
[M::process] read 2 sequences (394 bp)...
[M::mem_pestat] # candidate unique pairs for (FF, FR, RF, RR): (0, 1, 0, 0)
[M::mem_pestat] skip orientation FF as there are not enough pairs
[M::mem_pestat] skip orientation FR as there are not enough pairs
[M::mem_pestat] skip orientation RF as there are not enough pairs
[M::mem_pestat] skip orientation RR as there are not enough pairs
[M::mem_process_seqs] Processed 2 reads in 0.000 CPU sec, 0.000 real sec
[M::process] read 2 sequences (488 bp)...
[M::mem_pestat] # candidate unique pairs for (FF, FR, RF, RR): (0, 1, 0, 0)
[M::mem_pestat] skip orientation FF as there are not enough pairs
[M::mem_pestat] skip orientation FR as there are not enough pairs
[M::mem_pestat] skip orientation RF as there are not enough pairs
[M::mem_pestat] skip orientation RR as there are not enough pairs
[M::mem_process_seqs] Processed 2 reads in 0.000 CPU sec, 0.000 real sec
[M::process] read 2 sequences (454 bp)...
[M::mem_pestat] # candidate unique pairs for (FF, FR, RF, RR): (0, 1, 0, 0)
[M::mem_pestat] skip orientation FF as there are not enough pairs
[M::mem_pestat] skip orientation FR as there are not enough pairs
[M::mem_pestat] skip orientation RF as there are not enough pairs
[M::mem_pestat] skip orientation RR as there are not enough pairs
[M::mem_process_seqs] Processed 2 reads in 0.000 CPU sec, 0.000 real sec
[M::process] read 2 sequences (478 bp)...
[M::mem_pestat] # candidate unique pairs for (FF, FR, RF, RR): (0, 1, 0, 0)
[M::mem_pestat] skip orientation FF as there are not enough pairs
[M::mem_pestat] skip orientation FR as there are not enough pairs
[M::mem_pestat] skip orientation RF as there are not enough pairs
[M::mem_pestat] skip orientation RR as there are not enough pairs
[M::mem_process_seqs] Processed 2 reads in 0.000 CPU sec, 0.000 real sec
[M::process] read 2 sequences (344 bp)...
[M::mem_pestat] # candidate unique pairs for (FF, FR, RF, RR): (0, 1, 0, 0)
[M::mem_pestat] skip orientation FF as there are not enough pairs
[M::mem_pestat] skip orientation FR as there are not enough pairs
[M::mem_pestat] skip orientation RF as there are not enough pairs
[M::mem_pestat] skip orientation RR as there are not enough pairs
[M::mem_process_seqs] Processed 2 reads in 0.000 CPU sec, 0.000 real sec
[M::process] read 2 sequences (406 bp)...
[M::mem_pestat] # candidate unique pairs for (FF, FR, RF, RR): (0, 1, 0, 0)
[M::mem_pestat] skip orientation FF as there are not enough pairs
[M::mem_pestat] skip orientation FR as there are not enough pairs
[M::mem_pestat] skip orientation RF as there are not enough pairs
[M::mem_pestat] skip orientation RR as there are not enough pairs
[M::mem_process_seqs] Processed 2 reads in 0.000 CPU sec, 0.000 real sec
[M::process] read 2 sequences (502 bp)...
[M::mem_pestat] # candidate unique pairs for (FF, FR, RF, RR): (0, 1, 0, 0)
[M::mem_pestat] skip orientation FF as there are not enough pairs
[M::mem_pestat] skip orientation FR as there are not enough pairs
[M::mem_pestat] skip orientation RF as there are not enough pairs
[M::mem_pestat] skip orientation RR as there are not enough pairs
[M::mem_process_seqs] Processed 2 reads in 0.000 CPU sec, 0.000 real sec
[M::process] read 2 sequences (420 bp)...
[M::mem_pestat] # candidate unique pairs for (FF, FR, RF, RR): (0, 1, 0, 0)
[M::mem_pestat] skip orientation FF as there are not enough pairs
[M::mem_pestat] skip orientation FR as there are not enough pairs
[M::mem_pestat] skip orientation RF as there are not enough pairs
[M::mem_pestat] skip orientation RR as there are not enough pairs
[M::mem_process_seqs] Processed 2 reads in 0.000 CPU sec, 0.000 real sec
[M::process] read 2 sequences (224 bp)...
[M::mem_pestat] # candidate unique pairs for (FF, FR, RF, RR): (0, 1, 0, 0)
[M::mem_pestat] skip orientation FF as there are not enough pairs
[M::mem_pestat] skip orientation FR as there are not enough pairs
[M::mem_pestat] skip orientation RF as there are not enough pairs
[M::mem_pestat] skip orientation RR as there are not enough pairs
[M::mem_process_seqs] Processed 2 reads in 0.000 CPU sec, 0.000 real sec
[M::process] read 2 sequences (502 bp)...
[M::mem_pestat] # candidate unique pairs for (FF, FR, RF, RR): (0, 1, 0, 0)
[M::mem_pestat] skip orientation FF as there are not enough pairs
[M::mem_pestat] skip orientation FR as there are not enough pairs
[M::mem_pestat] skip orientation RF as there are not enough pairs
[M::mem_pestat] skip orientation RR as there are not enough pairs
[M::mem_process_seqs] Processed 2 reads in 0.000 CPU sec, 0.000 real sec
[M::process] read 2 sequences (292 bp)...
[M::mem_pestat] # candidate unique pairs for (FF, FR, RF, RR): (0, 1, 0, 0)
[M::mem_pestat] skip orientation FF as there are not enough pairs
[M::mem_pestat] skip orientation FR as there are not enough pairs
[M::mem_pestat] skip orientation RF as there are not enough pairs
[M::mem_pestat] skip orientation RR as there are not enough pairs
[M::mem_process_seqs] Processed 2 reads in 0.000 CPU sec, 0.000 real sec
[M::process] read 2 sequences (496 bp)...
[M::mem_pestat] # candidate unique pairs for (FF, FR, RF, RR): (0, 1, 0, 0)
[M::mem_pestat] skip orientation FF as there are not enough pairs
[M::mem_pestat] skip orientation FR as there are not enough pairs
[M::mem_pestat] skip orientation RF as there are not enough pairs
[M::mem_pestat] skip orientation RR as there are not enough pairs
[M::mem_process_seqs] Processed 2 reads in 0.000 CPU sec, 0.000 real sec
[M::process] read 2 sequences (502 bp)...
[M::mem_pestat] # candidate unique pairs for (FF, FR, RF, RR): (0, 1, 0, 0)
[M::mem_pestat] skip orientation FF as there are not enough pairs
[M::mem_pestat] skip orientation FR as there are not enough pairs
[M::mem_pestat] skip orientation RF as there are not enough pairs
[M::mem_pestat] skip orientation RR as there are not enough pairs
[M::mem_process_seqs] Processed 2 reads in 0.000 CPU sec, 0.000 real sec
[M::process] read 2 sequences (501 bp)...
[M::mem_pestat] # candidate unique pairs for (FF, FR, RF, RR): (0, 1, 0, 0)
[M::mem_pestat] skip orientation FF as there are not enough pairs
[M::mem_pestat] skip orientation FR as there are not enough pairs
[M::mem_pestat] skip orientation RF as there are not enough pairs
[M::mem_pestat] skip orientation RR as there are not enough pairs
[M::mem_process_seqs] Processed 2 reads in 0.000 CPU sec, 0.000 real sec
[M::process] read 2 sequences (502 bp)...
[M::mem_pestat] # candidate unique pairs for (FF, FR, RF, RR): (0, 1, 0, 0)
[M::mem_pestat] skip orientation FF as there are not enough pairs
[M::mem_pestat] skip orientation FR as there are not enough pairs
[M::mem_pestat] skip orientation RF as there are not enough pairs
[M::mem_pestat] skip orientation RR as there are not enough pairs
[M::mem_process_seqs] Processed 2 reads in 0.000 CPU sec, 0.000 real sec
[M::process] read 2 sequences (400 bp)...
[M::mem_pestat] # candidate unique pairs for (FF, FR, RF, RR): (0, 1, 0, 0)
[M::mem_pestat] skip orientation FF as there are not enough pairs
[M::mem_pestat] skip orientation FR as there are not enough pairs
[M::mem_pestat] skip orientation RF as there are not enough pairs
[M::mem_pestat] skip orientation RR as there are not enough pairs
[M::mem_process_seqs] Processed 2 reads in 0.000 CPU sec, 0.000 real sec
[M::process] read 2 sequences (320 bp)...
[M::mem_pestat] # candidate unique pairs for (FF, FR, RF, RR): (0, 1, 0, 0)
[M::mem_pestat] skip orientation FF as there are not enough pairs
[M::mem_pestat] skip orientation FR as there are not enough pairs
[M::mem_pestat] skip orientation RF as there are not enough pairs
[M::mem_pestat] skip orientation RR as there are not enough pairs
[M::mem_process_seqs] Processed 2 reads in 0.000 CPU sec, 0.000 real sec
[M::process] read 2 sequences (495 bp)...
[M::mem_pestat] # candidate unique pairs for (FF, FR, RF, RR): (0, 1, 0, 0)
[M::mem_pestat] skip orientation FF as there are not enough pairs
[M::mem_pestat] skip orientation FR as there are not enough pairs
[M::mem_pestat] skip orientation RF as there are not enough pairs
[M::mem_pestat] skip orientation RR as there are not enough pairs
[M::mem_process_seqs] Processed 2 reads in 0.000 CPU sec, 0.000 real sec
[M::process] read 2 sequences (462 bp)...
[M::mem_pestat] # candidate unique pairs for (FF, FR, RF, RR): (0, 1, 0, 0)
[M::mem_pestat] skip orientation FF as there are not enough pairs
[M::mem_pestat] skip orientation FR as there are not enough pairs
[M::mem_pestat] skip orientation RF as there are not enough pairs
[M::mem_pestat] skip orientation RR as there are not enough pairs
[M::mem_process_seqs] Processed 2 reads in 0.000 CPU sec, 0.000 real sec
[M::process] read 2 sequences (436 bp)...
[M::mem_pestat] # candidate unique pairs for (FF, FR, RF, RR): (0, 1, 0, 0)
[M::mem_pestat] skip orientation FF as there are not enough pairs
[M::mem_pestat] skip orientation FR as there are not enough pairs
[M::mem_pestat] skip orientation RF as there are not enough pairs
[M::mem_pestat] skip orientation RR as there are not enough pairs
[M::mem_process_seqs] Processed 2 reads in 0.000 CPU sec, 0.000 real sec
[M::process] read 2 sequences (432 bp)...
[M::mem_pestat] # candidate unique pairs for (FF, FR, RF, RR): (0, 1, 0, 0)
[M::mem_pestat] skip orientation FF as there are not enough pairs
[M::mem_pestat] skip orientation FR as there are not enough pairs
[M::mem_pestat] skip orientation RF as there are not enough pairs
[M::mem_pestat] skip orientation RR as there are not enough pairs
[M::mem_process_seqs] Processed 2 reads in 0.000 CPU sec, 0.000 real sec
[M::process] read 2 sequences (492 bp)...
[M::mem_pestat] # candidate unique pairs for (FF, FR, RF, RR): (0, 1, 0, 0)
[M::mem_pestat] skip orientation FF as there are not enough pairs
[M::mem_pestat] skip orientation FR as there are not enough pairs
[M::mem_pestat] skip orientation RF as there are not enough pairs
[M::mem_pestat] skip orientation RR as there are not enough pairs
[M::mem_process_seqs] Processed 2 reads in 0.000 CPU sec, 0.000 real sec
[M::process] read 2 sequences (458 bp)...
[M::mem_pestat] # candidate unique pairs for (FF, FR, RF, RR): (0, 1, 0, 0)
[M::mem_pestat] skip orientation FF as there are not enough pairs
[M::mem_pestat] skip orientation FR as there are not enough pairs
[M::mem_pestat] skip orientation RF as there are not enough pairs
[M::mem_pestat] skip orientation RR as there are not enough pairs
[M::mem_process_seqs] Processed 2 reads in 0.000 CPU sec, 0.001 real sec
[M::process] read 2 sequences (502 bp)...
[M::mem_pestat] # candidate unique pairs for (FF, FR, RF, RR): (0, 1, 0, 0)
[M::mem_pestat] skip orientation FF as there are not enough pairs
[M::mem_pestat] skip orientation FR as there are not enough pairs
[M::mem_pestat] skip orientation RF as there are not enough pairs
[M::mem_pestat] skip orientation RR as there are not enough pairs
[M::mem_process_seqs] Processed 2 reads in 0.000 CPU sec, 0.000 real sec
[M::process] read 2 sequences (496 bp)...
[M::mem_pestat] # candidate unique pairs for (FF, FR, RF, RR): (0, 1, 0, 0)
[M::mem_pestat] skip orientation FF as there are not enough pairs
[M::mem_pestat] skip orientation FR as there are not enough pairs
[M::mem_pestat] skip orientation RF as there are not enough pairs
[M::mem_pestat] skip orientation RR as there are not enough pairs
[M::mem_process_seqs] Processed 2 reads in 0.000 CPU sec, 0.001 real sec
[M::process] read 2 sequences (495 bp)...
[M::mem_pestat] # candidate unique pairs for (FF, FR, RF, RR): (0, 1, 0, 0)
[M::mem_pestat] skip orientation FF as there are not enough pairs
[M::mem_pestat] skip orientation FR as there are not enough pairs
[M::mem_pestat] skip orientation RF as there are not enough pairs
[M::mem_pestat] skip orientation RR as there are not enough pairs
[M::mem_process_seqs] Processed 2 reads in 0.000 CPU sec, 0.001 real sec
[M::process] read 2 sequences (490 bp)...
[M::mem_pestat] # candidate unique pairs for (FF, FR, RF, RR): (0, 1, 0, 0)
[M::mem_pestat] skip orientation FF as there are not enough pairs
[M::mem_pestat] skip orientation FR as there are not enough pairs
[M::mem_pestat] skip orientation RF as there are not enough pairs
[M::mem_pestat] skip orientation RR as there are not enough pairs
[M::mem_process_seqs] Processed 2 reads in 0.000 CPU sec, 0.000 real sec
[M::process] read 2 sequences (410 bp)...
[M::mem_pestat] # candidate unique pairs for (FF, FR, RF, RR): (0, 1, 0, 0)
[M::mem_pestat] skip orientation FF as there are not enough pairs
[M::mem_pestat] skip orientation FR as there are not enough pairs
[M::mem_pestat] skip orientation RF as there are not enough pairs
[M::mem_pestat] skip orientation RR as there are not enough pairs
[M::mem_process_seqs] Processed 2 reads in 0.000 CPU sec, 0.000 real sec
[M::process] read 2 sequences (452 bp)...
[M::mem_pestat] # candidate unique pairs for (FF, FR, RF, RR): (0, 1, 0, 0)
[M::mem_pestat] skip orientation FF as there are not enough pairs
[M::mem_pestat] skip orientation FR as there are not enough pairs
[M::mem_pestat] skip orientation RF as there are not enough pairs
[M::mem_pestat] skip orientation RR as there are not enough pairs
[M::mem_process_seqs] Processed 2 reads in 0.000 CPU sec, 0.000 real sec
[M::process] read 2 sequences (489 bp)...
[M::mem_pestat] # candidate unique pairs for (FF, FR, RF, RR): (0, 1, 0, 0)
[M::mem_pestat] skip orientation FF as there are not enough pairs
[M::mem_pestat] skip orientation FR as there are not enough pairs
[M::mem_pestat] skip orientation RF as there are not enough pairs
[M::mem_pestat] skip orientation RR as there are not enough pairs
[M::mem_process_seqs] Processed 2 reads in 0.000 CPU sec, 0.000 real sec
[M::process] read 2 sequences (498 bp)...
[M::mem_pestat] # candidate unique pairs for (FF, FR, RF, RR): (0, 1, 0, 0)
[M::mem_pestat] skip orientation FF as there are not enough pairs
[M::mem_pestat] skip orientation FR as there are not enough pairs
[M::mem_pestat] skip orientation RF as there are not enough pairs
[M::mem_pestat] skip orientation RR as there are not enough pairs
[M::mem_process_seqs] Processed 2 reads in 0.000 CPU sec, 0.000 real sec
[M::process] read 2 sequences (502 bp)...
[M::mem_pestat] # candidate unique pairs for (FF, FR, RF, RR): (0, 1, 0, 0)
[M::mem_pestat] skip orientation FF as there are not enough pairs
[M::mem_pestat] skip orientation FR as there are not enough pairs
[M::mem_pestat] skip orientation RF as there are not enough pairs
[M::mem_pestat] skip orientation RR as there are not enough pairs
[M::mem_process_seqs] Processed 2 reads in 0.000 CPU sec, 0.000 real sec
[M::process] read 2 sequences (346 bp)...
[M::mem_pestat] # candidate unique pairs for (FF, FR, RF, RR): (0, 1, 0, 0)
[M::mem_pestat] skip orientation FF as there are not enough pairs
[M::mem_pestat] skip orientation FR as there are not enough pairs
[M::mem_pestat] skip orientation RF as there are not enough pairs
[M::mem_pestat] skip orientation RR as there are not enough pairs
[M::mem_process_seqs] Processed 2 reads in 0.000 CPU sec, 0.001 real sec
[M::process] read 2 sequences (416 bp)...
[M::mem_pestat] # candidate unique pairs for (FF, FR, RF, RR): (0, 1, 0, 0)
[M::mem_pestat] skip orientation FF as there are not enough pairs
[M::mem_pestat] skip orientation FR as there are not enough pairs
[M::mem_pestat] skip orientation RF as there are not enough pairs
[M::mem_pestat] skip orientation RR as there are not enough pairs
[M::mem_process_seqs] Processed 2 reads in 0.000 CPU sec, 0.000 real sec
[M::process] read 2 sequences (470 bp)...
[M::mem_pestat] # candidate unique pairs for (FF, FR, RF, RR): (0, 1, 0, 0)
[M::mem_pestat] skip orientation FF as there are not enough pairs
[M::mem_pestat] skip orientation FR as there are not enough pairs
[M::mem_pestat] skip orientation RF as there are not enough pairs
[M::mem_pestat] skip orientation RR as there are not enough pairs
[M::mem_process_seqs] Processed 2 reads in 0.000 CPU sec, 0.000 real sec
[M::process] read 2 sequences (434 bp)...
[M::mem_pestat] # candidate unique pairs for (FF, FR, RF, RR): (0, 1, 0, 0)
[M::mem_pestat] skip orientation FF as there are not enough pairs
[M::mem_pestat] skip orientation FR as there are not enough pairs
[M::mem_pestat] skip orientation RF as there are not enough pairs
[M::mem_pestat] skip orientation RR as there are not enough pairs
[M::mem_process_seqs] Processed 2 reads in 0.000 CPU sec, 0.000 real sec
[M::process] read 2 sequences (408 bp)...
[M::mem_pestat] # candidate unique pairs for (FF, FR, RF, RR): (0, 1, 0, 0)
[M::mem_pestat] skip orientation FF as there are not enough pairs
[M::mem_pestat] skip orientation FR as there are not enough pairs
[M::mem_pestat] skip orientation RF as there are not enough pairs
[M::mem_pestat] skip orientation RR as there are not enough pairs
[M::mem_process_seqs] Processed 2 reads in 0.000 CPU sec, 0.000 real sec
[M::process] read 2 sequences (376 bp)...
[M::mem_pestat] # candidate unique pairs for (FF, FR, RF, RR): (0, 1, 0, 0)
[M::mem_pestat] skip orientation FF as there are not enough pairs
[M::mem_pestat] skip orientation FR as there are not enough pairs
[M::mem_pestat] skip orientation RF as there are not enough pairs
[M::mem_pestat] skip orientation RR as there are not enough pairs
[M::mem_process_seqs] Processed 2 reads in 0.000 CPU sec, 0.000 real sec
[M::process] read 2 sequences (498 bp)...
[M::mem_pestat] # candidate unique pairs for (FF, FR, RF, RR): (0, 1, 0, 0)
[M::mem_pestat] skip orientation FF as there are not enough pairs
[M::mem_pestat] skip orientation FR as there are not enough pairs
[M::mem_pestat] skip orientation RF as there are not enough pairs
[M::mem_pestat] skip orientation RR as there are not enough pairs
[M::mem_process_seqs] Processed 2 reads in 0.000 CPU sec, 0.000 real sec
[M::process] read 2 sequences (490 bp)...
[M::mem_pestat] # candidate unique pairs for (FF, FR, RF, RR): (0, 1, 0, 0)
[M::mem_pestat] skip orientation FF as there are not enough pairs
[M::mem_pestat] skip orientation FR as there are not enough pairs
[M::mem_pestat] skip orientation RF as there are not enough pairs
[M::mem_pestat] skip orientation RR as there are not enough pairs
[M::mem_process_seqs] Processed 2 reads in 0.000 CPU sec, 0.000 real sec
[M::process] read 2 sequences (400 bp)...
[M::mem_pestat] # candidate unique pairs for (FF, FR, RF, RR): (0, 1, 0, 0)
[M::mem_pestat] skip orientation FF as there are not enough pairs
[M::mem_pestat] skip orientation FR as there are not enough pairs
[M::mem_pestat] skip orientation RF as there are not enough pairs
[M::mem_pestat] skip orientation RR as there are not enough pairs
[M::mem_process_seqs] Processed 2 reads in 0.000 CPU sec, 0.000 real sec
[M::process] read 2 sequences (366 bp)...
[M::mem_pestat] # candidate unique pairs for (FF, FR, RF, RR): (0, 1, 0, 0)
[M::mem_pestat] skip orientation FF as there are not enough pairs
[M::mem_pestat] skip orientation FR as there are not enough pairs
[M::mem_pestat] skip orientation RF as there are not enough pairs
[M::mem_pestat] skip orientation RR as there are not enough pairs
[M::mem_process_seqs] Processed 2 reads in 0.000 CPU sec, 0.000 real sec
[M::process] read 2 sequences (442 bp)...
[M::mem_pestat] # candidate unique pairs for (FF, FR, RF, RR): (0, 1, 0, 0)
[M::mem_pestat] skip orientation FF as there are not enough pairs
[M::mem_pestat] skip orientation FR as there are not enough pairs
[M::mem_pestat] skip orientation RF as there are not enough pairs
[M::mem_pestat] skip orientation RR as there are not enough pairs
[M::mem_process_seqs] Processed 2 reads in 0.000 CPU sec, 0.000 real sec
[M::process] read 2 sequences (500 bp)...
[M::mem_pestat] # candidate unique pairs for (FF, FR, RF, RR): (0, 1, 0, 0)
[M::mem_pestat] skip orientation FF as there are not enough pairs
[M::mem_pestat] skip orientation FR as there are not enough pairs
[M::mem_pestat] skip orientation RF as there are not enough pairs
[M::mem_pestat] skip orientation RR as there are not enough pairs
[M::mem_process_seqs] Processed 2 reads in 0.000 CPU sec, 0.000 real sec
[M::process] read 2 sequences (400 bp)...
[M::mem_pestat] # candidate unique pairs for (FF, FR, RF, RR): (0, 1, 0, 0)
[M::mem_pestat] skip orientation FF as there are not enough pairs
[M::mem_pestat] skip orientation FR as there are not enough pairs
[M::mem_pestat] skip orientation RF as there are not enough pairs
[M::mem_pestat] skip orientation RR as there are not enough pairs
[M::mem_process_seqs] Processed 2 reads in 0.000 CPU sec, 0.000 real sec
[M::process] read 2 sequences (437 bp)...
[M::mem_pestat] # candidate unique pairs for (FF, FR, RF, RR): (0, 1, 0, 0)
[M::mem_pestat] skip orientation FF as there are not enough pairs
[M::mem_pestat] skip orientation FR as there are not enough pairs
[M::mem_pestat] skip orientation RF as there are not enough pairs
[M::mem_pestat] skip orientation RR as there are not enough pairs
[M::mem_process_seqs] Processed 2 reads in 0.000 CPU sec, 0.000 real sec
[M::process] read 2 sequences (502 bp)...
[M::mem_pestat] # candidate unique pairs for (FF, FR, RF, RR): (0, 1, 0, 0)
[M::mem_pestat] skip orientation FF as there are not enough pairs
[M::mem_pestat] skip orientation FR as there are not enough pairs
[M::mem_pestat] skip orientation RF as there are not enough pairs
[M::mem_pestat] skip orientation RR as there are not enough pairs
[M::mem_process_seqs] Processed 2 reads in 0.000 CPU sec, 0.000 real sec
[M::process] read 2 sequences (337 bp)...
[M::mem_pestat] # candidate unique pairs for (FF, FR, RF, RR): (0, 1, 0, 0)
[M::mem_pestat] skip orientation FF as there are not enough pairs
[M::mem_pestat] skip orientation FR as there are not enough pairs
[M::mem_pestat] skip orientation RF as there are not enough pairs
[M::mem_pestat] skip orientation RR as there are not enough pairs
[M::mem_process_seqs] Processed 2 reads in 0.000 CPU sec, 0.000 real sec
[M::process] read 2 sequences (402 bp)...
[M::mem_pestat] # candidate unique pairs for (FF, FR, RF, RR): (0, 1, 0, 0)
[M::mem_pestat] skip orientation FF as there are not enough pairs
[M::mem_pestat] skip orientation FR as there are not enough pairs
[M::mem_pestat] skip orientation RF as there are not enough pairs
[M::mem_pestat] skip orientation RR as there are not enough pairs
[M::mem_process_seqs] Processed 2 reads in 0.000 CPU sec, 0.000 real sec
[M::process] read 2 sequences (490 bp)...
[M::mem_pestat] # candidate unique pairs for (FF, FR, RF, RR): (0, 1, 0, 0)
[M::mem_pestat] skip orientation FF as there are not enough pairs
[M::mem_pestat] skip orientation FR as there are not enough pairs
[M::mem_pestat] skip orientation RF as there are not enough pairs
[M::mem_pestat] skip orientation RR as there are not enough pairs
[M::mem_process_seqs] Processed 2 reads in 0.000 CPU sec, 0.000 real sec
[M::process] read 2 sequences (282 bp)...
[M::mem_pestat] # candidate unique pairs for (FF, FR, RF, RR): (0, 1, 0, 0)
[M::mem_pestat] skip orientation FF as there are not enough pairs
[M::mem_pestat] skip orientation FR as there are not enough pairs
[M::mem_pestat] skip orientation RF as there are not enough pairs
[M::mem_pestat] skip orientation RR as there are not enough pairs
[M::mem_process_seqs] Processed 2 reads in 0.000 CPU sec, 0.000 real sec
[M::process] read 2 sequences (412 bp)...
[M::mem_pestat] # candidate unique pairs for (FF, FR, RF, RR): (0, 1, 0, 0)
[M::mem_pestat] skip orientation FF as there are not enough pairs
[M::mem_pestat] skip orientation FR as there are not enough pairs
[M::mem_pestat] skip orientation RF as there are not enough pairs
[M::mem_pestat] skip orientation RR as there are not enough pairs
[M::mem_process_seqs] Processed 2 reads in 0.000 CPU sec, 0.000 real sec
[M::process] read 2 sequences (488 bp)...
[M::mem_pestat] # candidate unique pairs for (FF, FR, RF, RR): (0, 1, 0, 0)
[M::mem_pestat] skip orientation FF as there are not enough pairs
[M::mem_pestat] skip orientation FR as there are not enough pairs
[M::mem_pestat] skip orientation RF as there are not enough pairs
[M::mem_pestat] skip orientation RR as there are not enough pairs
[M::mem_process_seqs] Processed 2 reads in 0.000 CPU sec, 0.000 real sec
[M::process] read 2 sequences (452 bp)...
[M::mem_pestat] # candidate unique pairs for (FF, FR, RF, RR): (0, 1, 0, 0)
[M::mem_pestat] skip orientation FF as there are not enough pairs
[M::mem_pestat] skip orientation FR as there are not enough pairs
[M::mem_pestat] skip orientation RF as there are not enough pairs
[M::mem_pestat] skip orientation RR as there are not enough pairs
[M::mem_process_seqs] Processed 2 reads in 0.000 CPU sec, 0.000 real sec
[M::process] read 2 sequences (492 bp)...
[M::mem_pestat] # candidate unique pairs for (FF, FR, RF, RR): (0, 1, 0, 0)
[M::mem_pestat] skip orientation FF as there are not enough pairs
[M::mem_pestat] skip orientation FR as there are not enough pairs
[M::mem_pestat] skip orientation RF as there are not enough pairs
[M::mem_pestat] skip orientation RR as there are not enough pairs
[M::mem_process_seqs] Processed 2 reads in 0.000 CPU sec, 0.000 real sec
[M::process] read 2 sequences (408 bp)...
[M::mem_pestat] # candidate unique pairs for (FF, FR, RF, RR): (0, 1, 0, 0)
[M::mem_pestat] skip orientation FF as there are not enough pairs
[M::mem_pestat] skip orientation FR as there are not enough pairs
[M::mem_pestat] skip orientation RF as there are not enough pairs
[M::mem_pestat] skip orientation RR as there are not enough pairs
[M::mem_process_seqs] Processed 2 reads in 0.000 CPU sec, 0.000 real sec
[M::process] read 2 sequences (330 bp)...
[M::mem_pestat] # candidate unique pairs for (FF, FR, RF, RR): (0, 1, 0, 0)
[M::mem_pestat] skip orientation FF as there are not enough pairs
[M::mem_pestat] skip orientation FR as there are not enough pairs
[M::mem_pestat] skip orientation RF as there are not enough pairs
[M::mem_pestat] skip orientation RR as there are not enough pairs
[M::mem_process_seqs] Processed 2 reads in 0.000 CPU sec, 0.000 real sec
[M::process] read 2 sequences (296 bp)...
[M::mem_pestat] # candidate unique pairs for (FF, FR, RF, RR): (0, 1, 0, 0)
[M::mem_pestat] skip orientation FF as there are not enough pairs
[M::mem_pestat] skip orientation FR as there are not enough pairs
[M::mem_pestat] skip orientation RF as there are not enough pairs
[M::mem_pestat] skip orientation RR as there are not enough pairs
[M::mem_process_seqs] Processed 2 reads in 0.000 CPU sec, 0.000 real sec
[M::process] read 2 sequences (434 bp)...
[M::mem_pestat] # candidate unique pairs for (FF, FR, RF, RR): (0, 1, 0, 0)
[M::mem_pestat] skip orientation FF as there are not enough pairs
[M::mem_pestat] skip orientation FR as there are not enough pairs
[M::mem_pestat] skip orientation RF as there are not enough pairs
[M::mem_pestat] skip orientation RR as there are not enough pairs
[M::mem_process_seqs] Processed 2 reads in 0.000 CPU sec, 0.000 real sec
[M::process] read 2 sequences (496 bp)...
[M::mem_pestat] # candidate unique pairs for (FF, FR, RF, RR): (0, 1, 0, 0)
[M::mem_pestat] skip orientation FF as there are not enough pairs
[M::mem_pestat] skip orientation FR as there are not enough pairs
[M::mem_pestat] skip orientation RF as there are not enough pairs
[M::mem_pestat] skip orientation RR as there are not enough pairs
[M::mem_process_seqs] Processed 2 reads in 0.000 CPU sec, 0.000 real sec
[M::process] read 2 sequences (497 bp)...
[M::mem_pestat] # candidate unique pairs for (FF, FR, RF, RR): (0, 1, 0, 0)
[M::mem_pestat] skip orientation FF as there are not enough pairs
[M::mem_pestat] skip orientation FR as there are not enough pairs
[M::mem_pestat] skip orientation RF as there are not enough pairs
[M::mem_pestat] skip orientation RR as there are not enough pairs
[M::mem_process_seqs] Processed 2 reads in 0.000 CPU sec, 0.000 real sec
[M::process] read 2 sequences (502 bp)...
[M::mem_pestat] # candidate unique pairs for (FF, FR, RF, RR): (0, 1, 0, 0)
[M::mem_pestat] skip orientation FF as there are not enough pairs
[M::mem_pestat] skip orientation FR as there are not enough pairs
[M::mem_pestat] skip orientation RF as there are not enough pairs
[M::mem_pestat] skip orientation RR as there are not enough pairs
[M::mem_process_seqs] Processed 2 reads in 0.000 CPU sec, 0.000 real sec
[M::process] read 2 sequences (502 bp)...
[M::mem_pestat] # candidate unique pairs for (FF, FR, RF, RR): (0, 1, 0, 0)
[M::mem_pestat] skip orientation FF as there are not enough pairs
[M::mem_pestat] skip orientation FR as there are not enough pairs
[M::mem_pestat] skip orientation RF as there are not enough pairs
[M::mem_pestat] skip orientation RR as there are not enough pairs
[M::mem_process_seqs] Processed 2 reads in 0.000 CPU sec, 0.000 real sec
[M::process] read 2 sequences (368 bp)...
[M::mem_pestat] # candidate unique pairs for (FF, FR, RF, RR): (0, 1, 0, 0)
[M::mem_pestat] skip orientation FF as there are not enough pairs
[M::mem_pestat] skip orientation FR as there are not enough pairs
[M::mem_pestat] skip orientation RF as there are not enough pairs
[M::mem_pestat] skip orientation RR as there are not enough pairs
[M::mem_process_seqs] Processed 2 reads in 0.000 CPU sec, 0.000 real sec
[M::process] read 2 sequences (485 bp)...
[M::mem_pestat] # candidate unique pairs for (FF, FR, RF, RR): (0, 1, 0, 0)
[M::mem_pestat] skip orientation FF as there are not enough pairs
[M::mem_pestat] skip orientation FR as there are not enough pairs
[M::mem_pestat] skip orientation RF as there are not enough pairs
[M::mem_pestat] skip orientation RR as there are not enough pairs
[M::mem_process_seqs] Processed 2 reads in 0.000 CPU sec, 0.000 real sec
[M::process] read 2 sequences (411 bp)...
[M::mem_pestat] # candidate unique pairs for (FF, FR, RF, RR): (0, 1, 0, 0)
[M::mem_pestat] skip orientation FF as there are not enough pairs
[M::mem_pestat] skip orientation FR as there are not enough pairs
[M::mem_pestat] skip orientation RF as there are not enough pairs
[M::mem_pestat] skip orientation RR as there are not enough pairs
[M::mem_process_seqs] Processed 2 reads in 0.000 CPU sec, 0.000 real sec
[M::process] read 2 sequences (474 bp)...
[M::mem_pestat] # candidate unique pairs for (FF, FR, RF, RR): (0, 1, 0, 0)
[M::mem_pestat] skip orientation FF as there are not enough pairs
[M::mem_pestat] skip orientation FR as there are not enough pairs
[M::mem_pestat] skip orientation RF as there are not enough pairs
[M::mem_pestat] skip orientation RR as there are not enough pairs
[M::mem_process_seqs] Processed 2 reads in 0.000 CPU sec, 0.000 real sec
[M::process] read 2 sequences (502 bp)...
[M::mem_pestat] # candidate unique pairs for (FF, FR, RF, RR): (0, 1, 0, 0)
[M::mem_pestat] skip orientation FF as there are not enough pairs
[M::mem_pestat] skip orientation FR as there are not enough pairs
[M::mem_pestat] skip orientation RF as there are not enough pairs
[M::mem_pestat] skip orientation RR as there are not enough pairs
[M::mem_process_seqs] Processed 2 reads in 0.000 CPU sec, 0.000 real sec
[M::process] read 2 sequences (494 bp)...
[M::mem_pestat] # candidate unique pairs for (FF, FR, RF, RR): (0, 1, 0, 0)
[M::mem_pestat] skip orientation FF as there are not enough pairs
[M::mem_pestat] skip orientation FR as there are not enough pairs
[M::mem_pestat] skip orientation RF as there are not enough pairs
[M::mem_pestat] skip orientation RR as there are not enough pairs
[M::mem_process_seqs] Processed 2 reads in 0.000 CPU sec, 0.000 real sec
[M::process] read 2 sequences (336 bp)...
[M::mem_pestat] # candidate unique pairs for (FF, FR, RF, RR): (0, 1, 0, 0)
[M::mem_pestat] skip orientation FF as there are not enough pairs
[M::mem_pestat] skip orientation FR as there are not enough pairs
[M::mem_pestat] skip orientation RF as there are not enough pairs
[M::mem_pestat] skip orientation RR as there are not enough pairs
[M::mem_process_seqs] Processed 2 reads in 0.000 CPU sec, 0.000 real sec
[M::process] read 2 sequences (494 bp)...
[M::mem_pestat] # candidate unique pairs for (FF, FR, RF, RR): (0, 1, 0, 0)
[M::mem_pestat] skip orientation FF as there are not enough pairs
[M::mem_pestat] skip orientation FR as there are not enough pairs
[M::mem_pestat] skip orientation RF as there are not enough pairs
[M::mem_pestat] skip orientation RR as there are not enough pairs
[M::mem_process_seqs] Processed 2 reads in 0.000 CPU sec, 0.000 real sec
[M::process] read 2 sequences (493 bp)...
[M::mem_pestat] # candidate unique pairs for (FF, FR, RF, RR): (0, 1, 0, 0)
[M::mem_pestat] skip orientation FF as there are not enough pairs
[M::mem_pestat] skip orientation FR as there are not enough pairs
[M::mem_pestat] skip orientation RF as there are not enough pairs
[M::mem_pestat] skip orientation RR as there are not enough pairs
[M::mem_process_seqs] Processed 2 reads in 0.000 CPU sec, 0.000 real sec
[M::process] read 2 sequences (502 bp)...
[M::mem_pestat] # candidate unique pairs for (FF, FR, RF, RR): (0, 1, 0, 0)
[M::mem_pestat] skip orientation FF as there are not enough pairs
[M::mem_pestat] skip orientation FR as there are not enough pairs
[M::mem_pestat] skip orientation RF as there are not enough pairs
[M::mem_pestat] skip orientation RR as there are not enough pairs
[M::mem_process_seqs] Processed 2 reads in 0.000 CPU sec, 0.000 real sec
[M::process] read 2 sequences (502 bp)...
[M::mem_pestat] # candidate unique pairs for (FF, FR, RF, RR): (0, 1, 0, 0)
[M::mem_pestat] skip orientation FF as there are not enough pairs
[M::mem_pestat] skip orientation FR as there are not enough pairs
[M::mem_pestat] skip orientation RF as there are not enough pairs
[M::mem_pestat] skip orientation RR as there are not enough pairs
[M::mem_process_seqs] Processed 2 reads in 0.000 CPU sec, 0.000 real sec
[M::process] read 2 sequences (502 bp)...
[M::mem_pestat] # candidate unique pairs for (FF, FR, RF, RR): (0, 1, 0, 0)
[M::mem_pestat] skip orientation FF as there are not enough pairs
[M::mem_pestat] skip orientation FR as there are not enough pairs
[M::mem_pestat] skip orientation RF as there are not enough pairs
[M::mem_pestat] skip orientation RR as there are not enough pairs
[M::mem_process_seqs] Processed 2 reads in 0.000 CPU sec, 0.000 real sec
[M::process] read 2 sequences (412 bp)...
[M::mem_pestat] # candidate unique pairs for (FF, FR, RF, RR): (0, 1, 0, 0)
[M::mem_pestat] skip orientation FF as there are not enough pairs
[M::mem_pestat] skip orientation FR as there are not enough pairs
[M::mem_pestat] skip orientation RF as there are not enough pairs
[M::mem_pestat] skip orientation RR as there are not enough pairs
[M::mem_process_seqs] Processed 2 reads in 0.000 CPU sec, 0.000 real sec
[M::process] read 2 sequences (348 bp)...
[M::mem_pestat] # candidate unique pairs for (FF, FR, RF, RR): (0, 1, 0, 0)
[M::mem_pestat] skip orientation FF as there are not enough pairs
[M::mem_pestat] skip orientation FR as there are not enough pairs
[M::mem_pestat] skip orientation RF as there are not enough pairs
[M::mem_pestat] skip orientation RR as there are not enough pairs
[M::mem_process_seqs] Processed 2 reads in 0.000 CPU sec, 0.000 real sec
[M::process] read 2 sequences (498 bp)...
[M::mem_pestat] # candidate unique pairs for (FF, FR, RF, RR): (0, 1, 0, 0)
[M::mem_pestat] skip orientation FF as there are not enough pairs
[M::mem_pestat] skip orientation FR as there are not enough pairs
[M::mem_pestat] skip orientation RF as there are not enough pairs
[M::mem_pestat] skip orientation RR as there are not enough pairs
[M::mem_process_seqs] Processed 2 reads in 0.000 CPU sec, 0.000 real sec
[M::process] read 2 sequences (320 bp)...
[M::mem_pestat] # candidate unique pairs for (FF, FR, RF, RR): (0, 1, 0, 0)
[M::mem_pestat] skip orientation FF as there are not enough pairs
[M::mem_pestat] skip orientation FR as there are not enough pairs
[M::mem_pestat] skip orientation RF as there are not enough pairs
[M::mem_pestat] skip orientation RR as there are not enough pairs
[M::mem_process_seqs] Processed 2 reads in 0.000 CPU sec, 0.000 real sec
[M::process] read 2 sequences (396 bp)...
[M::mem_pestat] # candidate unique pairs for (FF, FR, RF, RR): (0, 1, 0, 0)
[M::mem_pestat] skip orientation FF as there are not enough pairs
[M::mem_pestat] skip orientation FR as there are not enough pairs
[M::mem_pestat] skip orientation RF as there are not enough pairs
[M::mem_pestat] skip orientation RR as there are not enough pairs
[M::mem_process_seqs] Processed 2 reads in 0.000 CPU sec, 0.000 real sec
[M::process] read 2 sequences (494 bp)...
[M::mem_pestat] # candidate unique pairs for (FF, FR, RF, RR): (0, 1, 0, 0)
[M::mem_pestat] skip orientation FF as there are not enough pairs
[M::mem_pestat] skip orientation FR as there are not enough pairs
[M::mem_pestat] skip orientation RF as there are not enough pairs
[M::mem_pestat] skip orientation RR as there are not enough pairs
[M::mem_process_seqs] Processed 2 reads in 0.000 CPU sec, 0.000 real sec
[M::process] read 2 sequences (436 bp)...
[M::mem_pestat] # candidate unique pairs for (FF, FR, RF, RR): (0, 1, 0, 0)
[M::mem_pestat] skip orientation FF as there are not enough pairs
[M::mem_pestat] skip orientation FR as there are not enough pairs
[M::mem_pestat] skip orientation RF as there are not enough pairs
[M::mem_pestat] skip orientation RR as there are not enough pairs
[M::mem_process_seqs] Processed 2 reads in 0.000 CPU sec, 0.001 real sec
[M::process] read 2 sequences (366 bp)...
[M::mem_pestat] # candidate unique pairs for (FF, FR, RF, RR): (0, 1, 0, 0)
[M::mem_pestat] skip orientation FF as there are not enough pairs
[M::mem_pestat] skip orientation FR as there are not enough pairs
[M::mem_pestat] skip orientation RF as there are not enough pairs
[M::mem_pestat] skip orientation RR as there are not enough pairs
[M::mem_process_seqs] Processed 2 reads in 0.000 CPU sec, 0.000 real sec
[M::process] read 2 sequences (502 bp)...
[M::mem_pestat] # candidate unique pairs for (FF, FR, RF, RR): (0, 1, 0, 0)
[M::mem_pestat] skip orientation FF as there are not enough pairs
[M::mem_pestat] skip orientation FR as there are not enough pairs
[M::mem_pestat] skip orientation RF as there are not enough pairs
[M::mem_pestat] skip orientation RR as there are not enough pairs
[M::mem_process_seqs] Processed 2 reads in 0.000 CPU sec, 0.000 real sec
[M::process] read 2 sequences (502 bp)...
[M::mem_pestat] # candidate unique pairs for (FF, FR, RF, RR): (0, 1, 0, 0)
[M::mem_pestat] skip orientation FF as there are not enough pairs
[M::mem_pestat] skip orientation FR as there are not enough pairs
[M::mem_pestat] skip orientation RF as there are not enough pairs
[M::mem_pestat] skip orientation RR as there are not enough pairs
[M::mem_process_seqs] Processed 2 reads in 0.000 CPU sec, 0.000 real sec
[M::process] read 2 sequences (448 bp)...
[M::mem_pestat] # candidate unique pairs for (FF, FR, RF, RR): (0, 1, 0, 0)
[M::mem_pestat] skip orientation FF as there are not enough pairs
[M::mem_pestat] skip orientation FR as there are not enough pairs
[M::mem_pestat] skip orientation RF as there are not enough pairs
[M::mem_pestat] skip orientation RR as there are not enough pairs
[M::mem_process_seqs] Processed 2 reads in 0.000 CPU sec, 0.000 real sec
[M::process] read 2 sequences (370 bp)...
[M::mem_pestat] # candidate unique pairs for (FF, FR, RF, RR): (0, 1, 0, 0)
[M::mem_pestat] skip orientation FF as there are not enough pairs
[M::mem_pestat] skip orientation FR as there are not enough pairs
[M::mem_pestat] skip orientation RF as there are not enough pairs
[M::mem_pestat] skip orientation RR as there are not enough pairs
[M::mem_process_seqs] Processed 2 reads in 0.000 CPU sec, 0.001 real sec
[M::process] read 2 sequences (464 bp)...
[M::mem_pestat] # candidate unique pairs for (FF, FR, RF, RR): (0, 1, 0, 0)
[M::mem_pestat] skip orientation FF as there are not enough pairs
[M::mem_pestat] skip orientation FR as there are not enough pairs
[M::mem_pestat] skip orientation RF as there are not enough pairs
[M::mem_pestat] skip orientation RR as there are not enough pairs
[M::mem_process_seqs] Processed 2 reads in 0.000 CPU sec, 0.000 real sec
[M::process] read 2 sequences (498 bp)...
[M::mem_pestat] # candidate unique pairs for (FF, FR, RF, RR): (0, 1, 0, 0)
[M::mem_pestat] skip orientation FF as there are not enough pairs
[M::mem_pestat] skip orientation FR as there are not enough pairs
[M::mem_pestat] skip orientation RF as there are not enough pairs
[M::mem_pestat] skip orientation RR as there are not enough pairs
[M::mem_process_seqs] Processed 2 reads in 0.000 CPU sec, 0.001 real sec
[M::process] read 2 sequences (410 bp)...
[M::mem_pestat] # candidate unique pairs for (FF, FR, RF, RR): (0, 1, 0, 0)
[M::mem_pestat] skip orientation FF as there are not enough pairs
[M::mem_pestat] skip orientation FR as there are not enough pairs
[M::mem_pestat] skip orientation RF as there are not enough pairs
[M::mem_pestat] skip orientation RR as there are not enough pairs
[M::mem_process_seqs] Processed 2 reads in 0.000 CPU sec, 0.000 real sec
[M::process] read 2 sequences (498 bp)...
[M::mem_pestat] # candidate unique pairs for (FF, FR, RF, RR): (0, 1, 0, 0)
[M::mem_pestat] skip orientation FF as there are not enough pairs
[M::mem_pestat] skip orientation FR as there are not enough pairs
[M::mem_pestat] skip orientation RF as there are not enough pairs
[M::mem_pestat] skip orientation RR as there are not enough pairs
[M::mem_process_seqs] Processed 2 reads in 0.000 CPU sec, 0.000 real sec
[M::process] read 2 sequences (489 bp)...
[M::mem_pestat] # candidate unique pairs for (FF, FR, RF, RR): (0, 1, 0, 0)
[M::mem_pestat] skip orientation FF as there are not enough pairs
[M::mem_pestat] skip orientation FR as there are not enough pairs
[M::mem_pestat] skip orientation RF as there are not enough pairs
[M::mem_pestat] skip orientation RR as there are not enough pairs
[M::mem_process_seqs] Processed 2 reads in 0.000 CPU sec, 0.000 real sec
[M::process] read 2 sequences (486 bp)...
[M::mem_pestat] # candidate unique pairs for (FF, FR, RF, RR): (0, 1, 0, 0)
[M::mem_pestat] skip orientation FF as there are not enough pairs
[M::mem_pestat] skip orientation FR as there are not enough pairs
[M::mem_pestat] skip orientation RF as there are not enough pairs
[M::mem_pestat] skip orientation RR as there are not enough pairs
[M::mem_process_seqs] Processed 2 reads in 0.000 CPU sec, 0.000 real sec
[M::process] read 2 sequences (501 bp)...
[M::mem_pestat] # candidate unique pairs for (FF, FR, RF, RR): (0, 1, 0, 0)
[M::mem_pestat] skip orientation FF as there are not enough pairs
[M::mem_pestat] skip orientation FR as there are not enough pairs
[M::mem_pestat] skip orientation RF as there are not enough pairs
[M::mem_pestat] skip orientation RR as there are not enough pairs
[M::mem_process_seqs] Processed 2 reads in 0.000 CPU sec, 0.000 real sec
[M::process] read 2 sequences (498 bp)...
[M::mem_pestat] # candidate unique pairs for (FF, FR, RF, RR): (0, 1, 0, 0)
[M::mem_pestat] skip orientation FF as there are not enough pairs
[M::mem_pestat] skip orientation FR as there are not enough pairs
[M::mem_pestat] skip orientation RF as there are not enough pairs
[M::mem_pestat] skip orientation RR as there are not enough pairs
[M::mem_process_seqs] Processed 2 reads in 0.000 CPU sec, 0.000 real sec
[M::process] read 2 sequences (300 bp)...
[M::mem_pestat] # candidate unique pairs for (FF, FR, RF, RR): (0, 1, 0, 0)
[M::mem_pestat] skip orientation FF as there are not enough pairs
[M::mem_pestat] skip orientation FR as there are not enough pairs
[M::mem_pestat] skip orientation RF as there are not enough pairs
[M::mem_pestat] skip orientation RR as there are not enough pairs
[M::mem_process_seqs] Processed 2 reads in 0.000 CPU sec, 0.001 real sec
[M::process] read 2 sequences (282 bp)...
[M::mem_pestat] # candidate unique pairs for (FF, FR, RF, RR): (0, 1, 0, 0)
[M::mem_pestat] skip orientation FF as there are not enough pairs
[M::mem_pestat] skip orientation FR as there are not enough pairs
[M::mem_pestat] skip orientation RF as there are not enough pairs
[M::mem_pestat] skip orientation RR as there are not enough pairs
[M::mem_process_seqs] Processed 2 reads in 0.000 CPU sec, 0.000 real sec
[M::process] read 2 sequences (498 bp)...
[M::mem_pestat] # candidate unique pairs for (FF, FR, RF, RR): (0, 1, 0, 0)
[M::mem_pestat] skip orientation FF as there are not enough pairs
[M::mem_pestat] skip orientation FR as there are not enough pairs
[M::mem_pestat] skip orientation RF as there are not enough pairs
[M::mem_pestat] skip orientation RR as there are not enough pairs
[M::mem_process_seqs] Processed 2 reads in 0.000 CPU sec, 0.000 real sec
[M::process] read 2 sequences (490 bp)...
[M::mem_pestat] # candidate unique pairs for (FF, FR, RF, RR): (0, 1, 0, 0)
[M::mem_pestat] skip orientation FF as there are not enough pairs
[M::mem_pestat] skip orientation FR as there are not enough pairs
[M::mem_pestat] skip orientation RF as there are not enough pairs
[M::mem_pestat] skip orientation RR as there are not enough pairs
[M::mem_process_seqs] Processed 2 reads in 0.000 CPU sec, 0.000 real sec
[M::process] read 2 sequences (258 bp)...
[M::mem_pestat] # candidate unique pairs for (FF, FR, RF, RR): (0, 1, 0, 0)
[M::mem_pestat] skip orientation FF as there are not enough pairs
[M::mem_pestat] skip orientation FR as there are not enough pairs
[M::mem_pestat] skip orientation RF as there are not enough pairs
[M::mem_pestat] skip orientation RR as there are not enough pairs
[M::mem_process_seqs] Processed 2 reads in 0.000 CPU sec, 0.000 real sec
[M::process] read 2 sequences (330 bp)...
[M::mem_pestat] # candidate unique pairs for (FF, FR, RF, RR): (0, 1, 0, 0)
[M::mem_pestat] skip orientation FF as there are not enough pairs
[M::mem_pestat] skip orientation FR as there are not enough pairs
[M::mem_pestat] skip orientation RF as there are not enough pairs
[M::mem_pestat] skip orientation RR as there are not enough pairs
[M::mem_process_seqs] Processed 2 reads in 0.000 CPU sec, 0.000 real sec
[M::process] read 2 sequences (442 bp)...
[M::mem_pestat] # candidate unique pairs for (FF, FR, RF, RR): (0, 1, 0, 0)
[M::mem_pestat] skip orientation FF as there are not enough pairs
[M::mem_pestat] skip orientation FR as there are not enough pairs
[M::mem_pestat] skip orientation RF as there are not enough pairs
[M::mem_pestat] skip orientation RR as there are not enough pairs
[M::mem_process_seqs] Processed 2 reads in 0.000 CPU sec, 0.000 real sec
[M::process] read 2 sequences (474 bp)...
[M::mem_pestat] # candidate unique pairs for (FF, FR, RF, RR): (0, 1, 0, 0)
[M::mem_pestat] skip orientation FF as there are not enough pairs
[M::mem_pestat] skip orientation FR as there are not enough pairs
[M::mem_pestat] skip orientation RF as there are not enough pairs
[M::mem_pestat] skip orientation RR as there are not enough pairs
[M::mem_process_seqs] Processed 2 reads in 0.000 CPU sec, 0.000 real sec
[M::process] read 2 sequences (462 bp)...
[M::mem_pestat] # candidate unique pairs for (FF, FR, RF, RR): (0, 1, 0, 0)
[M::mem_pestat] skip orientation FF as there are not enough pairs
[M::mem_pestat] skip orientation FR as there are not enough pairs
[M::mem_pestat] skip orientation RF as there are not enough pairs
[M::mem_pestat] skip orientation RR as there are not enough pairs
[M::mem_process_seqs] Processed 2 reads in 0.000 CPU sec, 0.000 real sec
[M::process] read 2 sequences (496 bp)...
[M::mem_pestat] # candidate unique pairs for (FF, FR, RF, RR): (0, 1, 0, 0)
[M::mem_pestat] skip orientation FF as there are not enough pairs
[M::mem_pestat] skip orientation FR as there are not enough pairs
[M::mem_pestat] skip orientation RF as there are not enough pairs
[M::mem_pestat] skip orientation RR as there are not enough pairs
[M::mem_process_seqs] Processed 2 reads in 0.000 CPU sec, 0.000 real sec
[M::process] read 2 sequences (336 bp)...
[M::mem_pestat] # candidate unique pairs for (FF, FR, RF, RR): (0, 1, 0, 0)
[M::mem_pestat] skip orientation FF as there are not enough pairs
[M::mem_pestat] skip orientation FR as there are not enough pairs
[M::mem_pestat] skip orientation RF as there are not enough pairs
[M::mem_pestat] skip orientation RR as there are not enough pairs
[M::mem_process_seqs] Processed 2 reads in 0.000 CPU sec, 0.000 real sec
[M::process] read 2 sequences (324 bp)...
[M::mem_pestat] # candidate unique pairs for (FF, FR, RF, RR): (0, 1, 0, 0)
[M::mem_pestat] skip orientation FF as there are not enough pairs
[M::mem_pestat] skip orientation FR as there are not enough pairs
[M::mem_pestat] skip orientation RF as there are not enough pairs
[M::mem_pestat] skip orientation RR as there are not enough pairs
[M::mem_process_seqs] Processed 2 reads in 0.000 CPU sec, 0.000 real sec
[M::process] read 2 sequences (494 bp)...
[M::mem_pestat] # candidate unique pairs for (FF, FR, RF, RR): (0, 1, 0, 0)
[M::mem_pestat] skip orientation FF as there are not enough pairs
[M::mem_pestat] skip orientation FR as there are not enough pairs
[M::mem_pestat] skip orientation RF as there are not enough pairs
[M::mem_pestat] skip orientation RR as there are not enough pairs
[M::mem_process_seqs] Processed 2 reads in 0.000 CPU sec, 0.000 real sec
[M::process] read 2 sequences (493 bp)...
[M::mem_pestat] # candidate unique pairs for (FF, FR, RF, RR): (0, 1, 0, 0)
[M::mem_pestat] skip orientation FF as there are not enough pairs
[M::mem_pestat] skip orientation FR as there are not enough pairs
[M::mem_pestat] skip orientation RF as there are not enough pairs
[M::mem_pestat] skip orientation RR as there are not enough pairs
[M::mem_process_seqs] Processed 2 reads in 0.000 CPU sec, 0.000 real sec
[M::process] read 2 sequences (408 bp)...
[M::mem_pestat] # candidate unique pairs for (FF, FR, RF, RR): (0, 1, 0, 0)
[M::mem_pestat] skip orientation FF as there are not enough pairs
[M::mem_pestat] skip orientation FR as there are not enough pairs
[M::mem_pestat] skip orientation RF as there are not enough pairs
[M::mem_pestat] skip orientation RR as there are not enough pairs
[M::mem_process_seqs] Processed 2 reads in 0.000 CPU sec, 0.000 real sec
[M::process] read 2 sequences (494 bp)...
[M::mem_pestat] # candidate unique pairs for (FF, FR, RF, RR): (0, 1, 0, 0)
[M::mem_pestat] skip orientation FF as there are not enough pairs
[M::mem_pestat] skip orientation FR as there are not enough pairs
[M::mem_pestat] skip orientation RF as there are not enough pairs
[M::mem_pestat] skip orientation RR as there are not enough pairs
[M::mem_process_seqs] Processed 2 reads in 0.000 CPU sec, 0.000 real sec
[M::process] read 2 sequences (501 bp)...
[M::mem_pestat] # candidate unique pairs for (FF, FR, RF, RR): (0, 1, 0, 0)
[M::mem_pestat] skip orientation FF as there are not enough pairs
[M::mem_pestat] skip orientation FR as there are not enough pairs
[M::mem_pestat] skip orientation RF as there are not enough pairs
[M::mem_pestat] skip orientation RR as there are not enough pairs
[M::mem_process_seqs] Processed 2 reads in 0.000 CPU sec, 0.000 real sec
[M::process] read 2 sequences (452 bp)...
[M::mem_pestat] # candidate unique pairs for (FF, FR, RF, RR): (0, 1, 0, 0)
[M::mem_pestat] skip orientation FF as there are not enough pairs
[M::mem_pestat] skip orientation FR as there are not enough pairs
[M::mem_pestat] skip orientation RF as there are not enough pairs
[M::mem_pestat] skip orientation RR as there are not enough pairs
[M::mem_process_seqs] Processed 2 reads in 0.000 CPU sec, 0.000 real sec
[M::process] read 2 sequences (493 bp)...
[M::mem_pestat] # candidate unique pairs for (FF, FR, RF, RR): (0, 1, 0, 0)
[M::mem_pestat] skip orientation FF as there are not enough pairs
[M::mem_pestat] skip orientation FR as there are not enough pairs
[M::mem_pestat] skip orientation RF as there are not enough pairs
[M::mem_pestat] skip orientation RR as there are not enough pairs
[M::mem_process_seqs] Processed 2 reads in 0.000 CPU sec, 0.000 real sec
[M::process] read 2 sequences (502 bp)...
[M::mem_pestat] # candidate unique pairs for (FF, FR, RF, RR): (0, 1, 0, 0)
[M::mem_pestat] skip orientation FF as there are not enough pairs
[M::mem_pestat] skip orientation FR as there are not enough pairs
[M::mem_pestat] skip orientation RF as there are not enough pairs
[M::mem_pestat] skip orientation RR as there are not enough pairs
[M::mem_process_seqs] Processed 2 reads in 0.000 CPU sec, 0.000 real sec
[M::process] read 2 sequences (350 bp)...
[M::mem_pestat] # candidate unique pairs for (FF, FR, RF, RR): (0, 1, 0, 0)
[M::mem_pestat] skip orientation FF as there are not enough pairs
[M::mem_pestat] skip orientation FR as there are not enough pairs
[M::mem_pestat] skip orientation RF as there are not enough pairs
[M::mem_pestat] skip orientation RR as there are not enough pairs
[M::mem_process_seqs] Processed 2 reads in 0.000 CPU sec, 0.000 real sec
[M::process] read 2 sequences (306 bp)...
[M::mem_pestat] # candidate unique pairs for (FF, FR, RF, RR): (0, 1, 0, 0)
[M::mem_pestat] skip orientation FF as there are not enough pairs
[M::mem_pestat] skip orientation FR as there are not enough pairs
[M::mem_pestat] skip orientation RF as there are not enough pairs
[M::mem_pestat] skip orientation RR as there are not enough pairs
[M::mem_process_seqs] Processed 2 reads in 0.000 CPU sec, 0.000 real sec
[M::process] read 2 sequences (394 bp)...
[M::mem_pestat] # candidate unique pairs for (FF, FR, RF, RR): (0, 1, 0, 0)
[M::mem_pestat] skip orientation FF as there are not enough pairs
[M::mem_pestat] skip orientation FR as there are not enough pairs
[M::mem_pestat] skip orientation RF as there are not enough pairs
[M::mem_pestat] skip orientation RR as there are not enough pairs
[M::mem_process_seqs] Processed 2 reads in 0.000 CPU sec, 0.000 real sec
[M::process] read 2 sequences (502 bp)...
[M::mem_pestat] # candidate unique pairs for (FF, FR, RF, RR): (0, 1, 0, 0)
[M::mem_pestat] skip orientation FF as there are not enough pairs
[M::mem_pestat] skip orientation FR as there are not enough pairs
[M::mem_pestat] skip orientation RF as there are not enough pairs
[M::mem_pestat] skip orientation RR as there are not enough pairs
[M::mem_process_seqs] Processed 2 reads in 0.000 CPU sec, 0.000 real sec
[M::process] read 2 sequences (501 bp)...
[M::mem_pestat] # candidate unique pairs for (FF, FR, RF, RR): (0, 1, 0, 0)
[M::mem_pestat] skip orientation FF as there are not enough pairs
[M::mem_pestat] skip orientation FR as there are not enough pairs
[M::mem_pestat] skip orientation RF as there are not enough pairs
[M::mem_pestat] skip orientation RR as there are not enough pairs
[M::mem_process_seqs] Processed 2 reads in 0.000 CPU sec, 0.000 real sec
[M::process] read 2 sequences (318 bp)...
[M::mem_pestat] # candidate unique pairs for (FF, FR, RF, RR): (0, 1, 0, 0)
[M::mem_pestat] skip orientation FF as there are not enough pairs
[M::mem_pestat] skip orientation FR as there are not enough pairs
[M::mem_pestat] skip orientation RF as there are not enough pairs
[M::mem_pestat] skip orientation RR as there are not enough pairs
[M::mem_process_seqs] Processed 2 reads in 0.000 CPU sec, 0.000 real sec
[M::process] read 2 sequences (470 bp)...
[M::mem_pestat] # candidate unique pairs for (FF, FR, RF, RR): (0, 1, 0, 0)
[M::mem_pestat] skip orientation FF as there are not enough pairs
[M::mem_pestat] skip orientation FR as there are not enough pairs
[M::mem_pestat] skip orientation RF as there are not enough pairs
[M::mem_pestat] skip orientation RR as there are not enough pairs
[M::mem_process_seqs] Processed 2 reads in 0.000 CPU sec, 0.000 real sec
[M::process] read 2 sequences (286 bp)...
[M::mem_pestat] # candidate unique pairs for (FF, FR, RF, RR): (0, 1, 0, 0)
[M::mem_pestat] skip orientation FF as there are not enough pairs
[M::mem_pestat] skip orientation FR as there are not enough pairs
[M::mem_pestat] skip orientation RF as there are not enough pairs
[M::mem_pestat] skip orientation RR as there are not enough pairs
[M::mem_process_seqs] Processed 2 reads in 0.000 CPU sec, 0.000 real sec
[M::process] read 2 sequences (484 bp)...
[M::mem_pestat] # candidate unique pairs for (FF, FR, RF, RR): (0, 1, 0, 0)
[M::mem_pestat] skip orientation FF as there are not enough pairs
[M::mem_pestat] skip orientation FR as there are not enough pairs
[M::mem_pestat] skip orientation RF as there are not enough pairs
[M::mem_pestat] skip orientation RR as there are not enough pairs
[M::mem_process_seqs] Processed 2 reads in 0.000 CPU sec, 0.000 real sec
[M::process] read 2 sequences (501 bp)...
[M::mem_pestat] # candidate unique pairs for (FF, FR, RF, RR): (0, 1, 0, 0)
[M::mem_pestat] skip orientation FF as there are not enough pairs
[M::mem_pestat] skip orientation FR as there are not enough pairs
[M::mem_pestat] skip orientation RF as there are not enough pairs
[M::mem_pestat] skip orientation RR as there are not enough pairs
[M::mem_process_seqs] Processed 2 reads in 0.000 CPU sec, 0.000 real sec
[M::process] read 2 sequences (338 bp)...
[M::mem_pestat] # candidate unique pairs for (FF, FR, RF, RR): (0, 1, 0, 0)
[M::mem_pestat] skip orientation FF as there are not enough pairs
[M::mem_pestat] skip orientation FR as there are not enough pairs
[M::mem_pestat] skip orientation RF as there are not enough pairs
[M::mem_pestat] skip orientation RR as there are not enough pairs
[M::mem_process_seqs] Processed 2 reads in 0.000 CPU sec, 0.000 real sec
[M::process] read 2 sequences (208 bp)...
[M::mem_pestat] # candidate unique pairs for (FF, FR, RF, RR): (0, 1, 0, 0)
[M::mem_pestat] skip orientation FF as there are not enough pairs
[M::mem_pestat] skip orientation FR as there are not enough pairs
[M::mem_pestat] skip orientation RF as there are not enough pairs
[M::mem_pestat] skip orientation RR as there are not enough pairs
[M::mem_process_seqs] Processed 2 reads in 0.000 CPU sec, 0.000 real sec
[M::process] read 2 sequences (502 bp)...
[M::mem_pestat] # candidate unique pairs for (FF, FR, RF, RR): (0, 1, 0, 0)
[M::mem_pestat] skip orientation FF as there are not enough pairs
[M::mem_pestat] skip orientation FR as there are not enough pairs
[M::mem_pestat] skip orientation RF as there are not enough pairs
[M::mem_pestat] skip orientation RR as there are not enough pairs
[M::mem_process_seqs] Processed 2 reads in 0.000 CPU sec, 0.000 real sec
[M::process] read 2 sequences (501 bp)...
[M::mem_pestat] # candidate unique pairs for (FF, FR, RF, RR): (0, 1, 0, 0)
[M::mem_pestat] skip orientation FF as there are not enough pairs
[M::mem_pestat] skip orientation FR as there are not enough pairs
[M::mem_pestat] skip orientation RF as there are not enough pairs
[M::mem_pestat] skip orientation RR as there are not enough pairs
[M::mem_process_seqs] Processed 2 reads in 0.000 CPU sec, 0.000 real sec
[M::process] read 2 sequences (406 bp)...
[M::mem_pestat] # candidate unique pairs for (FF, FR, RF, RR): (0, 1, 0, 0)
[M::mem_pestat] skip orientation FF as there are not enough pairs
[M::mem_pestat] skip orientation FR as there are not enough pairs
[M::mem_pestat] skip orientation RF as there are not enough pairs
[M::mem_pestat] skip orientation RR as there are not enough pairs
[M::mem_process_seqs] Processed 2 reads in 0.000 CPU sec, 0.000 real sec
[M::process] read 2 sequences (502 bp)...
[M::mem_pestat] # candidate unique pairs for (FF, FR, RF, RR): (0, 1, 0, 0)
[M::mem_pestat] skip orientation FF as there are not enough pairs
[M::mem_pestat] skip orientation FR as there are not enough pairs
[M::mem_pestat] skip orientation RF as there are not enough pairs
[M::mem_pestat] skip orientation RR as there are not enough pairs
[M::mem_process_seqs] Processed 2 reads in 0.000 CPU sec, 0.000 real sec
[M::process] read 2 sequences (502 bp)...
[M::mem_pestat] # candidate unique pairs for (FF, FR, RF, RR): (0, 1, 0, 0)
[M::mem_pestat] skip orientation FF as there are not enough pairs
[M::mem_pestat] skip orientation FR as there are not enough pairs
[M::mem_pestat] skip orientation RF as there are not enough pairs
[M::mem_pestat] skip orientation RR as there are not enough pairs
[M::mem_process_seqs] Processed 2 reads in 0.001 CPU sec, 0.000 real sec
[M::process] read 2 sequences (489 bp)...
[M::mem_pestat] # candidate unique pairs for (FF, FR, RF, RR): (0, 1, 0, 0)
[M::mem_pestat] skip orientation FF as there are not enough pairs
[M::mem_pestat] skip orientation FR as there are not enough pairs
[M::mem_pestat] skip orientation RF as there are not enough pairs
[M::mem_pestat] skip orientation RR as there are not enough pairs
[M::mem_process_seqs] Processed 2 reads in 0.000 CPU sec, 0.000 real sec
[M::process] read 2 sequences (346 bp)...
[M::mem_pestat] # candidate unique pairs for (FF, FR, RF, RR): (0, 1, 0, 0)
[M::mem_pestat] skip orientation FF as there are not enough pairs
[M::mem_pestat] skip orientation FR as there are not enough pairs
[M::mem_pestat] skip orientation RF as there are not enough pairs
[M::mem_pestat] skip orientation RR as there are not enough pairs
[M::mem_process_seqs] Processed 2 reads in 0.000 CPU sec, 0.000 real sec
[M::process] read 2 sequences (430 bp)...
[M::mem_pestat] # candidate unique pairs for (FF, FR, RF, RR): (0, 1, 0, 0)
[M::mem_pestat] skip orientation FF as there are not enough pairs
[M::mem_pestat] skip orientation FR as there are not enough pairs
[M::mem_pestat] skip orientation RF as there are not enough pairs
[M::mem_pestat] skip orientation RR as there are not enough pairs
[M::mem_process_seqs] Processed 2 reads in 0.000 CPU sec, 0.000 real sec
[M::process] read 2 sequences (502 bp)...
[M::mem_pestat] # candidate unique pairs for (FF, FR, RF, RR): (0, 1, 0, 0)
[M::mem_pestat] skip orientation FF as there are not enough pairs
[M::mem_pestat] skip orientation FR as there are not enough pairs
[M::mem_pestat] skip orientation RF as there are not enough pairs
[M::mem_pestat] skip orientation RR as there are not enough pairs
[M::mem_process_seqs] Processed 2 reads in 0.000 CPU sec, 0.000 real sec
[M::process] read 2 sequences (476 bp)...
[M::mem_pestat] # candidate unique pairs for (FF, FR, RF, RR): (0, 1, 0, 0)
[M::mem_pestat] skip orientation FF as there are not enough pairs
[M::mem_pestat] skip orientation FR as there are not enough pairs
[M::mem_pestat] skip orientation RF as there are not enough pairs
[M::mem_pestat] skip orientation RR as there are not enough pairs
[M::mem_process_seqs] Processed 2 reads in 0.000 CPU sec, 0.000 real sec
[M::process] read 2 sequences (488 bp)...
[M::mem_pestat] # candidate unique pairs for (FF, FR, RF, RR): (0, 1, 0, 0)
[M::mem_pestat] skip orientation FF as there are not enough pairs
[M::mem_pestat] skip orientation FR as there are not enough pairs
[M::mem_pestat] skip orientation RF as there are not enough pairs
[M::mem_pestat] skip orientation RR as there are not enough pairs
[M::mem_process_seqs] Processed 2 reads in 0.000 CPU sec, 0.000 real sec
[M::process] read 2 sequences (404 bp)...
[M::mem_pestat] # candidate unique pairs for (FF, FR, RF, RR): (0, 1, 0, 0)
[M::mem_pestat] skip orientation FF as there are not enough pairs
[M::mem_pestat] skip orientation FR as there are not enough pairs
[M::mem_pestat] skip orientation RF as there are not enough pairs
[M::mem_pestat] skip orientation RR as there are not enough pairs
[M::mem_process_seqs] Processed 2 reads in 0.000 CPU sec, 0.000 real sec
[M::process] read 2 sequences (446 bp)...
[M::mem_pestat] # candidate unique pairs for (FF, FR, RF, RR): (0, 1, 0, 0)
[M::mem_pestat] skip orientation FF as there are not enough pairs
[M::mem_pestat] skip orientation FR as there are not enough pairs
[M::mem_pestat] skip orientation RF as there are not enough pairs
[M::mem_pestat] skip orientation RR as there are not enough pairs
[M::mem_process_seqs] Processed 2 reads in 0.000 CPU sec, 0.000 real sec
[M::process] read 2 sequences (497 bp)...
[M::mem_pestat] # candidate unique pairs for (FF, FR, RF, RR): (0, 1, 0, 0)
[M::mem_pestat] skip orientation FF as there are not enough pairs
[M::mem_pestat] skip orientation FR as there are not enough pairs
[M::mem_pestat] skip orientation RF as there are not enough pairs
[M::mem_pestat] skip orientation RR as there are not enough pairs
[M::mem_process_seqs] Processed 2 reads in 0.000 CPU sec, 0.000 real sec
[M::process] read 2 sequences (252 bp)...
[M::mem_pestat] # candidate unique pairs for (FF, FR, RF, RR): (0, 1, 0, 0)
[M::mem_pestat] skip orientation FF as there are not enough pairs
[M::mem_pestat] skip orientation FR as there are not enough pairs
[M::mem_pestat] skip orientation RF as there are not enough pairs
[M::mem_pestat] skip orientation RR as there are not enough pairs
[M::mem_process_seqs] Processed 2 reads in 0.000 CPU sec, 0.000 real sec
[M::process] read 2 sequences (502 bp)...
[M::mem_pestat] # candidate unique pairs for (FF, FR, RF, RR): (0, 1, 0, 0)
[M::mem_pestat] skip orientation FF as there are not enough pairs
[M::mem_pestat] skip orientation FR as there are not enough pairs
[M::mem_pestat] skip orientation RF as there are not enough pairs
[M::mem_pestat] skip orientation RR as there are not enough pairs
[M::mem_process_seqs] Processed 2 reads in 0.000 CPU sec, 0.000 real sec
[M::process] read 2 sequences (418 bp)...
[M::mem_pestat] # candidate unique pairs for (FF, FR, RF, RR): (0, 1, 0, 0)
[M::mem_pestat] skip orientation FF as there are not enough pairs
[M::mem_pestat] skip orientation FR as there are not enough pairs
[M::mem_pestat] skip orientation RF as there are not enough pairs
[M::mem_pestat] skip orientation RR as there are not enough pairs
[M::mem_process_seqs] Processed 2 reads in 0.000 CPU sec, 0.000 real sec
[M::process] read 2 sequences (442 bp)...
[M::mem_pestat] # candidate unique pairs for (FF, FR, RF, RR): (0, 1, 0, 0)
[M::mem_pestat] skip orientation FF as there are not enough pairs
[M::mem_pestat] skip orientation FR as there are not enough pairs
[M::mem_pestat] skip orientation RF as there are not enough pairs
[M::mem_pestat] skip orientation RR as there are not enough pairs
[M::mem_process_seqs] Processed 2 reads in 0.000 CPU sec, 0.000 real sec
[M::process] read 2 sequences (493 bp)...
[M::mem_pestat] # candidate unique pairs for (FF, FR, RF, RR): (0, 1, 0, 0)
[M::mem_pestat] skip orientation FF as there are not enough pairs
[M::mem_pestat] skip orientation FR as there are not enough pairs
[M::mem_pestat] skip orientation RF as there are not enough pairs
[M::mem_pestat] skip orientation RR as there are not enough pairs
[M::mem_process_seqs] Processed 2 reads in 0.000 CPU sec, 0.000 real sec
[M::process] read 2 sequences (472 bp)...
[M::mem_pestat] # candidate unique pairs for (FF, FR, RF, RR): (0, 1, 0, 0)
[M::mem_pestat] skip orientation FF as there are not enough pairs
[M::mem_pestat] skip orientation FR as there are not enough pairs
[M::mem_pestat] skip orientation RF as there are not enough pairs
[M::mem_pestat] skip orientation RR as there are not enough pairs
[M::mem_process_seqs] Processed 2 reads in 0.000 CPU sec, 0.000 real sec
[M::process] read 2 sequences (418 bp)...
[M::mem_pestat] # candidate unique pairs for (FF, FR, RF, RR): (0, 1, 0, 0)
[M::mem_pestat] skip orientation FF as there are not enough pairs
[M::mem_pestat] skip orientation FR as there are not enough pairs
[M::mem_pestat] skip orientation RF as there are not enough pairs
[M::mem_pestat] skip orientation RR as there are not enough pairs
[M::mem_process_seqs] Processed 2 reads in 0.000 CPU sec, 0.000 real sec
[M::process] read 2 sequences (488 bp)...
[M::mem_pestat] # candidate unique pairs for (FF, FR, RF, RR): (0, 1, 0, 0)
[M::mem_pestat] skip orientation FF as there are not enough pairs
[M::mem_pestat] skip orientation FR as there are not enough pairs
[M::mem_pestat] skip orientation RF as there are not enough pairs
[M::mem_pestat] skip orientation RR as there are not enough pairs
[M::mem_process_seqs] Processed 2 reads in 0.000 CPU sec, 0.000 real sec
[M::process] read 2 sequences (466 bp)...
[M::mem_pestat] # candidate unique pairs for (FF, FR, RF, RR): (0, 1, 0, 0)
[M::mem_pestat] skip orientation FF as there are not enough pairs
[M::mem_pestat] skip orientation FR as there are not enough pairs
[M::mem_pestat] skip orientation RF as there are not enough pairs
[M::mem_pestat] skip orientation RR as there are not enough pairs
[M::mem_process_seqs] Processed 2 reads in 0.000 CPU sec, 0.000 real sec
[M::process] read 2 sequences (495 bp)...
[M::mem_pestat] # candidate unique pairs for (FF, FR, RF, RR): (0, 1, 0, 0)
[M::mem_pestat] skip orientation FF as there are not enough pairs
[M::mem_pestat] skip orientation FR as there are not enough pairs
[M::mem_pestat] skip orientation RF as there are not enough pairs
[M::mem_pestat] skip orientation RR as there are not enough pairs
[M::mem_process_seqs] Processed 2 reads in 0.000 CPU sec, 0.000 real sec
[M::process] read 2 sequences (478 bp)...
[M::mem_pestat] # candidate unique pairs for (FF, FR, RF, RR): (0, 1, 0, 0)
[M::mem_pestat] skip orientation FF as there are not enough pairs
[M::mem_pestat] skip orientation FR as there are not enough pairs
[M::mem_pestat] skip orientation RF as there are not enough pairs
[M::mem_pestat] skip orientation RR as there are not enough pairs
[M::mem_process_seqs] Processed 2 reads in 0.000 CPU sec, 0.000 real sec
[M::process] read 2 sequences (452 bp)...
[M::mem_pestat] # candidate unique pairs for (FF, FR, RF, RR): (0, 1, 0, 0)
[M::mem_pestat] skip orientation FF as there are not enough pairs
[M::mem_pestat] skip orientation FR as there are not enough pairs
[M::mem_pestat] skip orientation RF as there are not enough pairs
[M::mem_pestat] skip orientation RR as there are not enough pairs
[M::mem_process_seqs] Processed 2 reads in 0.000 CPU sec, 0.001 real sec
[M::process] read 2 sequences (376 bp)...
[M::mem_pestat] # candidate unique pairs for (FF, FR, RF, RR): (0, 1, 0, 0)
[M::mem_pestat] skip orientation FF as there are not enough pairs
[M::mem_pestat] skip orientation FR as there are not enough pairs
[M::mem_pestat] skip orientation RF as there are not enough pairs
[M::mem_pestat] skip orientation RR as there are not enough pairs
[M::mem_process_seqs] Processed 2 reads in 0.000 CPU sec, 0.001 real sec
[M::process] read 2 sequences (362 bp)...
[M::mem_pestat] # candidate unique pairs for (FF, FR, RF, RR): (0, 1, 0, 0)
[M::mem_pestat] skip orientation FF as there are not enough pairs
[M::mem_pestat] skip orientation FR as there are not enough pairs
[M::mem_pestat] skip orientation RF as there are not enough pairs
[M::mem_pestat] skip orientation RR as there are not enough pairs
[M::mem_process_seqs] Processed 2 reads in 0.000 CPU sec, 0.000 real sec
[M::process] read 2 sequences (498 bp)...
[M::mem_pestat] # candidate unique pairs for (FF, FR, RF, RR): (0, 1, 0, 0)
[M::mem_pestat] skip orientation FF as there are not enough pairs
[M::mem_pestat] skip orientation FR as there are not enough pairs
[M::mem_pestat] skip orientation RF as there are not enough pairs
[M::mem_pestat] skip orientation RR as there are not enough pairs
[M::mem_process_seqs] Processed 2 reads in 0.000 CPU sec, 0.000 real sec
[M::process] read 2 sequences (497 bp)...
[M::mem_pestat] # candidate unique pairs for (FF, FR, RF, RR): (0, 1, 0, 0)
[M::mem_pestat] skip orientation FF as there are not enough pairs
[M::mem_pestat] skip orientation FR as there are not enough pairs
[M::mem_pestat] skip orientation RF as there are not enough pairs
[M::mem_pestat] skip orientation RR as there are not enough pairs
[M::mem_process_seqs] Processed 2 reads in 0.000 CPU sec, 0.000 real sec
[M::process] read 2 sequences (501 bp)...
[M::mem_pestat] # candidate unique pairs for (FF, FR, RF, RR): (0, 1, 0, 0)
[M::mem_pestat] skip orientation FF as there are not enough pairs
[M::mem_pestat] skip orientation FR as there are not enough pairs
[M::mem_pestat] skip orientation RF as there are not enough pairs
[M::mem_pestat] skip orientation RR as there are not enough pairs
[M::mem_process_seqs] Processed 2 reads in 0.000 CPU sec, 0.000 real sec
[M::process] read 2 sequences (422 bp)...
[M::mem_pestat] # candidate unique pairs for (FF, FR, RF, RR): (0, 1, 0, 0)
[M::mem_pestat] skip orientation FF as there are not enough pairs
[M::mem_pestat] skip orientation FR as there are not enough pairs
[M::mem_pestat] skip orientation RF as there are not enough pairs
[M::mem_pestat] skip orientation RR as there are not enough pairs
[M::mem_process_seqs] Processed 2 reads in 0.000 CPU sec, 0.000 real sec
[M::process] read 2 sequences (502 bp)...
[M::mem_pestat] # candidate unique pairs for (FF, FR, RF, RR): (0, 1, 0, 0)
[M::mem_pestat] skip orientation FF as there are not enough pairs
[M::mem_pestat] skip orientation FR as there are not enough pairs
[M::mem_pestat] skip orientation RF as there are not enough pairs
[M::mem_pestat] skip orientation RR as there are not enough pairs
[M::mem_process_seqs] Processed 2 reads in 0.000 CPU sec, 0.001 real sec
[M::process] read 2 sequences (472 bp)...
[M::mem_pestat] # candidate unique pairs for (FF, FR, RF, RR): (0, 1, 0, 0)
[M::mem_pestat] skip orientation FF as there are not enough pairs
[M::mem_pestat] skip orientation FR as there are not enough pairs
[M::mem_pestat] skip orientation RF as there are not enough pairs
[M::mem_pestat] skip orientation RR as there are not enough pairs
[M::mem_process_seqs] Processed 2 reads in 0.000 CPU sec, 0.000 real sec
[M::process] read 2 sequences (308 bp)...
[M::mem_pestat] # candidate unique pairs for (FF, FR, RF, RR): (0, 1, 0, 0)
[M::mem_pestat] skip orientation FF as there are not enough pairs
[M::mem_pestat] skip orientation FR as there are not enough pairs
[M::mem_pestat] skip orientation RF as there are not enough pairs
[M::mem_pestat] skip orientation RR as there are not enough pairs
[M::mem_process_seqs] Processed 2 reads in 0.000 CPU sec, 0.000 real sec
[M::process] read 2 sequences (336 bp)...
[M::mem_pestat] # candidate unique pairs for (FF, FR, RF, RR): (0, 1, 0, 0)
[M::mem_pestat] skip orientation FF as there are not enough pairs
[M::mem_pestat] skip orientation FR as there are not enough pairs
[M::mem_pestat] skip orientation RF as there are not enough pairs
[M::mem_pestat] skip orientation RR as there are not enough pairs
[M::mem_process_seqs] Processed 2 reads in 0.000 CPU sec, 0.000 real sec
[M::process] read 2 sequences (458 bp)...
[M::mem_pestat] # candidate unique pairs for (FF, FR, RF, RR): (0, 1, 0, 0)
[M::mem_pestat] skip orientation FF as there are not enough pairs
[M::mem_pestat] skip orientation FR as there are not enough pairs
[M::mem_pestat] skip orientation RF as there are not enough pairs
[M::mem_pestat] skip orientation RR as there are not enough pairs
[M::mem_process_seqs] Processed 2 reads in 0.000 CPU sec, 0.000 real sec
[M::process] read 2 sequences (398 bp)...
[M::mem_pestat] # candidate unique pairs for (FF, FR, RF, RR): (0, 1, 0, 0)
[M::mem_pestat] skip orientation FF as there are not enough pairs
[M::mem_pestat] skip orientation FR as there are not enough pairs
[M::mem_pestat] skip orientation RF as there are not enough pairs
[M::mem_pestat] skip orientation RR as there are not enough pairs
[M::mem_process_seqs] Processed 2 reads in 0.000 CPU sec, 0.000 real sec
[M::process] read 2 sequences (398 bp)...
[M::mem_pestat] # candidate unique pairs for (FF, FR, RF, RR): (0, 1, 0, 0)
[M::mem_pestat] skip orientation FF as there are not enough pairs
[M::mem_pestat] skip orientation FR as there are not enough pairs
[M::mem_pestat] skip orientation RF as there are not enough pairs
[M::mem_pestat] skip orientation RR as there are not enough pairs
[M::mem_process_seqs] Processed 2 reads in 0.000 CPU sec, 0.000 real sec
[M::process] read 2 sequences (410 bp)...
[M::mem_pestat] # candidate unique pairs for (FF, FR, RF, RR): (0, 1, 0, 0)
[M::mem_pestat] skip orientation FF as there are not enough pairs
[M::mem_pestat] skip orientation FR as there are not enough pairs
[M::mem_pestat] skip orientation RF as there are not enough pairs
[M::mem_pestat] skip orientation RR as there are not enough pairs
[M::mem_process_seqs] Processed 2 reads in 0.000 CPU sec, 0.000 real sec
[M::process] read 2 sequences (498 bp)...
[M::mem_pestat] # candidate unique pairs for (FF, FR, RF, RR): (0, 1, 0, 0)
[M::mem_pestat] skip orientation FF as there are not enough pairs
[M::mem_pestat] skip orientation FR as there are not enough pairs
[M::mem_pestat] skip orientation RF as there are not enough pairs
[M::mem_pestat] skip orientation RR as there are not enough pairs
[M::mem_process_seqs] Processed 2 reads in 0.000 CPU sec, 0.000 real sec
[M::process] read 2 sequences (402 bp)...
[M::mem_pestat] # candidate unique pairs for (FF, FR, RF, RR): (0, 1, 0, 0)
[M::mem_pestat] skip orientation FF as there are not enough pairs
[M::mem_pestat] skip orientation FR as there are not enough pairs
[M::mem_pestat] skip orientation RF as there are not enough pairs
[M::mem_pestat] skip orientation RR as there are not enough pairs
[M::mem_process_seqs] Processed 2 reads in 0.000 CPU sec, 0.000 real sec
[M::process] read 2 sequences (292 bp)...
[M::mem_pestat] # candidate unique pairs for (FF, FR, RF, RR): (0, 1, 0, 0)
[M::mem_pestat] skip orientation FF as there are not enough pairs
[M::mem_pestat] skip orientation FR as there are not enough pairs
[M::mem_pestat] skip orientation RF as there are not enough pairs
[M::mem_pestat] skip orientation RR as there are not enough pairs
[M::mem_process_seqs] Processed 2 reads in 0.000 CPU sec, 0.000 real sec
[M::process] read 2 sequences (414 bp)...
[M::mem_pestat] # candidate unique pairs for (FF, FR, RF, RR): (0, 1, 0, 0)
[M::mem_pestat] skip orientation FF as there are not enough pairs
[M::mem_pestat] skip orientation FR as there are not enough pairs
[M::mem_pestat] skip orientation RF as there are not enough pairs
[M::mem_pestat] skip orientation RR as there are not enough pairs
[M::mem_process_seqs] Processed 2 reads in 0.000 CPU sec, 0.000 real sec
[M::process] read 2 sequences (438 bp)...
[M::mem_pestat] # candidate unique pairs for (FF, FR, RF, RR): (0, 1, 0, 0)
[M::mem_pestat] skip orientation FF as there are not enough pairs
[M::mem_pestat] skip orientation FR as there are not enough pairs
[M::mem_pestat] skip orientation RF as there are not enough pairs
[M::mem_pestat] skip orientation RR as there are not enough pairs
[M::mem_process_seqs] Processed 2 reads in 0.000 CPU sec, 0.000 real sec
[M::process] read 2 sequences (501 bp)...
[M::mem_pestat] # candidate unique pairs for (FF, FR, RF, RR): (0, 1, 0, 0)
[M::mem_pestat] skip orientation FF as there are not enough pairs
[M::mem_pestat] skip orientation FR as there are not enough pairs
[M::mem_pestat] skip orientation RF as there are not enough pairs
[M::mem_pestat] skip orientation RR as there are not enough pairs
[M::mem_process_seqs] Processed 2 reads in 0.000 CPU sec, 0.000 real sec
[M::process] read 2 sequences (502 bp)...
[M::mem_pestat] # candidate unique pairs for (FF, FR, RF, RR): (0, 1, 0, 0)
[M::mem_pestat] skip orientation FF as there are not enough pairs
[M::mem_pestat] skip orientation FR as there are not enough pairs
[M::mem_pestat] skip orientation RF as there are not enough pairs
[M::mem_pestat] skip orientation RR as there are not enough pairs
[M::mem_process_seqs] Processed 2 reads in 0.000 CPU sec, 0.000 real sec
[M::process] read 2 sequences (502 bp)...
[M::mem_pestat] # candidate unique pairs for (FF, FR, RF, RR): (0, 1, 0, 0)
[M::mem_pestat] skip orientation FF as there are not enough pairs
[M::mem_pestat] skip orientation FR as there are not enough pairs
[M::mem_pestat] skip orientation RF as there are not enough pairs
[M::mem_pestat] skip orientation RR as there are not enough pairs
[M::mem_process_seqs] Processed 2 reads in 0.000 CPU sec, 0.000 real sec
[M::process] read 2 sequences (498 bp)...
[M::mem_pestat] # candidate unique pairs for (FF, FR, RF, RR): (0, 1, 0, 0)
[M::mem_pestat] skip orientation FF as there are not enough pairs
[M::mem_pestat] skip orientation FR as there are not enough pairs
[M::mem_pestat] skip orientation RF as there are not enough pairs
[M::mem_pestat] skip orientation RR as there are not enough pairs
[M::mem_process_seqs] Processed 2 reads in 0.000 CPU sec, 0.000 real sec
[M::process] read 2 sequences (502 bp)...
[M::mem_pestat] # candidate unique pairs for (FF, FR, RF, RR): (0, 1, 0, 0)
[M::mem_pestat] skip orientation FF as there are not enough pairs
[M::mem_pestat] skip orientation FR as there are not enough pairs
[M::mem_pestat] skip orientation RF as there are not enough pairs
[M::mem_pestat] skip orientation RR as there are not enough pairs
[M::mem_process_seqs] Processed 2 reads in 0.000 CPU sec, 0.000 real sec
[M::process] read 2 sequences (474 bp)...
[M::mem_pestat] # candidate unique pairs for (FF, FR, RF, RR): (0, 1, 0, 0)
[M::mem_pestat] skip orientation FF as there are not enough pairs
[M::mem_pestat] skip orientation FR as there are not enough pairs
[M::mem_pestat] skip orientation RF as there are not enough pairs
[M::mem_pestat] skip orientation RR as there are not enough pairs
[M::mem_process_seqs] Processed 2 reads in 0.000 CPU sec, 0.000 real sec
[M::process] read 2 sequences (487 bp)...
[M::mem_pestat] # candidate unique pairs for (FF, FR, RF, RR): (0, 1, 0, 0)
[M::mem_pestat] skip orientation FF as there are not enough pairs
[M::mem_pestat] skip orientation FR as there are not enough pairs
[M::mem_pestat] skip orientation RF as there are not enough pairs
[M::mem_pestat] skip orientation RR as there are not enough pairs
[M::mem_process_seqs] Processed 2 reads in 0.000 CPU sec, 0.000 real sec
[M::process] read 2 sequences (464 bp)...
[M::mem_pestat] # candidate unique pairs for (FF, FR, RF, RR): (0, 1, 0, 0)
[M::mem_pestat] skip orientation FF as there are not enough pairs
[M::mem_pestat] skip orientation FR as there are not enough pairs
[M::mem_pestat] skip orientation RF as there are not enough pairs
[M::mem_pestat] skip orientation RR as there are not enough pairs
[M::mem_process_seqs] Processed 2 reads in 0.000 CPU sec, 0.000 real sec
[M::process] read 2 sequences (490 bp)...
[M::mem_pestat] # candidate unique pairs for (FF, FR, RF, RR): (0, 1, 0, 0)
[M::mem_pestat] skip orientation FF as there are not enough pairs
[M::mem_pestat] skip orientation FR as there are not enough pairs
[M::mem_pestat] skip orientation RF as there are not enough pairs
[M::mem_pestat] skip orientation RR as there are not enough pairs
[M::mem_process_seqs] Processed 2 reads in 0.000 CPU sec, 0.000 real sec
[M::process] read 2 sequences (492 bp)...
[M::mem_pestat] # candidate unique pairs for (FF, FR, RF, RR): (0, 1, 0, 0)
[M::mem_pestat] skip orientation FF as there are not enough pairs
[M::mem_pestat] skip orientation FR as there are not enough pairs
[M::mem_pestat] skip orientation RF as there are not enough pairs
[M::mem_pestat] skip orientation RR as there are not enough pairs
[M::mem_process_seqs] Processed 2 reads in 0.000 CPU sec, 0.000 real sec
[M::process] read 2 sequences (502 bp)...
[M::mem_pestat] # candidate unique pairs for (FF, FR, RF, RR): (0, 1, 0, 0)
[M::mem_pestat] skip orientation FF as there are not enough pairs
[M::mem_pestat] skip orientation FR as there are not enough pairs
[M::mem_pestat] skip orientation RF as there are not enough pairs
[M::mem_pestat] skip orientation RR as there are not enough pairs
[M::mem_process_seqs] Processed 2 reads in 0.000 CPU sec, 0.000 real sec
[M::process] read 2 sequences (494 bp)...
[M::mem_pestat] # candidate unique pairs for (FF, FR, RF, RR): (0, 1, 0, 0)
[M::mem_pestat] skip orientation FF as there are not enough pairs
[M::mem_pestat] skip orientation FR as there are not enough pairs
[M::mem_pestat] skip orientation RF as there are not enough pairs
[M::mem_pestat] skip orientation RR as there are not enough pairs
[M::mem_process_seqs] Processed 2 reads in 0.000 CPU sec, 0.001 real sec
[M::process] read 2 sequences (458 bp)...
[M::mem_pestat] # candidate unique pairs for (FF, FR, RF, RR): (0, 1, 0, 0)
[M::mem_pestat] skip orientation FF as there are not enough pairs
[M::mem_pestat] skip orientation FR as there are not enough pairs
[M::mem_pestat] skip orientation RF as there are not enough pairs
[M::mem_pestat] skip orientation RR as there are not enough pairs
[M::mem_process_seqs] Processed 2 reads in 0.000 CPU sec, 0.001 real sec
[M::process] read 2 sequences (358 bp)...
[M::mem_pestat] # candidate unique pairs for (FF, FR, RF, RR): (0, 1, 0, 0)
[M::mem_pestat] skip orientation FF as there are not enough pairs
[M::mem_pestat] skip orientation FR as there are not enough pairs
[M::mem_pestat] skip orientation RF as there are not enough pairs
[M::mem_pestat] skip orientation RR as there are not enough pairs
[M::mem_process_seqs] Processed 2 reads in 0.000 CPU sec, 0.001 real sec
[M::process] read 2 sequences (502 bp)...
[M::mem_pestat] # candidate unique pairs for (FF, FR, RF, RR): (0, 1, 0, 0)
[M::mem_pestat] skip orientation FF as there are not enough pairs
[M::mem_pestat] skip orientation FR as there are not enough pairs
[M::mem_pestat] skip orientation RF as there are not enough pairs
[M::mem_pestat] skip orientation RR as there are not enough pairs
[M::mem_process_seqs] Processed 2 reads in 0.000 CPU sec, 0.000 real sec
[M::process] read 2 sequences (330 bp)...
[M::mem_pestat] # candidate unique pairs for (FF, FR, RF, RR): (0, 1, 0, 0)
[M::mem_pestat] skip orientation FF as there are not enough pairs
[M::mem_pestat] skip orientation FR as there are not enough pairs
[M::mem_pestat] skip orientation RF as there are not enough pairs
[M::mem_pestat] skip orientation RR as there are not enough pairs
[M::mem_process_seqs] Processed 2 reads in 0.000 CPU sec, 0.000 real sec
[M::process] read 2 sequences (222 bp)...
[M::mem_pestat] # candidate unique pairs for (FF, FR, RF, RR): (0, 1, 0, 0)
[M::mem_pestat] skip orientation FF as there are not enough pairs
[M::mem_pestat] skip orientation FR as there are not enough pairs
[M::mem_pestat] skip orientation RF as there are not enough pairs
[M::mem_pestat] skip orientation RR as there are not enough pairs
[M::mem_process_seqs] Processed 2 reads in 0.000 CPU sec, 0.000 real sec
[M::process] read 2 sequences (501 bp)...
[M::mem_pestat] # candidate unique pairs for (FF, FR, RF, RR): (0, 1, 0, 0)
[M::mem_pestat] skip orientation FF as there are not enough pairs
[M::mem_pestat] skip orientation FR as there are not enough pairs
[M::mem_pestat] skip orientation RF as there are not enough pairs
[M::mem_pestat] skip orientation RR as there are not enough pairs
[M::mem_process_seqs] Processed 2 reads in 0.000 CPU sec, 0.000 real sec
[M::process] read 2 sequences (356 bp)...
[M::mem_pestat] # candidate unique pairs for (FF, FR, RF, RR): (0, 1, 0, 0)
[M::mem_pestat] skip orientation FF as there are not enough pairs
[M::mem_pestat] skip orientation FR as there are not enough pairs
[M::mem_pestat] skip orientation RF as there are not enough pairs
[M::mem_pestat] skip orientation RR as there are not enough pairs
[M::mem_process_seqs] Processed 2 reads in 0.000 CPU sec, 0.000 real sec
[M::process] read 2 sequences (502 bp)...
[M::mem_pestat] # candidate unique pairs for (FF, FR, RF, RR): (0, 1, 0, 0)
[M::mem_pestat] skip orientation FF as there are not enough pairs
[M::mem_pestat] skip orientation FR as there are not enough pairs
[M::mem_pestat] skip orientation RF as there are not enough pairs
[M::mem_pestat] skip orientation RR as there are not enough pairs
[M::mem_process_seqs] Processed 2 reads in 0.000 CPU sec, 0.000 real sec
[M::process] read 2 sequences (370 bp)...
[M::mem_pestat] # candidate unique pairs for (FF, FR, RF, RR): (0, 1, 0, 0)
[M::mem_pestat] skip orientation FF as there are not enough pairs
[M::mem_pestat] skip orientation FR as there are not enough pairs
[M::mem_pestat] skip orientation RF as there are not enough pairs
[M::mem_pestat] skip orientation RR as there are not enough pairs
[M::mem_process_seqs] Processed 2 reads in 0.000 CPU sec, 0.000 real sec
[M::process] read 2 sequences (388 bp)...
[M::mem_pestat] # candidate unique pairs for (FF, FR, RF, RR): (0, 1, 0, 0)
[M::mem_pestat] skip orientation FF as there are not enough pairs
[M::mem_pestat] skip orientation FR as there are not enough pairs
[M::mem_pestat] skip orientation RF as there are not enough pairs
[M::mem_pestat] skip orientation RR as there are not enough pairs
[M::mem_process_seqs] Processed 2 reads in 0.000 CPU sec, 0.000 real sec
[M::process] read 2 sequences (304 bp)...
[M::mem_pestat] # candidate unique pairs for (FF, FR, RF, RR): (0, 1, 0, 0)
[M::mem_pestat] skip orientation FF as there are not enough pairs
[M::mem_pestat] skip orientation FR as there are not enough pairs
[M::mem_pestat] skip orientation RF as there are not enough pairs
[M::mem_pestat] skip orientation RR as there are not enough pairs
[M::mem_process_seqs] Processed 2 reads in 0.000 CPU sec, 0.000 real sec
[M::process] read 2 sequences (500 bp)...
[M::mem_pestat] # candidate unique pairs for (FF, FR, RF, RR): (0, 1, 0, 0)
[M::mem_pestat] skip orientation FF as there are not enough pairs
[M::mem_pestat] skip orientation FR as there are not enough pairs
[M::mem_pestat] skip orientation RF as there are not enough pairs
[M::mem_pestat] skip orientation RR as there are not enough pairs
[M::mem_process_seqs] Processed 2 reads in 0.000 CPU sec, 0.000 real sec
[M::process] read 2 sequences (406 bp)...
[M::mem_pestat] # candidate unique pairs for (FF, FR, RF, RR): (0, 1, 0, 0)
[M::mem_pestat] skip orientation FF as there are not enough pairs
[M::mem_pestat] skip orientation FR as there are not enough pairs
[M::mem_pestat] skip orientation RF as there are not enough pairs
[M::mem_pestat] skip orientation RR as there are not enough pairs
[M::mem_process_seqs] Processed 2 reads in 0.000 CPU sec, 0.000 real sec
[M::process] read 2 sequences (488 bp)...
[M::mem_pestat] # candidate unique pairs for (FF, FR, RF, RR): (0, 1, 0, 0)
[M::mem_pestat] skip orientation FF as there are not enough pairs
[M::mem_pestat] skip orientation FR as there are not enough pairs
[M::mem_pestat] skip orientation RF as there are not enough pairs
[M::mem_pestat] skip orientation RR as there are not enough pairs
[M::mem_process_seqs] Processed 2 reads in 0.000 CPU sec, 0.000 real sec
[M::process] read 2 sequences (498 bp)...
[M::mem_pestat] # candidate unique pairs for (FF, FR, RF, RR): (0, 1, 0, 0)
[M::mem_pestat] skip orientation FF as there are not enough pairs
[M::mem_pestat] skip orientation FR as there are not enough pairs
[M::mem_pestat] skip orientation RF as there are not enough pairs
[M::mem_pestat] skip orientation RR as there are not enough pairs
[M::mem_process_seqs] Processed 2 reads in 0.000 CPU sec, 0.000 real sec
[M::process] read 2 sequences (450 bp)...
[M::mem_pestat] # candidate unique pairs for (FF, FR, RF, RR): (0, 1, 0, 0)
[M::mem_pestat] skip orientation FF as there are not enough pairs
[M::mem_pestat] skip orientation FR as there are not enough pairs
[M::mem_pestat] skip orientation RF as there are not enough pairs
[M::mem_pestat] skip orientation RR as there are not enough pairs
[M::mem_process_seqs] Processed 2 reads in 0.000 CPU sec, 0.000 real sec
[M::process] read 2 sequences (458 bp)...
[M::mem_pestat] # candidate unique pairs for (FF, FR, RF, RR): (0, 1, 0, 0)
[M::mem_pestat] skip orientation FF as there are not enough pairs
[M::mem_pestat] skip orientation FR as there are not enough pairs
[M::mem_pestat] skip orientation RF as there are not enough pairs
[M::mem_pestat] skip orientation RR as there are not enough pairs
[M::mem_process_seqs] Processed 2 reads in 0.000 CPU sec, 0.000 real sec
[M::process] read 2 sequences (489 bp)...
[M::mem_pestat] # candidate unique pairs for (FF, FR, RF, RR): (0, 1, 0, 0)
[M::mem_pestat] skip orientation FF as there are not enough pairs
[M::mem_pestat] skip orientation FR as there are not enough pairs
[M::mem_pestat] skip orientation RF as there are not enough pairs
[M::mem_pestat] skip orientation RR as there are not enough pairs
[M::mem_process_seqs] Processed 2 reads in 0.000 CPU sec, 0.000 real sec
[M::process] read 2 sequences (428 bp)...
[M::mem_pestat] # candidate unique pairs for (FF, FR, RF, RR): (0, 1, 0, 0)
[M::mem_pestat] skip orientation FF as there are not enough pairs
[M::mem_pestat] skip orientation FR as there are not enough pairs
[M::mem_pestat] skip orientation RF as there are not enough pairs
[M::mem_pestat] skip orientation RR as there are not enough pairs
[M::mem_process_seqs] Processed 2 reads in 0.001 CPU sec, 0.001 real sec
[M::process] read 2 sequences (493 bp)...
[M::mem_pestat] # candidate unique pairs for (FF, FR, RF, RR): (0, 1, 0, 0)
[M::mem_pestat] skip orientation FF as there are not enough pairs
[M::mem_pestat] skip orientation FR as there are not enough pairs
[M::mem_pestat] skip orientation RF as there are not enough pairs
[M::mem_pestat] skip orientation RR as there are not enough pairs
[M::mem_process_seqs] Processed 2 reads in 0.000 CPU sec, 0.000 real sec
[M::process] read 2 sequences (497 bp)...
[M::mem_pestat] # candidate unique pairs for (FF, FR, RF, RR): (0, 1, 0, 0)
[M::mem_pestat] skip orientation FF as there are not enough pairs
[M::mem_pestat] skip orientation FR as there are not enough pairs
[M::mem_pestat] skip orientation RF as there are not enough pairs
[M::mem_pestat] skip orientation RR as there are not enough pairs
[M::mem_process_seqs] Processed 2 reads in 0.000 CPU sec, 0.000 real sec
[M::process] read 2 sequences (500 bp)...
[M::mem_pestat] # candidate unique pairs for (FF, FR, RF, RR): (0, 1, 0, 0)
[M::mem_pestat] skip orientation FF as there are not enough pairs
[M::mem_pestat] skip orientation FR as there are not enough pairs
[M::mem_pestat] skip orientation RF as there are not enough pairs
[M::mem_pestat] skip orientation RR as there are not enough pairs
[M::mem_process_seqs] Processed 2 reads in 0.000 CPU sec, 0.000 real sec
[M::process] read 2 sequences (424 bp)...
[M::mem_pestat] # candidate unique pairs for (FF, FR, RF, RR): (0, 1, 0, 0)
[M::mem_pestat] skip orientation FF as there are not enough pairs
[M::mem_pestat] skip orientation FR as there are not enough pairs
[M::mem_pestat] skip orientation RF as there are not enough pairs
[M::mem_pestat] skip orientation RR as there are not enough pairs
[M::mem_process_seqs] Processed 2 reads in 0.000 CPU sec, 0.000 real sec
[M::process] read 2 sequences (376 bp)...
[M::mem_pestat] # candidate unique pairs for (FF, FR, RF, RR): (0, 1, 0, 0)
[M::mem_pestat] skip orientation FF as there are not enough pairs
[M::mem_pestat] skip orientation FR as there are not enough pairs
[M::mem_pestat] skip orientation RF as there are not enough pairs
[M::mem_pestat] skip orientation RR as there are not enough pairs
[M::mem_process_seqs] Processed 2 reads in 0.000 CPU sec, 0.000 real sec
[M::process] read 2 sequences (436 bp)...
[M::mem_pestat] # candidate unique pairs for (FF, FR, RF, RR): (0, 1, 0, 0)
[M::mem_pestat] skip orientation FF as there are not enough pairs
[M::mem_pestat] skip orientation FR as there are not enough pairs
[M::mem_pestat] skip orientation RF as there are not enough pairs
[M::mem_pestat] skip orientation RR as there are not enough pairs
[M::mem_process_seqs] Processed 2 reads in 0.000 CPU sec, 0.000 real sec
[M::process] read 2 sequences (502 bp)...
[M::mem_pestat] # candidate unique pairs for (FF, FR, RF, RR): (0, 1, 0, 0)
[M::mem_pestat] skip orientation FF as there are not enough pairs
[M::mem_pestat] skip orientation FR as there are not enough pairs
[M::mem_pestat] skip orientation RF as there are not enough pairs
[M::mem_pestat] skip orientation RR as there are not enough pairs
[M::mem_process_seqs] Processed 2 reads in 0.000 CPU sec, 0.000 real sec
[M::process] read 2 sequences (408 bp)...
[M::mem_pestat] # candidate unique pairs for (FF, FR, RF, RR): (0, 1, 0, 0)
[M::mem_pestat] skip orientation FF as there are not enough pairs
[M::mem_pestat] skip orientation FR as there are not enough pairs
[M::mem_pestat] skip orientation RF as there are not enough pairs
[M::mem_pestat] skip orientation RR as there are not enough pairs
[M::mem_process_seqs] Processed 2 reads in 0.000 CPU sec, 0.000 real sec
[M::process] read 2 sequences (502 bp)...
[M::mem_pestat] # candidate unique pairs for (FF, FR, RF, RR): (0, 1, 0, 0)
[M::mem_pestat] skip orientation FF as there are not enough pairs
[M::mem_pestat] skip orientation FR as there are not enough pairs
[M::mem_pestat] skip orientation RF as there are not enough pairs
[M::mem_pestat] skip orientation RR as there are not enough pairs
[M::mem_process_seqs] Processed 2 reads in 0.000 CPU sec, 0.000 real sec
[M::process] read 2 sequences (496 bp)...
[M::mem_pestat] # candidate unique pairs for (FF, FR, RF, RR): (0, 1, 0, 0)
[M::mem_pestat] skip orientation FF as there are not enough pairs
[M::mem_pestat] skip orientation FR as there are not enough pairs
[M::mem_pestat] skip orientation RF as there are not enough pairs
[M::mem_pestat] skip orientation RR as there are not enough pairs
[M::mem_process_seqs] Processed 2 reads in 0.000 CPU sec, 0.000 real sec
[M::process] read 2 sequences (366 bp)...
[M::mem_pestat] # candidate unique pairs for (FF, FR, RF, RR): (0, 1, 0, 0)
[M::mem_pestat] skip orientation FF as there are not enough pairs
[M::mem_pestat] skip orientation FR as there are not enough pairs
[M::mem_pestat] skip orientation RF as there are not enough pairs
[M::mem_pestat] skip orientation RR as there are not enough pairs
[M::mem_process_seqs] Processed 2 reads in 0.000 CPU sec, 0.000 real sec
[M::process] read 2 sequences (498 bp)...
[M::mem_pestat] # candidate unique pairs for (FF, FR, RF, RR): (0, 1, 0, 0)
[M::mem_pestat] skip orientation FF as there are not enough pairs
[M::mem_pestat] skip orientation FR as there are not enough pairs
[M::mem_pestat] skip orientation RF as there are not enough pairs
[M::mem_pestat] skip orientation RR as there are not enough pairs
[M::mem_process_seqs] Processed 2 reads in 0.000 CPU sec, 0.000 real sec
[M::process] read 2 sequences (278 bp)...
[M::mem_pestat] # candidate unique pairs for (FF, FR, RF, RR): (0, 1, 0, 0)
[M::mem_pestat] skip orientation FF as there are not enough pairs
[M::mem_pestat] skip orientation FR as there are not enough pairs
[M::mem_pestat] skip orientation RF as there are not enough pairs
[M::mem_pestat] skip orientation RR as there are not enough pairs
[M::mem_process_seqs] Processed 2 reads in 0.000 CPU sec, 0.001 real sec
[M::process] read 2 sequences (502 bp)...
[M::mem_pestat] # candidate unique pairs for (FF, FR, RF, RR): (0, 1, 0, 0)
[M::mem_pestat] skip orientation FF as there are not enough pairs
[M::mem_pestat] skip orientation FR as there are not enough pairs
[M::mem_pestat] skip orientation RF as there are not enough pairs
[M::mem_pestat] skip orientation RR as there are not enough pairs
[M::mem_process_seqs] Processed 2 reads in 0.000 CPU sec, 0.000 real sec
[M::process] read 2 sequences (436 bp)...
[M::mem_pestat] # candidate unique pairs for (FF, FR, RF, RR): (0, 1, 0, 0)
[M::mem_pestat] skip orientation FF as there are not enough pairs
[M::mem_pestat] skip orientation FR as there are not enough pairs
[M::mem_pestat] skip orientation RF as there are not enough pairs
[M::mem_pestat] skip orientation RR as there are not enough pairs
[M::mem_process_seqs] Processed 2 reads in 0.000 CPU sec, 0.001 real sec
[M::process] read 2 sequences (502 bp)...
[M::mem_pestat] # candidate unique pairs for (FF, FR, RF, RR): (0, 1, 0, 0)
[M::mem_pestat] skip orientation FF as there are not enough pairs
[M::mem_pestat] skip orientation FR as there are not enough pairs
[M::mem_pestat] skip orientation RF as there are not enough pairs
[M::mem_pestat] skip orientation RR as there are not enough pairs
[M::mem_process_seqs] Processed 2 reads in 0.000 CPU sec, 0.001 real sec
[M::process] read 2 sequences (502 bp)...
[M::mem_pestat] # candidate unique pairs for (FF, FR, RF, RR): (0, 1, 0, 0)
[M::mem_pestat] skip orientation FF as there are not enough pairs
[M::mem_pestat] skip orientation FR as there are not enough pairs
[M::mem_pestat] skip orientation RF as there are not enough pairs
[M::mem_pestat] skip orientation RR as there are not enough pairs
[M::mem_process_seqs] Processed 2 reads in 0.000 CPU sec, 0.001 real sec
[M::process] read 2 sequences (402 bp)...
[M::mem_pestat] # candidate unique pairs for (FF, FR, RF, RR): (0, 1, 0, 0)
[M::mem_pestat] skip orientation FF as there are not enough pairs
[M::mem_pestat] skip orientation FR as there are not enough pairs
[M::mem_pestat] skip orientation RF as there are not enough pairs
[M::mem_pestat] skip orientation RR as there are not enough pairs
[M::mem_process_seqs] Processed 2 reads in 0.000 CPU sec, 0.000 real sec
[M::process] read 2 sequences (490 bp)...
[M::mem_pestat] # candidate unique pairs for (FF, FR, RF, RR): (0, 1, 0, 0)
[M::mem_pestat] skip orientation FF as there are not enough pairs
[M::mem_pestat] skip orientation FR as there are not enough pairs
[M::mem_pestat] skip orientation RF as there are not enough pairs
[M::mem_pestat] skip orientation RR as there are not enough pairs
[M::mem_process_seqs] Processed 2 reads in 0.000 CPU sec, 0.000 real sec
[M::process] read 2 sequences (502 bp)...
[M::mem_pestat] # candidate unique pairs for (FF, FR, RF, RR): (0, 1, 0, 0)
[M::mem_pestat] skip orientation FF as there are not enough pairs
[M::mem_pestat] skip orientation FR as there are not enough pairs
[M::mem_pestat] skip orientation RF as there are not enough pairs
[M::mem_pestat] skip orientation RR as there are not enough pairs
[M::mem_process_seqs] Processed 2 reads in 0.000 CPU sec, 0.000 real sec
[M::process] read 2 sequences (472 bp)...
[M::mem_pestat] # candidate unique pairs for (FF, FR, RF, RR): (0, 1, 0, 0)
[M::mem_pestat] skip orientation FF as there are not enough pairs
[M::mem_pestat] skip orientation FR as there are not enough pairs
[M::mem_pestat] skip orientation RF as there are not enough pairs
[M::mem_pestat] skip orientation RR as there are not enough pairs
[M::mem_process_seqs] Processed 2 reads in 0.000 CPU sec, 0.000 real sec
[M::process] read 2 sequences (392 bp)...
[M::mem_pestat] # candidate unique pairs for (FF, FR, RF, RR): (0, 1, 0, 0)
[M::mem_pestat] skip orientation FF as there are not enough pairs
[M::mem_pestat] skip orientation FR as there are not enough pairs
[M::mem_pestat] skip orientation RF as there are not enough pairs
[M::mem_pestat] skip orientation RR as there are not enough pairs
[M::mem_process_seqs] Processed 2 reads in 0.000 CPU sec, 0.000 real sec
[M::process] read 2 sequences (416 bp)...
[M::mem_pestat] # candidate unique pairs for (FF, FR, RF, RR): (0, 1, 0, 0)
[M::mem_pestat] skip orientation FF as there are not enough pairs
[M::mem_pestat] skip orientation FR as there are not enough pairs
[M::mem_pestat] skip orientation RF as there are not enough pairs
[M::mem_pestat] skip orientation RR as there are not enough pairs
[M::mem_process_seqs] Processed 2 reads in 0.000 CPU sec, 0.000 real sec
[M::process] read 2 sequences (496 bp)...
[M::mem_pestat] # candidate unique pairs for (FF, FR, RF, RR): (0, 1, 0, 0)
[M::mem_pestat] skip orientation FF as there are not enough pairs
[M::mem_pestat] skip orientation FR as there are not enough pairs
[M::mem_pestat] skip orientation RF as there are not enough pairs
[M::mem_pestat] skip orientation RR as there are not enough pairs
[M::mem_process_seqs] Processed 2 reads in 0.000 CPU sec, 0.000 real sec
[M::process] read 2 sequences (502 bp)...
[M::mem_pestat] # candidate unique pairs for (FF, FR, RF, RR): (0, 1, 0, 0)
[M::mem_pestat] skip orientation FF as there are not enough pairs
[M::mem_pestat] skip orientation FR as there are not enough pairs
[M::mem_pestat] skip orientation RF as there are not enough pairs
[M::mem_pestat] skip orientation RR as there are not enough pairs
[M::mem_process_seqs] Processed 2 reads in 0.000 CPU sec, 0.000 real sec
[M::process] read 2 sequences (336 bp)...
[M::mem_pestat] # candidate unique pairs for (FF, FR, RF, RR): (0, 1, 0, 0)
[M::mem_pestat] skip orientation FF as there are not enough pairs
[M::mem_pestat] skip orientation FR as there are not enough pairs
[M::mem_pestat] skip orientation RF as there are not enough pairs
[M::mem_pestat] skip orientation RR as there are not enough pairs
[M::mem_process_seqs] Processed 2 reads in 0.000 CPU sec, 0.000 real sec
[M::process] read 2 sequences (370 bp)...
[M::mem_pestat] # candidate unique pairs for (FF, FR, RF, RR): (0, 1, 0, 0)
[M::mem_pestat] skip orientation FF as there are not enough pairs
[M::mem_pestat] skip orientation FR as there are not enough pairs
[M::mem_pestat] skip orientation RF as there are not enough pairs
[M::mem_pestat] skip orientation RR as there are not enough pairs
[M::mem_process_seqs] Processed 2 reads in 0.000 CPU sec, 0.000 real sec
[M::process] read 2 sequences (496 bp)...
[M::mem_pestat] # candidate unique pairs for (FF, FR, RF, RR): (0, 1, 0, 0)
[M::mem_pestat] skip orientation FF as there are not enough pairs
[M::mem_pestat] skip orientation FR as there are not enough pairs
[M::mem_pestat] skip orientation RF as there are not enough pairs
[M::mem_pestat] skip orientation RR as there are not enough pairs
[M::mem_process_seqs] Processed 2 reads in 0.000 CPU sec, 0.000 real sec
[M::process] read 2 sequences (470 bp)...
[M::mem_pestat] # candidate unique pairs for (FF, FR, RF, RR): (0, 1, 0, 0)
[M::mem_pestat] skip orientation FF as there are not enough pairs
[M::mem_pestat] skip orientation FR as there are not enough pairs
[M::mem_pestat] skip orientation RF as there are not enough pairs
[M::mem_pestat] skip orientation RR as there are not enough pairs
[M::mem_process_seqs] Processed 2 reads in 0.000 CPU sec, 0.000 real sec
[M::process] read 2 sequences (500 bp)...
[M::mem_pestat] # candidate unique pairs for (FF, FR, RF, RR): (0, 1, 0, 0)
[M::mem_pestat] skip orientation FF as there are not enough pairs
[M::mem_pestat] skip orientation FR as there are not enough pairs
[M::mem_pestat] skip orientation RF as there are not enough pairs
[M::mem_pestat] skip orientation RR as there are not enough pairs
[M::mem_process_seqs] Processed 2 reads in 0.000 CPU sec, 0.000 real sec
[M::process] read 2 sequences (495 bp)...
[M::mem_pestat] # candidate unique pairs for (FF, FR, RF, RR): (0, 1, 0, 0)
[M::mem_pestat] skip orientation FF as there are not enough pairs
[M::mem_pestat] skip orientation FR as there are not enough pairs
[M::mem_pestat] skip orientation RF as there are not enough pairs
[M::mem_pestat] skip orientation RR as there are not enough pairs
[M::mem_process_seqs] Processed 2 reads in 0.000 CPU sec, 0.000 real sec
[M::process] read 2 sequences (502 bp)...
[M::mem_pestat] # candidate unique pairs for (FF, FR, RF, RR): (0, 1, 0, 0)
[M::mem_pestat] skip orientation FF as there are not enough pairs
[M::mem_pestat] skip orientation FR as there are not enough pairs
[M::mem_pestat] skip orientation RF as there are not enough pairs
[M::mem_pestat] skip orientation RR as there are not enough pairs
[M::mem_process_seqs] Processed 2 reads in 0.000 CPU sec, 0.000 real sec
[M::process] read 2 sequences (502 bp)...
[M::mem_pestat] # candidate unique pairs for (FF, FR, RF, RR): (0, 1, 0, 0)
[M::mem_pestat] skip orientation FF as there are not enough pairs
[M::mem_pestat] skip orientation FR as there are not enough pairs
[M::mem_pestat] skip orientation RF as there are not enough pairs
[M::mem_pestat] skip orientation RR as there are not enough pairs
[M::mem_process_seqs] Processed 2 reads in 0.000 CPU sec, 0.000 real sec
[M::process] read 2 sequences (400 bp)...
[M::mem_pestat] # candidate unique pairs for (FF, FR, RF, RR): (0, 1, 0, 0)
[M::mem_pestat] skip orientation FF as there are not enough pairs
[M::mem_pestat] skip orientation FR as there are not enough pairs
[M::mem_pestat] skip orientation RF as there are not enough pairs
[M::mem_pestat] skip orientation RR as there are not enough pairs
[M::mem_process_seqs] Processed 2 reads in 0.000 CPU sec, 0.000 real sec
[M::process] read 2 sequences (366 bp)...
[M::mem_pestat] # candidate unique pairs for (FF, FR, RF, RR): (0, 1, 0, 0)
[M::mem_pestat] skip orientation FF as there are not enough pairs
[M::mem_pestat] skip orientation FR as there are not enough pairs
[M::mem_pestat] skip orientation RF as there are not enough pairs
[M::mem_pestat] skip orientation RR as there are not enough pairs
[M::mem_process_seqs] Processed 2 reads in 0.000 CPU sec, 0.000 real sec
[M::process] read 2 sequences (402 bp)...
[M::mem_pestat] # candidate unique pairs for (FF, FR, RF, RR): (0, 1, 0, 0)
[M::mem_pestat] skip orientation FF as there are not enough pairs
[M::mem_pestat] skip orientation FR as there are not enough pairs
[M::mem_pestat] skip orientation RF as there are not enough pairs
[M::mem_pestat] skip orientation RR as there are not enough pairs
[M::mem_process_seqs] Processed 2 reads in 0.000 CPU sec, 0.000 real sec
[M::process] read 2 sequences (498 bp)...
[M::mem_pestat] # candidate unique pairs for (FF, FR, RF, RR): (0, 1, 0, 0)
[M::mem_pestat] skip orientation FF as there are not enough pairs
[M::mem_pestat] skip orientation FR as there are not enough pairs
[M::mem_pestat] skip orientation RF as there are not enough pairs
[M::mem_pestat] skip orientation RR as there are not enough pairs
[M::mem_process_seqs] Processed 2 reads in 0.000 CPU sec, 0.000 real sec
[M::process] read 2 sequences (328 bp)...
[M::mem_pestat] # candidate unique pairs for (FF, FR, RF, RR): (0, 1, 0, 0)
[M::mem_pestat] skip orientation FF as there are not enough pairs
[M::mem_pestat] skip orientation FR as there are not enough pairs
[M::mem_pestat] skip orientation RF as there are not enough pairs
[M::mem_pestat] skip orientation RR as there are not enough pairs
[M::mem_process_seqs] Processed 2 reads in 0.000 CPU sec, 0.000 real sec
[M::process] read 2 sequences (502 bp)...
[M::mem_pestat] # candidate unique pairs for (FF, FR, RF, RR): (0, 1, 0, 0)
[M::mem_pestat] skip orientation FF as there are not enough pairs
[M::mem_pestat] skip orientation FR as there are not enough pairs
[M::mem_pestat] skip orientation RF as there are not enough pairs
[M::mem_pestat] skip orientation RR as there are not enough pairs
[M::mem_process_seqs] Processed 2 reads in 0.000 CPU sec, 0.000 real sec
[M::process] read 2 sequences (362 bp)...
[M::mem_pestat] # candidate unique pairs for (FF, FR, RF, RR): (0, 1, 0, 0)
[M::mem_pestat] skip orientation FF as there are not enough pairs
[M::mem_pestat] skip orientation FR as there are not enough pairs
[M::mem_pestat] skip orientation RF as there are not enough pairs
[M::mem_pestat] skip orientation RR as there are not enough pairs
[M::mem_process_seqs] Processed 2 reads in 0.000 CPU sec, 0.000 real sec
[M::process] read 2 sequences (488 bp)...
[M::mem_pestat] # candidate unique pairs for (FF, FR, RF, RR): (0, 1, 0, 0)
[M::mem_pestat] skip orientation FF as there are not enough pairs
[M::mem_pestat] skip orientation FR as there are not enough pairs
[M::mem_pestat] skip orientation RF as there are not enough pairs
[M::mem_pestat] skip orientation RR as there are not enough pairs
[M::mem_process_seqs] Processed 2 reads in 0.000 CPU sec, 0.000 real sec
[M::process] read 2 sequences (494 bp)...
[M::mem_pestat] # candidate unique pairs for (FF, FR, RF, RR): (0, 1, 0, 0)
[M::mem_pestat] skip orientation FF as there are not enough pairs
[M::mem_pestat] skip orientation FR as there are not enough pairs
[M::mem_pestat] skip orientation RF as there are not enough pairs
[M::mem_pestat] skip orientation RR as there are not enough pairs
[M::mem_process_seqs] Processed 2 reads in 0.000 CPU sec, 0.001 real sec
[M::process] read 2 sequences (402 bp)...
[M::mem_pestat] # candidate unique pairs for (FF, FR, RF, RR): (0, 1, 0, 0)
[M::mem_pestat] skip orientation FF as there are not enough pairs
[M::mem_pestat] skip orientation FR as there are not enough pairs
[M::mem_pestat] skip orientation RF as there are not enough pairs
[M::mem_pestat] skip orientation RR as there are not enough pairs
[M::mem_process_seqs] Processed 2 reads in 0.000 CPU sec, 0.000 real sec
[M::process] read 2 sequences (501 bp)...
[M::mem_pestat] # candidate unique pairs for (FF, FR, RF, RR): (0, 1, 0, 0)
[M::mem_pestat] skip orientation FF as there are not enough pairs
[M::mem_pestat] skip orientation FR as there are not enough pairs
[M::mem_pestat] skip orientation RF as there are not enough pairs
[M::mem_pestat] skip orientation RR as there are not enough pairs
[M::mem_process_seqs] Processed 2 reads in 0.000 CPU sec, 0.000 real sec
[M::process] read 2 sequences (494 bp)...
[M::mem_pestat] # candidate unique pairs for (FF, FR, RF, RR): (0, 1, 0, 0)
[M::mem_pestat] skip orientation FF as there are not enough pairs
[M::mem_pestat] skip orientation FR as there are not enough pairs
[M::mem_pestat] skip orientation RF as there are not enough pairs
[M::mem_pestat] skip orientation RR as there are not enough pairs
[M::mem_process_seqs] Processed 2 reads in 0.000 CPU sec, 0.000 real sec
[M::process] read 2 sequences (502 bp)...
[M::mem_pestat] # candidate unique pairs for (FF, FR, RF, RR): (0, 1, 0, 0)
[M::mem_pestat] skip orientation FF as there are not enough pairs
[M::mem_pestat] skip orientation FR as there are not enough pairs
[M::mem_pestat] skip orientation RF as there are not enough pairs
[M::mem_pestat] skip orientation RR as there are not enough pairs
[M::mem_process_seqs] Processed 2 reads in 0.000 CPU sec, 0.000 real sec
[M::process] read 2 sequences (264 bp)...
[M::mem_pestat] # candidate unique pairs for (FF, FR, RF, RR): (0, 1, 0, 0)
[M::mem_pestat] skip orientation FF as there are not enough pairs
[M::mem_pestat] skip orientation FR as there are not enough pairs
[M::mem_pestat] skip orientation RF as there are not enough pairs
[M::mem_pestat] skip orientation RR as there are not enough pairs
[M::mem_process_seqs] Processed 2 reads in 0.000 CPU sec, 0.000 real sec
[M::process] read 2 sequences (499 bp)...
[M::mem_pestat] # candidate unique pairs for (FF, FR, RF, RR): (0, 1, 0, 0)
[M::mem_pestat] skip orientation FF as there are not enough pairs
[M::mem_pestat] skip orientation FR as there are not enough pairs
[M::mem_pestat] skip orientation RF as there are not enough pairs
[M::mem_pestat] skip orientation RR as there are not enough pairs
[M::mem_process_seqs] Processed 2 reads in 0.000 CPU sec, 0.000 real sec
[M::process] read 2 sequences (406 bp)...
[M::mem_pestat] # candidate unique pairs for (FF, FR, RF, RR): (0, 1, 0, 0)
[M::mem_pestat] skip orientation FF as there are not enough pairs
[M::mem_pestat] skip orientation FR as there are not enough pairs
[M::mem_pestat] skip orientation RF as there are not enough pairs
[M::mem_pestat] skip orientation RR as there are not enough pairs
[M::mem_process_seqs] Processed 2 reads in 0.000 CPU sec, 0.000 real sec
[M::process] read 2 sequences (502 bp)...
[M::mem_pestat] # candidate unique pairs for (FF, FR, RF, RR): (0, 1, 0, 0)
[M::mem_pestat] skip orientation FF as there are not enough pairs
[M::mem_pestat] skip orientation FR as there are not enough pairs
[M::mem_pestat] skip orientation RF as there are not enough pairs
[M::mem_pestat] skip orientation RR as there are not enough pairs
[M::mem_process_seqs] Processed 2 reads in 0.000 CPU sec, 0.000 real sec
[M::process] read 2 sequences (400 bp)...
[M::mem_pestat] # candidate unique pairs for (FF, FR, RF, RR): (0, 1, 0, 0)
[M::mem_pestat] skip orientation FF as there are not enough pairs
[M::mem_pestat] skip orientation FR as there are not enough pairs
[M::mem_pestat] skip orientation RF as there are not enough pairs
[M::mem_pestat] skip orientation RR as there are not enough pairs
[M::mem_process_seqs] Processed 2 reads in 0.000 CPU sec, 0.000 real sec
[M::process] read 2 sequences (484 bp)...
[M::mem_pestat] # candidate unique pairs for (FF, FR, RF, RR): (0, 1, 0, 0)
[M::mem_pestat] skip orientation FF as there are not enough pairs
[M::mem_pestat] skip orientation FR as there are not enough pairs
[M::mem_pestat] skip orientation RF as there are not enough pairs
[M::mem_pestat] skip orientation RR as there are not enough pairs
[M::mem_process_seqs] Processed 2 reads in 0.000 CPU sec, 0.000 real sec
[M::process] read 2 sequences (406 bp)...
[M::mem_pestat] # candidate unique pairs for (FF, FR, RF, RR): (0, 1, 0, 0)
[M::mem_pestat] skip orientation FF as there are not enough pairs
[M::mem_pestat] skip orientation FR as there are not enough pairs
[M::mem_pestat] skip orientation RF as there are not enough pairs
[M::mem_pestat] skip orientation RR as there are not enough pairs
[M::mem_process_seqs] Processed 2 reads in 0.000 CPU sec, 0.000 real sec
[M::process] read 2 sequences (296 bp)...
[M::mem_pestat] # candidate unique pairs for (FF, FR, RF, RR): (0, 1, 0, 0)
[M::mem_pestat] skip orientation FF as there are not enough pairs
[M::mem_pestat] skip orientation FR as there are not enough pairs
[M::mem_pestat] skip orientation RF as there are not enough pairs
[M::mem_pestat] skip orientation RR as there are not enough pairs
[M::mem_process_seqs] Processed 2 reads in 0.000 CPU sec, 0.000 real sec
[M::process] read 2 sequences (489 bp)...
[M::mem_pestat] # candidate unique pairs for (FF, FR, RF, RR): (0, 1, 0, 0)
[M::mem_pestat] skip orientation FF as there are not enough pairs
[M::mem_pestat] skip orientation FR as there are not enough pairs
[M::mem_pestat] skip orientation RF as there are not enough pairs
[M::mem_pestat] skip orientation RR as there are not enough pairs
[M::mem_process_seqs] Processed 2 reads in 0.000 CPU sec, 0.000 real sec
[M::process] read 2 sequences (318 bp)...
[M::mem_pestat] # candidate unique pairs for (FF, FR, RF, RR): (0, 1, 0, 0)
[M::mem_pestat] skip orientation FF as there are not enough pairs
[M::mem_pestat] skip orientation FR as there are not enough pairs
[M::mem_pestat] skip orientation RF as there are not enough pairs
[M::mem_pestat] skip orientation RR as there are not enough pairs
[M::mem_process_seqs] Processed 2 reads in 0.000 CPU sec, 0.000 real sec
[M::process] read 2 sequences (498 bp)...
[M::mem_pestat] # candidate unique pairs for (FF, FR, RF, RR): (0, 1, 0, 0)
[M::mem_pestat] skip orientation FF as there are not enough pairs
[M::mem_pestat] skip orientation FR as there are not enough pairs
[M::mem_pestat] skip orientation RF as there are not enough pairs
[M::mem_pestat] skip orientation RR as there are not enough pairs
[M::mem_process_seqs] Processed 2 reads in 0.000 CPU sec, 0.000 real sec
[M::process] read 2 sequences (274 bp)...
[M::mem_pestat] # candidate unique pairs for (FF, FR, RF, RR): (0, 1, 0, 0)
[M::mem_pestat] skip orientation FF as there are not enough pairs
[M::mem_pestat] skip orientation FR as there are not enough pairs
[M::mem_pestat] skip orientation RF as there are not enough pairs
[M::mem_pestat] skip orientation RR as there are not enough pairs
[M::mem_process_seqs] Processed 2 reads in 0.000 CPU sec, 0.000 real sec
[M::process] read 2 sequences (430 bp)...
[M::mem_pestat] # candidate unique pairs for (FF, FR, RF, RR): (0, 1, 0, 0)
[M::mem_pestat] skip orientation FF as there are not enough pairs
[M::mem_pestat] skip orientation FR as there are not enough pairs
[M::mem_pestat] skip orientation RF as there are not enough pairs
[M::mem_pestat] skip orientation RR as there are not enough pairs
[M::mem_process_seqs] Processed 2 reads in 0.000 CPU sec, 0.000 real sec
[M::process] read 2 sequences (310 bp)...
[M::mem_pestat] # candidate unique pairs for (FF, FR, RF, RR): (0, 1, 0, 0)
[M::mem_pestat] skip orientation FF as there are not enough pairs
[M::mem_pestat] skip orientation FR as there are not enough pairs
[M::mem_pestat] skip orientation RF as there are not enough pairs
[M::mem_pestat] skip orientation RR as there are not enough pairs
[M::mem_process_seqs] Processed 2 reads in 0.000 CPU sec, 0.000 real sec
[M::process] read 2 sequences (502 bp)...
[M::mem_pestat] # candidate unique pairs for (FF, FR, RF, RR): (0, 1, 0, 0)
[M::mem_pestat] skip orientation FF as there are not enough pairs
[M::mem_pestat] skip orientation FR as there are not enough pairs
[M::mem_pestat] skip orientation RF as there are not enough pairs
[M::mem_pestat] skip orientation RR as there are not enough pairs
[M::mem_process_seqs] Processed 2 reads in 0.000 CPU sec, 0.000 real sec
[M::process] read 2 sequences (460 bp)...
[M::mem_pestat] # candidate unique pairs for (FF, FR, RF, RR): (0, 1, 0, 0)
[M::mem_pestat] skip orientation FF as there are not enough pairs
[M::mem_pestat] skip orientation FR as there are not enough pairs
[M::mem_pestat] skip orientation RF as there are not enough pairs
[M::mem_pestat] skip orientation RR as there are not enough pairs
[M::mem_process_seqs] Processed 2 reads in 0.000 CPU sec, 0.000 real sec
[M::process] read 2 sequences (502 bp)...
[M::mem_pestat] # candidate unique pairs for (FF, FR, RF, RR): (0, 1, 0, 0)
[M::mem_pestat] skip orientation FF as there are not enough pairs
[M::mem_pestat] skip orientation FR as there are not enough pairs
[M::mem_pestat] skip orientation RF as there are not enough pairs
[M::mem_pestat] skip orientation RR as there are not enough pairs
[M::mem_process_seqs] Processed 2 reads in 0.000 CPU sec, 0.001 real sec
[M::process] read 2 sequences (380 bp)...
[M::mem_pestat] # candidate unique pairs for (FF, FR, RF, RR): (0, 1, 0, 0)
[M::mem_pestat] skip orientation FF as there are not enough pairs
[M::mem_pestat] skip orientation FR as there are not enough pairs
[M::mem_pestat] skip orientation RF as there are not enough pairs
[M::mem_pestat] skip orientation RR as there are not enough pairs
[M::mem_process_seqs] Processed 2 reads in 0.000 CPU sec, 0.000 real sec
[M::process] read 2 sequences (462 bp)...
[M::mem_pestat] # candidate unique pairs for (FF, FR, RF, RR): (0, 1, 0, 0)
[M::mem_pestat] skip orientation FF as there are not enough pairs
[M::mem_pestat] skip orientation FR as there are not enough pairs
[M::mem_pestat] skip orientation RF as there are not enough pairs
[M::mem_pestat] skip orientation RR as there are not enough pairs
[M::mem_process_seqs] Processed 2 reads in 0.000 CPU sec, 0.000 real sec
[M::process] read 2 sequences (502 bp)...
[M::mem_pestat] # candidate unique pairs for (FF, FR, RF, RR): (0, 1, 0, 0)
[M::mem_pestat] skip orientation FF as there are not enough pairs
[M::mem_pestat] skip orientation FR as there are not enough pairs
[M::mem_pestat] skip orientation RF as there are not enough pairs
[M::mem_pestat] skip orientation RR as there are not enough pairs
[M::mem_process_seqs] Processed 2 reads in 0.000 CPU sec, 0.000 real sec
[M::process] read 2 sequences (502 bp)...
[M::mem_pestat] # candidate unique pairs for (FF, FR, RF, RR): (0, 1, 0, 0)
[M::mem_pestat] skip orientation FF as there are not enough pairs
[M::mem_pestat] skip orientation FR as there are not enough pairs
[M::mem_pestat] skip orientation RF as there are not enough pairs
[M::mem_pestat] skip orientation RR as there are not enough pairs
[M::mem_process_seqs] Processed 2 reads in 0.000 CPU sec, 0.000 real sec
[M::process] read 2 sequences (502 bp)...
[M::mem_pestat] # candidate unique pairs for (FF, FR, RF, RR): (0, 1, 0, 0)
[M::mem_pestat] skip orientation FF as there are not enough pairs
[M::mem_pestat] skip orientation FR as there are not enough pairs
[M::mem_pestat] skip orientation RF as there are not enough pairs
[M::mem_pestat] skip orientation RR as there are not enough pairs
[M::mem_process_seqs] Processed 2 reads in 0.000 CPU sec, 0.000 real sec
[M::process] read 2 sequences (472 bp)...
[M::mem_pestat] # candidate unique pairs for (FF, FR, RF, RR): (0, 1, 0, 0)
[M::mem_pestat] skip orientation FF as there are not enough pairs
[M::mem_pestat] skip orientation FR as there are not enough pairs
[M::mem_pestat] skip orientation RF as there are not enough pairs
[M::mem_pestat] skip orientation RR as there are not enough pairs
[M::mem_process_seqs] Processed 2 reads in 0.000 CPU sec, 0.000 real sec
[M::process] read 2 sequences (488 bp)...
[M::mem_pestat] # candidate unique pairs for (FF, FR, RF, RR): (0, 1, 0, 0)
[M::mem_pestat] skip orientation FF as there are not enough pairs
[M::mem_pestat] skip orientation FR as there are not enough pairs
[M::mem_pestat] skip orientation RF as there are not enough pairs
[M::mem_pestat] skip orientation RR as there are not enough pairs
[M::mem_process_seqs] Processed 2 reads in 0.000 CPU sec, 0.000 real sec
[M::process] read 2 sequences (494 bp)...
[M::mem_pestat] # candidate unique pairs for (FF, FR, RF, RR): (0, 1, 0, 0)
[M::mem_pestat] skip orientation FF as there are not enough pairs
[M::mem_pestat] skip orientation FR as there are not enough pairs
[M::mem_pestat] skip orientation RF as there are not enough pairs
[M::mem_pestat] skip orientation RR as there are not enough pairs
[M::mem_process_seqs] Processed 2 reads in 0.000 CPU sec, 0.000 real sec
[M::process] read 2 sequences (487 bp)...
[M::mem_pestat] # candidate unique pairs for (FF, FR, RF, RR): (0, 1, 0, 0)
[M::mem_pestat] skip orientation FF as there are not enough pairs
[M::mem_pestat] skip orientation FR as there are not enough pairs
[M::mem_pestat] skip orientation RF as there are not enough pairs
[M::mem_pestat] skip orientation RR as there are not enough pairs
[M::mem_process_seqs] Processed 2 reads in 0.000 CPU sec, 0.000 real sec
[M::process] read 2 sequences (478 bp)...
[M::mem_pestat] # candidate unique pairs for (FF, FR, RF, RR): (0, 1, 0, 0)
[M::mem_pestat] skip orientation FF as there are not enough pairs
[M::mem_pestat] skip orientation FR as there are not enough pairs
[M::mem_pestat] skip orientation RF as there are not enough pairs
[M::mem_pestat] skip orientation RR as there are not enough pairs
[M::mem_process_seqs] Processed 2 reads in 0.000 CPU sec, 0.000 real sec
[M::process] read 2 sequences (502 bp)...
[M::mem_pestat] # candidate unique pairs for (FF, FR, RF, RR): (0, 1, 0, 0)
[M::mem_pestat] skip orientation FF as there are not enough pairs
[M::mem_pestat] skip orientation FR as there are not enough pairs
[M::mem_pestat] skip orientation RF as there are not enough pairs
[M::mem_pestat] skip orientation RR as there are not enough pairs
[M::mem_process_seqs] Processed 2 reads in 0.000 CPU sec, 0.000 real sec
[M::process] read 2 sequences (416 bp)...
[M::mem_pestat] # candidate unique pairs for (FF, FR, RF, RR): (0, 1, 0, 0)
[M::mem_pestat] skip orientation FF as there are not enough pairs
[M::mem_pestat] skip orientation FR as there are not enough pairs
[M::mem_pestat] skip orientation RF as there are not enough pairs
[M::mem_pestat] skip orientation RR as there are not enough pairs
[M::mem_process_seqs] Processed 2 reads in 0.000 CPU sec, 0.000 real sec
[M::process] read 2 sequences (452 bp)...
[M::mem_pestat] # candidate unique pairs for (FF, FR, RF, RR): (0, 1, 0, 0)
[M::mem_pestat] skip orientation FF as there are not enough pairs
[M::mem_pestat] skip orientation FR as there are not enough pairs
[M::mem_pestat] skip orientation RF as there are not enough pairs
[M::mem_pestat] skip orientation RR as there are not enough pairs
[M::mem_process_seqs] Processed 2 reads in 0.000 CPU sec, 0.001 real sec
[M::process] read 2 sequences (489 bp)...
[M::mem_pestat] # candidate unique pairs for (FF, FR, RF, RR): (0, 1, 0, 0)
[M::mem_pestat] skip orientation FF as there are not enough pairs
[M::mem_pestat] skip orientation FR as there are not enough pairs
[M::mem_pestat] skip orientation RF as there are not enough pairs
[M::mem_pestat] skip orientation RR as there are not enough pairs
[M::mem_process_seqs] Processed 2 reads in 0.000 CPU sec, 0.000 real sec
[M::process] read 2 sequences (502 bp)...
[M::mem_pestat] # candidate unique pairs for (FF, FR, RF, RR): (0, 1, 0, 0)
[M::mem_pestat] skip orientation FF as there are not enough pairs
[M::mem_pestat] skip orientation FR as there are not enough pairs
[M::mem_pestat] skip orientation RF as there are not enough pairs
[M::mem_pestat] skip orientation RR as there are not enough pairs
[M::mem_process_seqs] Processed 2 reads in 0.000 CPU sec, 0.000 real sec
[M::process] read 2 sequences (412 bp)...
[M::mem_pestat] # candidate unique pairs for (FF, FR, RF, RR): (0, 1, 0, 0)
[M::mem_pestat] skip orientation FF as there are not enough pairs
[M::mem_pestat] skip orientation FR as there are not enough pairs
[M::mem_pestat] skip orientation RF as there are not enough pairs
[M::mem_pestat] skip orientation RR as there are not enough pairs
[M::mem_process_seqs] Processed 2 reads in 0.000 CPU sec, 0.000 real sec
[M::process] read 2 sequences (501 bp)...
[M::mem_pestat] # candidate unique pairs for (FF, FR, RF, RR): (0, 1, 0, 0)
[M::mem_pestat] skip orientation FF as there are not enough pairs
[M::mem_pestat] skip orientation FR as there are not enough pairs
[M::mem_pestat] skip orientation RF as there are not enough pairs
[M::mem_pestat] skip orientation RR as there are not enough pairs
[M::mem_process_seqs] Processed 2 reads in 0.000 CPU sec, 0.000 real sec
[M::process] read 2 sequences (487 bp)...
[M::mem_pestat] # candidate unique pairs for (FF, FR, RF, RR): (0, 1, 0, 0)
[M::mem_pestat] skip orientation FF as there are not enough pairs
[M::mem_pestat] skip orientation FR as there are not enough pairs
[M::mem_pestat] skip orientation RF as there are not enough pairs
[M::mem_pestat] skip orientation RR as there are not enough pairs
[M::mem_process_seqs] Processed 2 reads in 0.000 CPU sec, 0.000 real sec
[M::process] read 2 sequences (456 bp)...
[M::mem_pestat] # candidate unique pairs for (FF, FR, RF, RR): (0, 1, 0, 0)
[M::mem_pestat] skip orientation FF as there are not enough pairs
[M::mem_pestat] skip orientation FR as there are not enough pairs
[M::mem_pestat] skip orientation RF as there are not enough pairs
[M::mem_pestat] skip orientation RR as there are not enough pairs
[M::mem_process_seqs] Processed 2 reads in 0.000 CPU sec, 0.000 real sec
[M::process] read 2 sequences (501 bp)...
[M::mem_pestat] # candidate unique pairs for (FF, FR, RF, RR): (0, 1, 0, 0)
[M::mem_pestat] skip orientation FF as there are not enough pairs
[M::mem_pestat] skip orientation FR as there are not enough pairs
[M::mem_pestat] skip orientation RF as there are not enough pairs
[M::mem_pestat] skip orientation RR as there are not enough pairs
[M::mem_process_seqs] Processed 2 reads in 0.000 CPU sec, 0.000 real sec
[M::process] read 2 sequences (362 bp)...
[M::mem_pestat] # candidate unique pairs for (FF, FR, RF, RR): (0, 1, 0, 0)
[M::mem_pestat] skip orientation FF as there are not enough pairs
[M::mem_pestat] skip orientation FR as there are not enough pairs
[M::mem_pestat] skip orientation RF as there are not enough pairs
[M::mem_pestat] skip orientation RR as there are not enough pairs
[M::mem_process_seqs] Processed 2 reads in 0.000 CPU sec, 0.001 real sec
[M::process] read 2 sequences (408 bp)...
[M::mem_pestat] # candidate unique pairs for (FF, FR, RF, RR): (0, 1, 0, 0)
[M::mem_pestat] skip orientation FF as there are not enough pairs
[M::mem_pestat] skip orientation FR as there are not enough pairs
[M::mem_pestat] skip orientation RF as there are not enough pairs
[M::mem_pestat] skip orientation RR as there are not enough pairs
[M::mem_process_seqs] Processed 2 reads in 0.000 CPU sec, 0.000 real sec
[M::process] read 2 sequences (500 bp)...
[M::mem_pestat] # candidate unique pairs for (FF, FR, RF, RR): (0, 1, 0, 0)
[M::mem_pestat] skip orientation FF as there are not enough pairs
[M::mem_pestat] skip orientation FR as there are not enough pairs
[M::mem_pestat] skip orientation RF as there are not enough pairs
[M::mem_pestat] skip orientation RR as there are not enough pairs
[M::mem_process_seqs] Processed 2 reads in 0.000 CPU sec, 0.000 real sec
[M::process] read 2 sequences (420 bp)...
[M::mem_pestat] # candidate unique pairs for (FF, FR, RF, RR): (0, 1, 0, 0)
[M::mem_pestat] skip orientation FF as there are not enough pairs
[M::mem_pestat] skip orientation FR as there are not enough pairs
[M::mem_pestat] skip orientation RF as there are not enough pairs
[M::mem_pestat] skip orientation RR as there are not enough pairs
[M::mem_process_seqs] Processed 2 reads in 0.000 CPU sec, 0.000 real sec
[M::process] read 2 sequences (310 bp)...
[M::mem_pestat] # candidate unique pairs for (FF, FR, RF, RR): (0, 1, 0, 0)
[M::mem_pestat] skip orientation FF as there are not enough pairs
[M::mem_pestat] skip orientation FR as there are not enough pairs
[M::mem_pestat] skip orientation RF as there are not enough pairs
[M::mem_pestat] skip orientation RR as there are not enough pairs
[M::mem_process_seqs] Processed 2 reads in 0.000 CPU sec, 0.000 real sec
[M::process] read 2 sequences (290 bp)...
[M::mem_pestat] # candidate unique pairs for (FF, FR, RF, RR): (0, 1, 0, 0)
[M::mem_pestat] skip orientation FF as there are not enough pairs
[M::mem_pestat] skip orientation FR as there are not enough pairs
[M::mem_pestat] skip orientation RF as there are not enough pairs
[M::mem_pestat] skip orientation RR as there are not enough pairs
[M::mem_process_seqs] Processed 2 reads in 0.000 CPU sec, 0.000 real sec
[M::process] read 2 sequences (493 bp)...
[M::mem_pestat] # candidate unique pairs for (FF, FR, RF, RR): (0, 1, 0, 0)
[M::mem_pestat] skip orientation FF as there are not enough pairs
[M::mem_pestat] skip orientation FR as there are not enough pairs
[M::mem_pestat] skip orientation RF as there are not enough pairs
[M::mem_pestat] skip orientation RR as there are not enough pairs
[M::mem_process_seqs] Processed 2 reads in 0.000 CPU sec, 0.000 real sec
[M::process] read 2 sequences (374 bp)...
[M::mem_pestat] # candidate unique pairs for (FF, FR, RF, RR): (0, 1, 0, 0)
[M::mem_pestat] skip orientation FF as there are not enough pairs
[M::mem_pestat] skip orientation FR as there are not enough pairs
[M::mem_pestat] skip orientation RF as there are not enough pairs
[M::mem_pestat] skip orientation RR as there are not enough pairs
[M::mem_process_seqs] Processed 2 reads in 0.000 CPU sec, 0.000 real sec
[M::process] read 2 sequences (488 bp)...
[M::mem_pestat] # candidate unique pairs for (FF, FR, RF, RR): (0, 1, 0, 0)
[M::mem_pestat] skip orientation FF as there are not enough pairs
[M::mem_pestat] skip orientation FR as there are not enough pairs
[M::mem_pestat] skip orientation RF as there are not enough pairs
[M::mem_pestat] skip orientation RR as there are not enough pairs
[M::mem_process_seqs] Processed 2 reads in 0.000 CPU sec, 0.000 real sec
[M::process] read 2 sequences (502 bp)...
[M::mem_pestat] # candidate unique pairs for (FF, FR, RF, RR): (0, 1, 0, 0)
[M::mem_pestat] skip orientation FF as there are not enough pairs
[M::mem_pestat] skip orientation FR as there are not enough pairs
[M::mem_pestat] skip orientation RF as there are not enough pairs
[M::mem_pestat] skip orientation RR as there are not enough pairs
[M::mem_process_seqs] Processed 2 reads in 0.000 CPU sec, 0.000 real sec
[M::process] read 2 sequences (498 bp)...
[M::mem_pestat] # candidate unique pairs for (FF, FR, RF, RR): (0, 1, 0, 0)
[M::mem_pestat] skip orientation FF as there are not enough pairs
[M::mem_pestat] skip orientation FR as there are not enough pairs
[M::mem_pestat] skip orientation RF as there are not enough pairs
[M::mem_pestat] skip orientation RR as there are not enough pairs
[M::mem_process_seqs] Processed 2 reads in 0.000 CPU sec, 0.000 real sec
[M::process] read 2 sequences (497 bp)...
[M::mem_pestat] # candidate unique pairs for (FF, FR, RF, RR): (0, 1, 0, 0)
[M::mem_pestat] skip orientation FF as there are not enough pairs
[M::mem_pestat] skip orientation FR as there are not enough pairs
[M::mem_pestat] skip orientation RF as there are not enough pairs
[M::mem_pestat] skip orientation RR as there are not enough pairs
[M::mem_process_seqs] Processed 2 reads in 0.000 CPU sec, 0.000 real sec
[M::process] read 2 sequences (338 bp)...
[M::mem_pestat] # candidate unique pairs for (FF, FR, RF, RR): (0, 1, 0, 0)
[M::mem_pestat] skip orientation FF as there are not enough pairs
[M::mem_pestat] skip orientation FR as there are not enough pairs
[M::mem_pestat] skip orientation RF as there are not enough pairs
[M::mem_pestat] skip orientation RR as there are not enough pairs
[M::mem_process_seqs] Processed 2 reads in 0.000 CPU sec, 0.000 real sec
[M::process] read 2 sequences (500 bp)...
[M::mem_pestat] # candidate unique pairs for (FF, FR, RF, RR): (0, 1, 0, 0)
[M::mem_pestat] skip orientation FF as there are not enough pairs
[M::mem_pestat] skip orientation FR as there are not enough pairs
[M::mem_pestat] skip orientation RF as there are not enough pairs
[M::mem_pestat] skip orientation RR as there are not enough pairs
[M::mem_process_seqs] Processed 2 reads in 0.000 CPU sec, 0.000 real sec
[M::process] read 2 sequences (488 bp)...
[M::mem_pestat] # candidate unique pairs for (FF, FR, RF, RR): (0, 1, 0, 0)
[M::mem_pestat] skip orientation FF as there are not enough pairs
[M::mem_pestat] skip orientation FR as there are not enough pairs
[M::mem_pestat] skip orientation RF as there are not enough pairs
[M::mem_pestat] skip orientation RR as there are not enough pairs
[M::mem_process_seqs] Processed 2 reads in 0.000 CPU sec, 0.000 real sec
[M::process] read 2 sequences (500 bp)...
[M::mem_pestat] # candidate unique pairs for (FF, FR, RF, RR): (0, 1, 0, 0)
[M::mem_pestat] skip orientation FF as there are not enough pairs
[M::mem_pestat] skip orientation FR as there are not enough pairs
[M::mem_pestat] skip orientation RF as there are not enough pairs
[M::mem_pestat] skip orientation RR as there are not enough pairs
[M::mem_process_seqs] Processed 2 reads in 0.000 CPU sec, 0.001 real sec
[M::process] read 2 sequences (502 bp)...
[M::mem_pestat] # candidate unique pairs for (FF, FR, RF, RR): (0, 1, 0, 0)
[M::mem_pestat] skip orientation FF as there are not enough pairs
[M::mem_pestat] skip orientation FR as there are not enough pairs
[M::mem_pestat] skip orientation RF as there are not enough pairs
[M::mem_pestat] skip orientation RR as there are not enough pairs
[M::mem_process_seqs] Processed 2 reads in 0.000 CPU sec, 0.000 real sec
[M::process] read 2 sequences (404 bp)...
[M::mem_pestat] # candidate unique pairs for (FF, FR, RF, RR): (0, 1, 0, 0)
[M::mem_pestat] skip orientation FF as there are not enough pairs
[M::mem_pestat] skip orientation FR as there are not enough pairs
[M::mem_pestat] skip orientation RF as there are not enough pairs
[M::mem_pestat] skip orientation RR as there are not enough pairs
[M::mem_process_seqs] Processed 2 reads in 0.000 CPU sec, 0.001 real sec
[M::process] read 2 sequences (388 bp)...
[M::mem_pestat] # candidate unique pairs for (FF, FR, RF, RR): (0, 1, 0, 0)
[M::mem_pestat] skip orientation FF as there are not enough pairs
[M::mem_pestat] skip orientation FR as there are not enough pairs
[M::mem_pestat] skip orientation RF as there are not enough pairs
[M::mem_pestat] skip orientation RR as there are not enough pairs
[M::mem_process_seqs] Processed 2 reads in 0.000 CPU sec, 0.000 real sec
[M::process] read 2 sequences (314 bp)...
[M::mem_pestat] # candidate unique pairs for (FF, FR, RF, RR): (0, 1, 0, 0)
[M::mem_pestat] skip orientation FF as there are not enough pairs
[M::mem_pestat] skip orientation FR as there are not enough pairs
[M::mem_pestat] skip orientation RF as there are not enough pairs
[M::mem_pestat] skip orientation RR as there are not enough pairs
[M::mem_process_seqs] Processed 2 reads in 0.000 CPU sec, 0.000 real sec
[M::process] read 2 sequences (494 bp)...
[M::mem_pestat] # candidate unique pairs for (FF, FR, RF, RR): (0, 1, 0, 0)
[M::mem_pestat] skip orientation FF as there are not enough pairs
[M::mem_pestat] skip orientation FR as there are not enough pairs
[M::mem_pestat] skip orientation RF as there are not enough pairs
[M::mem_pestat] skip orientation RR as there are not enough pairs
[M::mem_process_seqs] Processed 2 reads in 0.000 CPU sec, 0.000 real sec
[M::process] read 2 sequences (501 bp)...
[M::mem_pestat] # candidate unique pairs for (FF, FR, RF, RR): (0, 1, 0, 0)
[M::mem_pestat] skip orientation FF as there are not enough pairs
[M::mem_pestat] skip orientation FR as there are not enough pairs
[M::mem_pestat] skip orientation RF as there are not enough pairs
[M::mem_pestat] skip orientation RR as there are not enough pairs
[M::mem_process_seqs] Processed 2 reads in 0.000 CPU sec, 0.000 real sec
[M::process] read 2 sequences (248 bp)...
[M::mem_pestat] # candidate unique pairs for (FF, FR, RF, RR): (0, 1, 0, 0)
[M::mem_pestat] skip orientation FF as there are not enough pairs
[M::mem_pestat] skip orientation FR as there are not enough pairs
[M::mem_pestat] skip orientation RF as there are not enough pairs
[M::mem_pestat] skip orientation RR as there are not enough pairs
[M::mem_process_seqs] Processed 2 reads in 0.000 CPU sec, 0.000 real sec
[M::process] read 2 sequences (495 bp)...
[M::mem_pestat] # candidate unique pairs for (FF, FR, RF, RR): (0, 1, 0, 0)
[M::mem_pestat] skip orientation FF as there are not enough pairs
[M::mem_pestat] skip orientation FR as there are not enough pairs
[M::mem_pestat] skip orientation RF as there are not enough pairs
[M::mem_pestat] skip orientation RR as there are not enough pairs
[M::mem_process_seqs] Processed 2 reads in 0.000 CPU sec, 0.000 real sec
[M::process] read 2 sequences (366 bp)...
[M::mem_pestat] # candidate unique pairs for (FF, FR, RF, RR): (0, 1, 0, 0)
[M::mem_pestat] skip orientation FF as there are not enough pairs
[M::mem_pestat] skip orientation FR as there are not enough pairs
[M::mem_pestat] skip orientation RF as there are not enough pairs
[M::mem_pestat] skip orientation RR as there are not enough pairs
[M::mem_process_seqs] Processed 2 reads in 0.000 CPU sec, 0.000 real sec
[M::process] read 2 sequences (346 bp)...
[M::mem_pestat] # candidate unique pairs for (FF, FR, RF, RR): (0, 1, 0, 0)
[M::mem_pestat] skip orientation FF as there are not enough pairs
[M::mem_pestat] skip orientation FR as there are not enough pairs
[M::mem_pestat] skip orientation RF as there are not enough pairs
[M::mem_pestat] skip orientation RR as there are not enough pairs
[M::mem_process_seqs] Processed 2 reads in 0.000 CPU sec, 0.000 real sec
[M::process] read 2 sequences (426 bp)...
[M::mem_pestat] # candidate unique pairs for (FF, FR, RF, RR): (0, 1, 0, 0)
[M::mem_pestat] skip orientation FF as there are not enough pairs
[M::mem_pestat] skip orientation FR as there are not enough pairs
[M::mem_pestat] skip orientation RF as there are not enough pairs
[M::mem_pestat] skip orientation RR as there are not enough pairs
[M::mem_process_seqs] Processed 2 reads in 0.000 CPU sec, 0.000 real sec
[M::process] read 2 sequences (430 bp)...
[M::mem_pestat] # candidate unique pairs for (FF, FR, RF, RR): (0, 1, 0, 0)
[M::mem_pestat] skip orientation FF as there are not enough pairs
[M::mem_pestat] skip orientation FR as there are not enough pairs
[M::mem_pestat] skip orientation RF as there are not enough pairs
[M::mem_pestat] skip orientation RR as there are not enough pairs
[M::mem_process_seqs] Processed 2 reads in 0.000 CPU sec, 0.000 real sec
[M::process] read 2 sequences (502 bp)...
[M::mem_pestat] # candidate unique pairs for (FF, FR, RF, RR): (0, 1, 0, 0)
[M::mem_pestat] skip orientation FF as there are not enough pairs
[M::mem_pestat] skip orientation FR as there are not enough pairs
[M::mem_pestat] skip orientation RF as there are not enough pairs
[M::mem_pestat] skip orientation RR as there are not enough pairs
[M::mem_process_seqs] Processed 2 reads in 0.000 CPU sec, 0.000 real sec
[M::process] read 2 sequences (498 bp)...
[M::mem_pestat] # candidate unique pairs for (FF, FR, RF, RR): (0, 1, 0, 0)
[M::mem_pestat] skip orientation FF as there are not enough pairs
[M::mem_pestat] skip orientation FR as there are not enough pairs
[M::mem_pestat] skip orientation RF as there are not enough pairs
[M::mem_pestat] skip orientation RR as there are not enough pairs
[M::mem_process_seqs] Processed 2 reads in 0.000 CPU sec, 0.000 real sec
[M::process] read 2 sequences (502 bp)...
[M::mem_pestat] # candidate unique pairs for (FF, FR, RF, RR): (0, 1, 0, 0)
[M::mem_pestat] skip orientation FF as there are not enough pairs
[M::mem_pestat] skip orientation FR as there are not enough pairs
[M::mem_pestat] skip orientation RF as there are not enough pairs
[M::mem_pestat] skip orientation RR as there are not enough pairs
[M::mem_process_seqs] Processed 2 reads in 0.000 CPU sec, 0.000 real sec
[M::process] read 2 sequences (498 bp)...
[M::mem_pestat] # candidate unique pairs for (FF, FR, RF, RR): (0, 1, 0, 0)
[M::mem_pestat] skip orientation FF as there are not enough pairs
[M::mem_pestat] skip orientation FR as there are not enough pairs
[M::mem_pestat] skip orientation RF as there are not enough pairs
[M::mem_pestat] skip orientation RR as there are not enough pairs
[M::mem_process_seqs] Processed 2 reads in 0.000 CPU sec, 0.000 real sec
[M::process] read 2 sequences (446 bp)...
[M::mem_pestat] # candidate unique pairs for (FF, FR, RF, RR): (0, 1, 0, 0)
[M::mem_pestat] skip orientation FF as there are not enough pairs
[M::mem_pestat] skip orientation FR as there are not enough pairs
[M::mem_pestat] skip orientation RF as there are not enough pairs
[M::mem_pestat] skip orientation RR as there are not enough pairs
[M::mem_process_seqs] Processed 2 reads in 0.000 CPU sec, 0.000 real sec
[M::process] read 2 sequences (496 bp)...
[M::mem_pestat] # candidate unique pairs for (FF, FR, RF, RR): (0, 1, 0, 0)
[M::mem_pestat] skip orientation FF as there are not enough pairs
[M::mem_pestat] skip orientation FR as there are not enough pairs
[M::mem_pestat] skip orientation RF as there are not enough pairs
[M::mem_pestat] skip orientation RR as there are not enough pairs
[M::mem_process_seqs] Processed 2 reads in 0.000 CPU sec, 0.000 real sec
[M::process] read 2 sequences (502 bp)...
[M::mem_pestat] # candidate unique pairs for (FF, FR, RF, RR): (0, 1, 0, 0)
[M::mem_pestat] skip orientation FF as there are not enough pairs
[M::mem_pestat] skip orientation FR as there are not enough pairs
[M::mem_pestat] skip orientation RF as there are not enough pairs
[M::mem_pestat] skip orientation RR as there are not enough pairs
[M::mem_process_seqs] Processed 2 reads in 0.000 CPU sec, 0.000 real sec
[M::process] read 2 sequences (346 bp)...
[M::mem_pestat] # candidate unique pairs for (FF, FR, RF, RR): (0, 1, 0, 0)
[M::mem_pestat] skip orientation FF as there are not enough pairs
[M::mem_pestat] skip orientation FR as there are not enough pairs
[M::mem_pestat] skip orientation RF as there are not enough pairs
[M::mem_pestat] skip orientation RR as there are not enough pairs
[M::mem_process_seqs] Processed 2 reads in 0.000 CPU sec, 0.000 real sec
[M::process] read 2 sequences (316 bp)...
[M::mem_pestat] # candidate unique pairs for (FF, FR, RF, RR): (0, 1, 0, 0)
[M::mem_pestat] skip orientation FF as there are not enough pairs
[M::mem_pestat] skip orientation FR as there are not enough pairs
[M::mem_pestat] skip orientation RF as there are not enough pairs
[M::mem_pestat] skip orientation RR as there are not enough pairs
[M::mem_process_seqs] Processed 2 reads in 0.000 CPU sec, 0.000 real sec
[M::process] read 2 sequences (501 bp)...
[M::mem_pestat] # candidate unique pairs for (FF, FR, RF, RR): (0, 1, 0, 0)
[M::mem_pestat] skip orientation FF as there are not enough pairs
[M::mem_pestat] skip orientation FR as there are not enough pairs
[M::mem_pestat] skip orientation RF as there are not enough pairs
[M::mem_pestat] skip orientation RR as there are not enough pairs
[M::mem_process_seqs] Processed 2 reads in 0.000 CPU sec, 0.000 real sec
[M::process] read 2 sequences (462 bp)...
[M::mem_pestat] # candidate unique pairs for (FF, FR, RF, RR): (0, 1, 0, 0)
[M::mem_pestat] skip orientation FF as there are not enough pairs
[M::mem_pestat] skip orientation FR as there are not enough pairs
[M::mem_pestat] skip orientation RF as there are not enough pairs
[M::mem_pestat] skip orientation RR as there are not enough pairs
[M::mem_process_seqs] Processed 2 reads in 0.000 CPU sec, 0.000 real sec
[M::process] read 2 sequences (458 bp)...
[M::mem_pestat] # candidate unique pairs for (FF, FR, RF, RR): (0, 1, 0, 0)
[M::mem_pestat] skip orientation FF as there are not enough pairs
[M::mem_pestat] skip orientation FR as there are not enough pairs
[M::mem_pestat] skip orientation RF as there are not enough pairs
[M::mem_pestat] skip orientation RR as there are not enough pairs
[M::mem_process_seqs] Processed 2 reads in 0.000 CPU sec, 0.000 real sec
[M::process] read 2 sequences (501 bp)...
[M::mem_pestat] # candidate unique pairs for (FF, FR, RF, RR): (0, 1, 0, 0)
[M::mem_pestat] skip orientation FF as there are not enough pairs
[M::mem_pestat] skip orientation FR as there are not enough pairs
[M::mem_pestat] skip orientation RF as there are not enough pairs
[M::mem_pestat] skip orientation RR as there are not enough pairs
[M::mem_process_seqs] Processed 2 reads in 0.000 CPU sec, 0.000 real sec
[M::process] read 2 sequences (462 bp)...
[M::mem_pestat] # candidate unique pairs for (FF, FR, RF, RR): (0, 1, 0, 0)
[M::mem_pestat] skip orientation FF as there are not enough pairs
[M::mem_pestat] skip orientation FR as there are not enough pairs
[M::mem_pestat] skip orientation RF as there are not enough pairs
[M::mem_pestat] skip orientation RR as there are not enough pairs
[M::mem_process_seqs] Processed 2 reads in 0.000 CPU sec, 0.000 real sec
[M::process] read 2 sequences (495 bp)...
[M::mem_pestat] # candidate unique pairs for (FF, FR, RF, RR): (0, 1, 0, 0)
[M::mem_pestat] skip orientation FF as there are not enough pairs
[M::mem_pestat] skip orientation FR as there are not enough pairs
[M::mem_pestat] skip orientation RF as there are not enough pairs
[M::mem_pestat] skip orientation RR as there are not enough pairs
[M::mem_process_seqs] Processed 2 reads in 0.000 CPU sec, 0.000 real sec
[M::process] read 2 sequences (490 bp)...
[M::mem_pestat] # candidate unique pairs for (FF, FR, RF, RR): (0, 1, 0, 0)
[M::mem_pestat] skip orientation FF as there are not enough pairs
[M::mem_pestat] skip orientation FR as there are not enough pairs
[M::mem_pestat] skip orientation RF as there are not enough pairs
[M::mem_pestat] skip orientation RR as there are not enough pairs
[M::mem_process_seqs] Processed 2 reads in 0.000 CPU sec, 0.000 real sec
[M::process] read 2 sequences (466 bp)...
[M::mem_pestat] # candidate unique pairs for (FF, FR, RF, RR): (0, 1, 0, 0)
[M::mem_pestat] skip orientation FF as there are not enough pairs
[M::mem_pestat] skip orientation FR as there are not enough pairs
[M::mem_pestat] skip orientation RF as there are not enough pairs
[M::mem_pestat] skip orientation RR as there are not enough pairs
[M::mem_process_seqs] Processed 2 reads in 0.000 CPU sec, 0.000 real sec
[M::process] read 2 sequences (496 bp)...
[M::mem_pestat] # candidate unique pairs for (FF, FR, RF, RR): (0, 1, 0, 0)
[M::mem_pestat] skip orientation FF as there are not enough pairs
[M::mem_pestat] skip orientation FR as there are not enough pairs
[M::mem_pestat] skip orientation RF as there are not enough pairs
[M::mem_pestat] skip orientation RR as there are not enough pairs
[M::mem_process_seqs] Processed 2 reads in 0.000 CPU sec, 0.000 real sec
[M::process] read 2 sequences (336 bp)...
[M::mem_pestat] # candidate unique pairs for (FF, FR, RF, RR): (0, 1, 0, 0)
[M::mem_pestat] skip orientation FF as there are not enough pairs
[M::mem_pestat] skip orientation FR as there are not enough pairs
[M::mem_pestat] skip orientation RF as there are not enough pairs
[M::mem_pestat] skip orientation RR as there are not enough pairs
[M::mem_process_seqs] Processed 2 reads in 0.000 CPU sec, 0.000 real sec
[M::process] read 2 sequences (396 bp)...
[M::mem_pestat] # candidate unique pairs for (FF, FR, RF, RR): (0, 1, 0, 0)
[M::mem_pestat] skip orientation FF as there are not enough pairs
[M::mem_pestat] skip orientation FR as there are not enough pairs
[M::mem_pestat] skip orientation RF as there are not enough pairs
[M::mem_pestat] skip orientation RR as there are not enough pairs
[M::mem_process_seqs] Processed 2 reads in 0.000 CPU sec, 0.000 real sec
[M::process] read 2 sequences (402 bp)...
[M::mem_pestat] # candidate unique pairs for (FF, FR, RF, RR): (0, 1, 0, 0)
[M::mem_pestat] skip orientation FF as there are not enough pairs
[M::mem_pestat] skip orientation FR as there are not enough pairs
[M::mem_pestat] skip orientation RF as there are not enough pairs
[M::mem_pestat] skip orientation RR as there are not enough pairs
[M::mem_process_seqs] Processed 2 reads in 0.000 CPU sec, 0.000 real sec
[M::process] read 2 sequences (398 bp)...
[M::mem_pestat] # candidate unique pairs for (FF, FR, RF, RR): (0, 1, 0, 0)
[M::mem_pestat] skip orientation FF as there are not enough pairs
[M::mem_pestat] skip orientation FR as there are not enough pairs
[M::mem_pestat] skip orientation RF as there are not enough pairs
[M::mem_pestat] skip orientation RR as there are not enough pairs
[M::mem_process_seqs] Processed 2 reads in 0.000 CPU sec, 0.000 real sec
[M::process] read 2 sequences (432 bp)...
[M::mem_pestat] # candidate unique pairs for (FF, FR, RF, RR): (0, 1, 0, 0)
[M::mem_pestat] skip orientation FF as there are not enough pairs
[M::mem_pestat] skip orientation FR as there are not enough pairs
[M::mem_pestat] skip orientation RF as there are not enough pairs
[M::mem_pestat] skip orientation RR as there are not enough pairs
[M::mem_process_seqs] Processed 2 reads in 0.000 CPU sec, 0.000 real sec
[M::process] read 2 sequences (498 bp)...
[M::mem_pestat] # candidate unique pairs for (FF, FR, RF, RR): (0, 1, 0, 0)
[M::mem_pestat] skip orientation FF as there are not enough pairs
[M::mem_pestat] skip orientation FR as there are not enough pairs
[M::mem_pestat] skip orientation RF as there are not enough pairs
[M::mem_pestat] skip orientation RR as there are not enough pairs
[M::mem_process_seqs] Processed 2 reads in 0.000 CPU sec, 0.000 real sec
[M::process] read 2 sequences (496 bp)...
[M::mem_pestat] # candidate unique pairs for (FF, FR, RF, RR): (0, 1, 0, 0)
[M::mem_pestat] skip orientation FF as there are not enough pairs
[M::mem_pestat] skip orientation FR as there are not enough pairs
[M::mem_pestat] skip orientation RF as there are not enough pairs
[M::mem_pestat] skip orientation RR as there are not enough pairs
[M::mem_process_seqs] Processed 2 reads in 0.000 CPU sec, 0.000 real sec
[M::process] read 2 sequences (354 bp)...
[M::mem_pestat] # candidate unique pairs for (FF, FR, RF, RR): (0, 1, 0, 0)
[M::mem_pestat] skip orientation FF as there are not enough pairs
[M::mem_pestat] skip orientation FR as there are not enough pairs
[M::mem_pestat] skip orientation RF as there are not enough pairs
[M::mem_pestat] skip orientation RR as there are not enough pairs
[M::mem_process_seqs] Processed 2 reads in 0.000 CPU sec, 0.000 real sec
[M::process] read 2 sequences (502 bp)...
[M::mem_pestat] # candidate unique pairs for (FF, FR, RF, RR): (0, 1, 0, 0)
[M::mem_pestat] skip orientation FF as there are not enough pairs
[M::mem_pestat] skip orientation FR as there are not enough pairs
[M::mem_pestat] skip orientation RF as there are not enough pairs
[M::mem_pestat] skip orientation RR as there are not enough pairs
[M::mem_process_seqs] Processed 2 reads in 0.000 CPU sec, 0.000 real sec
[M::process] read 2 sequences (502 bp)...
[M::mem_pestat] # candidate unique pairs for (FF, FR, RF, RR): (0, 1, 0, 0)
[M::mem_pestat] skip orientation FF as there are not enough pairs
[M::mem_pestat] skip orientation FR as there are not enough pairs
[M::mem_pestat] skip orientation RF as there are not enough pairs
[M::mem_pestat] skip orientation RR as there are not enough pairs
[M::mem_process_seqs] Processed 2 reads in 0.000 CPU sec, 0.000 real sec
[M::process] read 2 sequences (366 bp)...
[M::mem_pestat] # candidate unique pairs for (FF, FR, RF, RR): (0, 1, 0, 0)
[M::mem_pestat] skip orientation FF as there are not enough pairs
[M::mem_pestat] skip orientation FR as there are not enough pairs
[M::mem_pestat] skip orientation RF as there are not enough pairs
[M::mem_pestat] skip orientation RR as there are not enough pairs
[M::mem_process_seqs] Processed 2 reads in 0.000 CPU sec, 0.000 real sec
[M::process] read 2 sequences (501 bp)...
[M::mem_pestat] # candidate unique pairs for (FF, FR, RF, RR): (0, 1, 0, 0)
[M::mem_pestat] skip orientation FF as there are not enough pairs
[M::mem_pestat] skip orientation FR as there are not enough pairs
[M::mem_pestat] skip orientation RF as there are not enough pairs
[M::mem_pestat] skip orientation RR as there are not enough pairs
[M::mem_process_seqs] Processed 2 reads in 0.000 CPU sec, 0.000 real sec
[M::process] read 2 sequences (502 bp)...
[M::mem_pestat] # candidate unique pairs for (FF, FR, RF, RR): (0, 1, 0, 0)
[M::mem_pestat] skip orientation FF as there are not enough pairs
[M::mem_pestat] skip orientation FR as there are not enough pairs
[M::mem_pestat] skip orientation RF as there are not enough pairs
[M::mem_pestat] skip orientation RR as there are not enough pairs
[M::mem_process_seqs] Processed 2 reads in 0.000 CPU sec, 0.000 real sec
[M::process] read 2 sequences (502 bp)...
[M::mem_pestat] # candidate unique pairs for (FF, FR, RF, RR): (0, 1, 0, 0)
[M::mem_pestat] skip orientation FF as there are not enough pairs
[M::mem_pestat] skip orientation FR as there are not enough pairs
[M::mem_pestat] skip orientation RF as there are not enough pairs
[M::mem_pestat] skip orientation RR as there are not enough pairs
[M::mem_process_seqs] Processed 2 reads in 0.000 CPU sec, 0.000 real sec
[M::process] read 2 sequences (498 bp)...
[M::mem_pestat] # candidate unique pairs for (FF, FR, RF, RR): (0, 1, 0, 0)
[M::mem_pestat] skip orientation FF as there are not enough pairs
[M::mem_pestat] skip orientation FR as there are not enough pairs
[M::mem_pestat] skip orientation RF as there are not enough pairs
[M::mem_pestat] skip orientation RR as there are not enough pairs
[M::mem_process_seqs] Processed 2 reads in 0.000 CPU sec, 0.000 real sec
[M::process] read 2 sequences (486 bp)...
[M::mem_pestat] # candidate unique pairs for (FF, FR, RF, RR): (0, 1, 0, 0)
[M::mem_pestat] skip orientation FF as there are not enough pairs
[M::mem_pestat] skip orientation FR as there are not enough pairs
[M::mem_pestat] skip orientation RF as there are not enough pairs
[M::mem_pestat] skip orientation RR as there are not enough pairs
[M::mem_process_seqs] Processed 2 reads in 0.000 CPU sec, 0.000 real sec
[M::process] read 2 sequences (502 bp)...
[M::mem_pestat] # candidate unique pairs for (FF, FR, RF, RR): (0, 1, 0, 0)
[M::mem_pestat] skip orientation FF as there are not enough pairs
[M::mem_pestat] skip orientation FR as there are not enough pairs
[M::mem_pestat] skip orientation RF as there are not enough pairs
[M::mem_pestat] skip orientation RR as there are not enough pairs
[M::mem_process_seqs] Processed 2 reads in 0.000 CPU sec, 0.000 real sec
[M::process] read 2 sequences (502 bp)...
[M::mem_pestat] # candidate unique pairs for (FF, FR, RF, RR): (0, 1, 0, 0)
[M::mem_pestat] skip orientation FF as there are not enough pairs
[M::mem_pestat] skip orientation FR as there are not enough pairs
[M::mem_pestat] skip orientation RF as there are not enough pairs
[M::mem_pestat] skip orientation RR as there are not enough pairs
[M::mem_process_seqs] Processed 2 reads in 0.000 CPU sec, 0.000 real sec
[M::process] read 2 sequences (497 bp)...
[M::mem_pestat] # candidate unique pairs for (FF, FR, RF, RR): (0, 1, 0, 0)
[M::mem_pestat] skip orientation FF as there are not enough pairs
[M::mem_pestat] skip orientation FR as there are not enough pairs
[M::mem_pestat] skip orientation RF as there are not enough pairs
[M::mem_pestat] skip orientation RR as there are not enough pairs
[M::mem_process_seqs] Processed 2 reads in 0.000 CPU sec, 0.000 real sec
[M::process] read 2 sequences (502 bp)...
[M::mem_pestat] # candidate unique pairs for (FF, FR, RF, RR): (0, 1, 0, 0)
[M::mem_pestat] skip orientation FF as there are not enough pairs
[M::mem_pestat] skip orientation FR as there are not enough pairs
[M::mem_pestat] skip orientation RF as there are not enough pairs
[M::mem_pestat] skip orientation RR as there are not enough pairs
[M::mem_process_seqs] Processed 2 reads in 0.000 CPU sec, 0.000 real sec
[M::process] read 2 sequences (496 bp)...
[M::mem_pestat] # candidate unique pairs for (FF, FR, RF, RR): (0, 1, 0, 0)
[M::mem_pestat] skip orientation FF as there are not enough pairs
[M::mem_pestat] skip orientation FR as there are not enough pairs
[M::mem_pestat] skip orientation RF as there are not enough pairs
[M::mem_pestat] skip orientation RR as there are not enough pairs
[M::mem_process_seqs] Processed 2 reads in 0.000 CPU sec, 0.000 real sec
[M::process] read 2 sequences (470 bp)...
[M::mem_pestat] # candidate unique pairs for (FF, FR, RF, RR): (0, 1, 0, 0)
[M::mem_pestat] skip orientation FF as there are not enough pairs
[M::mem_pestat] skip orientation FR as there are not enough pairs
[M::mem_pestat] skip orientation RF as there are not enough pairs
[M::mem_pestat] skip orientation RR as there are not enough pairs
[M::mem_process_seqs] Processed 2 reads in 0.000 CPU sec, 0.000 real sec
[M::process] read 2 sequences (406 bp)...
[M::mem_pestat] # candidate unique pairs for (FF, FR, RF, RR): (0, 1, 0, 0)
[M::mem_pestat] skip orientation FF as there are not enough pairs
[M::mem_pestat] skip orientation FR as there are not enough pairs
[M::mem_pestat] skip orientation RF as there are not enough pairs
[M::mem_pestat] skip orientation RR as there are not enough pairs
[M::mem_process_seqs] Processed 2 reads in 0.000 CPU sec, 0.000 real sec
[M::process] read 2 sequences (501 bp)...
[M::mem_pestat] # candidate unique pairs for (FF, FR, RF, RR): (0, 1, 0, 0)
[M::mem_pestat] skip orientation FF as there are not enough pairs
[M::mem_pestat] skip orientation FR as there are not enough pairs
[M::mem_pestat] skip orientation RF as there are not enough pairs
[M::mem_pestat] skip orientation RR as there are not enough pairs
[M::mem_process_seqs] Processed 2 reads in 0.000 CPU sec, 0.001 real sec
[M::process] read 2 sequences (502 bp)...
[M::mem_pestat] # candidate unique pairs for (FF, FR, RF, RR): (0, 1, 0, 0)
[M::mem_pestat] skip orientation FF as there are not enough pairs
[M::mem_pestat] skip orientation FR as there are not enough pairs
[M::mem_pestat] skip orientation RF as there are not enough pairs
[M::mem_pestat] skip orientation RR as there are not enough pairs
[M::mem_process_seqs] Processed 2 reads in 0.000 CPU sec, 0.000 real sec
[M::process] read 2 sequences (230 bp)...
[M::mem_pestat] # candidate unique pairs for (FF, FR, RF, RR): (0, 1, 0, 0)
[M::mem_pestat] skip orientation FF as there are not enough pairs
[M::mem_pestat] skip orientation FR as there are not enough pairs
[M::mem_pestat] skip orientation RF as there are not enough pairs
[M::mem_pestat] skip orientation RR as there are not enough pairs
[M::mem_process_seqs] Processed 2 reads in 0.000 CPU sec, 0.000 real sec
[M::process] read 2 sequences (502 bp)...
[M::mem_pestat] # candidate unique pairs for (FF, FR, RF, RR): (0, 1, 0, 0)
[M::mem_pestat] skip orientation FF as there are not enough pairs
[M::mem_pestat] skip orientation FR as there are not enough pairs
[M::mem_pestat] skip orientation RF as there are not enough pairs
[M::mem_pestat] skip orientation RR as there are not enough pairs
[M::mem_process_seqs] Processed 2 reads in 0.000 CPU sec, 0.000 real sec
[M::process] read 2 sequences (404 bp)...
[M::mem_pestat] # candidate unique pairs for (FF, FR, RF, RR): (0, 1, 0, 0)
[M::mem_pestat] skip orientation FF as there are not enough pairs
[M::mem_pestat] skip orientation FR as there are not enough pairs
[M::mem_pestat] skip orientation RF as there are not enough pairs
[M::mem_pestat] skip orientation RR as there are not enough pairs
[M::mem_process_seqs] Processed 2 reads in 0.000 CPU sec, 0.000 real sec
[M::process] read 2 sequences (368 bp)...
[M::mem_pestat] # candidate unique pairs for (FF, FR, RF, RR): (0, 1, 0, 0)
[M::mem_pestat] skip orientation FF as there are not enough pairs
[M::mem_pestat] skip orientation FR as there are not enough pairs
[M::mem_pestat] skip orientation RF as there are not enough pairs
[M::mem_pestat] skip orientation RR as there are not enough pairs
[M::mem_process_seqs] Processed 2 reads in 0.000 CPU sec, 0.000 real sec
[M::process] read 2 sequences (498 bp)...
[M::mem_pestat] # candidate unique pairs for (FF, FR, RF, RR): (0, 1, 0, 0)
[M::mem_pestat] skip orientation FF as there are not enough pairs
[M::mem_pestat] skip orientation FR as there are not enough pairs
[M::mem_pestat] skip orientation RF as there are not enough pairs
[M::mem_pestat] skip orientation RR as there are not enough pairs
[M::mem_process_seqs] Processed 2 reads in 0.000 CPU sec, 0.000 real sec
[M::process] read 2 sequences (502 bp)...
[M::mem_pestat] # candidate unique pairs for (FF, FR, RF, RR): (0, 1, 0, 0)
[M::mem_pestat] skip orientation FF as there are not enough pairs
[M::mem_pestat] skip orientation FR as there are not enough pairs
[M::mem_pestat] skip orientation RF as there are not enough pairs
[M::mem_pestat] skip orientation RR as there are not enough pairs
[M::mem_process_seqs] Processed 2 reads in 0.000 CPU sec, 0.000 real sec
[M::process] read 2 sequences (448 bp)...
[M::mem_pestat] # candidate unique pairs for (FF, FR, RF, RR): (0, 1, 0, 0)
[M::mem_pestat] skip orientation FF as there are not enough pairs
[M::mem_pestat] skip orientation FR as there are not enough pairs
[M::mem_pestat] skip orientation RF as there are not enough pairs
[M::mem_pestat] skip orientation RR as there are not enough pairs
[M::mem_process_seqs] Processed 2 reads in 0.000 CPU sec, 0.000 real sec
[M::process] read 2 sequences (496 bp)...
[M::mem_pestat] # candidate unique pairs for (FF, FR, RF, RR): (0, 1, 0, 0)
[M::mem_pestat] skip orientation FF as there are not enough pairs
[M::mem_pestat] skip orientation FR as there are not enough pairs
[M::mem_pestat] skip orientation RF as there are not enough pairs
[M::mem_pestat] skip orientation RR as there are not enough pairs
[M::mem_process_seqs] Processed 2 reads in 0.000 CPU sec, 0.000 real sec
[M::process] read 2 sequences (464 bp)...
[M::mem_pestat] # candidate unique pairs for (FF, FR, RF, RR): (0, 1, 0, 0)
[M::mem_pestat] skip orientation FF as there are not enough pairs
[M::mem_pestat] skip orientation FR as there are not enough pairs
[M::mem_pestat] skip orientation RF as there are not enough pairs
[M::mem_pestat] skip orientation RR as there are not enough pairs
[M::mem_process_seqs] Processed 2 reads in 0.000 CPU sec, 0.000 real sec
[M::process] read 2 sequences (342 bp)...
[M::mem_pestat] # candidate unique pairs for (FF, FR, RF, RR): (0, 1, 0, 0)
[M::mem_pestat] skip orientation FF as there are not enough pairs
[M::mem_pestat] skip orientation FR as there are not enough pairs
[M::mem_pestat] skip orientation RF as there are not enough pairs
[M::mem_pestat] skip orientation RR as there are not enough pairs
[M::mem_process_seqs] Processed 2 reads in 0.000 CPU sec, 0.000 real sec
[M::process] read 2 sequences (326 bp)...
[M::mem_pestat] # candidate unique pairs for (FF, FR, RF, RR): (0, 1, 0, 0)
[M::mem_pestat] skip orientation FF as there are not enough pairs
[M::mem_pestat] skip orientation FR as there are not enough pairs
[M::mem_pestat] skip orientation RF as there are not enough pairs
[M::mem_pestat] skip orientation RR as there are not enough pairs
[M::mem_process_seqs] Processed 2 reads in 0.000 CPU sec, 0.000 real sec
[M::process] read 2 sequences (502 bp)...
[M::mem_pestat] # candidate unique pairs for (FF, FR, RF, RR): (0, 1, 0, 0)
[M::mem_pestat] skip orientation FF as there are not enough pairs
[M::mem_pestat] skip orientation FR as there are not enough pairs
[M::mem_pestat] skip orientation RF as there are not enough pairs
[M::mem_pestat] skip orientation RR as there are not enough pairs
[M::mem_process_seqs] Processed 2 reads in 0.000 CPU sec, 0.000 real sec
[M::process] read 2 sequences (496 bp)...
[M::mem_pestat] # candidate unique pairs for (FF, FR, RF, RR): (0, 1, 0, 0)
[M::mem_pestat] skip orientation FF as there are not enough pairs
[M::mem_pestat] skip orientation FR as there are not enough pairs
[M::mem_pestat] skip orientation RF as there are not enough pairs
[M::mem_pestat] skip orientation RR as there are not enough pairs
[M::mem_process_seqs] Processed 2 reads in 0.000 CPU sec, 0.000 real sec
[M::process] read 2 sequences (296 bp)...
[M::mem_pestat] # candidate unique pairs for (FF, FR, RF, RR): (0, 1, 0, 0)
[M::mem_pestat] skip orientation FF as there are not enough pairs
[M::mem_pestat] skip orientation FR as there are not enough pairs
[M::mem_pestat] skip orientation RF as there are not enough pairs
[M::mem_pestat] skip orientation RR as there are not enough pairs
[M::mem_process_seqs] Processed 2 reads in 0.000 CPU sec, 0.000 real sec
[M::process] read 2 sequences (460 bp)...
[M::mem_pestat] # candidate unique pairs for (FF, FR, RF, RR): (0, 1, 0, 0)
[M::mem_pestat] skip orientation FF as there are not enough pairs
[M::mem_pestat] skip orientation FR as there are not enough pairs
[M::mem_pestat] skip orientation RF as there are not enough pairs
[M::mem_pestat] skip orientation RR as there are not enough pairs
[M::mem_process_seqs] Processed 2 reads in 0.000 CPU sec, 0.000 real sec
[M::process] read 2 sequences (250 bp)...
[M::mem_pestat] # candidate unique pairs for (FF, FR, RF, RR): (0, 1, 0, 0)
[M::mem_pestat] skip orientation FF as there are not enough pairs
[M::mem_pestat] skip orientation FR as there are not enough pairs
[M::mem_pestat] skip orientation RF as there are not enough pairs
[M::mem_pestat] skip orientation RR as there are not enough pairs
[M::mem_process_seqs] Processed 2 reads in 0.000 CPU sec, 0.000 real sec
[M::process] read 2 sequences (400 bp)...
[M::mem_pestat] # candidate unique pairs for (FF, FR, RF, RR): (0, 1, 0, 0)
[M::mem_pestat] skip orientation FF as there are not enough pairs
[M::mem_pestat] skip orientation FR as there are not enough pairs
[M::mem_pestat] skip orientation RF as there are not enough pairs
[M::mem_pestat] skip orientation RR as there are not enough pairs
[M::mem_process_seqs] Processed 2 reads in 0.000 CPU sec, 0.000 real sec
[M::process] read 2 sequences (472 bp)...
[M::mem_pestat] # candidate unique pairs for (FF, FR, RF, RR): (0, 1, 0, 0)
[M::mem_pestat] skip orientation FF as there are not enough pairs
[M::mem_pestat] skip orientation FR as there are not enough pairs
[M::mem_pestat] skip orientation RF as there are not enough pairs
[M::mem_pestat] skip orientation RR as there are not enough pairs
[M::mem_process_seqs] Processed 2 reads in 0.000 CPU sec, 0.000 real sec
[M::process] read 2 sequences (464 bp)...
[M::mem_pestat] # candidate unique pairs for (FF, FR, RF, RR): (0, 1, 0, 0)
[M::mem_pestat] skip orientation FF as there are not enough pairs
[M::mem_pestat] skip orientation FR as there are not enough pairs
[M::mem_pestat] skip orientation RF as there are not enough pairs
[M::mem_pestat] skip orientation RR as there are not enough pairs
[M::mem_process_seqs] Processed 2 reads in 0.000 CPU sec, 0.000 real sec
[M::process] read 2 sequences (490 bp)...
[M::mem_pestat] # candidate unique pairs for (FF, FR, RF, RR): (0, 1, 0, 0)
[M::mem_pestat] skip orientation FF as there are not enough pairs
[M::mem_pestat] skip orientation FR as there are not enough pairs
[M::mem_pestat] skip orientation RF as there are not enough pairs
[M::mem_pestat] skip orientation RR as there are not enough pairs
[M::mem_process_seqs] Processed 2 reads in 0.000 CPU sec, 0.000 real sec
[M::process] read 2 sequences (400 bp)...
[M::mem_pestat] # candidate unique pairs for (FF, FR, RF, RR): (0, 1, 0, 0)
[M::mem_pestat] skip orientation FF as there are not enough pairs
[M::mem_pestat] skip orientation FR as there are not enough pairs
[M::mem_pestat] skip orientation RF as there are not enough pairs
[M::mem_pestat] skip orientation RR as there are not enough pairs
[M::mem_process_seqs] Processed 2 reads in 0.000 CPU sec, 0.000 real sec
[M::process] read 2 sequences (466 bp)...
[M::mem_pestat] # candidate unique pairs for (FF, FR, RF, RR): (0, 1, 0, 0)
[M::mem_pestat] skip orientation FF as there are not enough pairs
[M::mem_pestat] skip orientation FR as there are not enough pairs
[M::mem_pestat] skip orientation RF as there are not enough pairs
[M::mem_pestat] skip orientation RR as there are not enough pairs
[M::mem_process_seqs] Processed 2 reads in 0.000 CPU sec, 0.000 real sec
[M::process] read 2 sequences (497 bp)...
[M::mem_pestat] # candidate unique pairs for (FF, FR, RF, RR): (0, 1, 0, 0)
[M::mem_pestat] skip orientation FF as there are not enough pairs
[M::mem_pestat] skip orientation FR as there are not enough pairs
[M::mem_pestat] skip orientation RF as there are not enough pairs
[M::mem_pestat] skip orientation RR as there are not enough pairs
[M::mem_process_seqs] Processed 2 reads in 0.000 CPU sec, 0.000 real sec
[M::process] read 2 sequences (400 bp)...
[M::mem_pestat] # candidate unique pairs for (FF, FR, RF, RR): (0, 1, 0, 0)
[M::mem_pestat] skip orientation FF as there are not enough pairs
[M::mem_pestat] skip orientation FR as there are not enough pairs
[M::mem_pestat] skip orientation RF as there are not enough pairs
[M::mem_pestat] skip orientation RR as there are not enough pairs
[M::mem_process_seqs] Processed 2 reads in 0.000 CPU sec, 0.000 real sec
[M::process] read 2 sequences (452 bp)...
[M::mem_pestat] # candidate unique pairs for (FF, FR, RF, RR): (0, 1, 0, 0)
[M::mem_pestat] skip orientation FF as there are not enough pairs
[M::mem_pestat] skip orientation FR as there are not enough pairs
[M::mem_pestat] skip orientation RF as there are not enough pairs
[M::mem_pestat] skip orientation RR as there are not enough pairs
[M::mem_process_seqs] Processed 2 reads in 0.000 CPU sec, 0.000 real sec
[M::process] read 2 sequences (486 bp)...
[M::mem_pestat] # candidate unique pairs for (FF, FR, RF, RR): (0, 1, 0, 0)
[M::mem_pestat] skip orientation FF as there are not enough pairs
[M::mem_pestat] skip orientation FR as there are not enough pairs
[M::mem_pestat] skip orientation RF as there are not enough pairs
[M::mem_pestat] skip orientation RR as there are not enough pairs
[M::mem_process_seqs] Processed 2 reads in 0.000 CPU sec, 0.000 real sec
[M::process] read 2 sequences (498 bp)...
[M::mem_pestat] # candidate unique pairs for (FF, FR, RF, RR): (0, 1, 0, 0)
[M::mem_pestat] skip orientation FF as there are not enough pairs
[M::mem_pestat] skip orientation FR as there are not enough pairs
[M::mem_pestat] skip orientation RF as there are not enough pairs
[M::mem_pestat] skip orientation RR as there are not enough pairs
[M::mem_process_seqs] Processed 2 reads in 0.000 CPU sec, 0.000 real sec
[M::process] read 2 sequences (488 bp)...
[M::mem_pestat] # candidate unique pairs for (FF, FR, RF, RR): (0, 1, 0, 0)
[M::mem_pestat] skip orientation FF as there are not enough pairs
[M::mem_pestat] skip orientation FR as there are not enough pairs
[M::mem_pestat] skip orientation RF as there are not enough pairs
[M::mem_pestat] skip orientation RR as there are not enough pairs
[M::mem_process_seqs] Processed 2 reads in 0.000 CPU sec, 0.000 real sec
[M::process] read 2 sequences (490 bp)...
[M::mem_pestat] # candidate unique pairs for (FF, FR, RF, RR): (0, 1, 0, 0)
[M::mem_pestat] skip orientation FF as there are not enough pairs
[M::mem_pestat] skip orientation FR as there are not enough pairs
[M::mem_pestat] skip orientation RF as there are not enough pairs
[M::mem_pestat] skip orientation RR as there are not enough pairs
[M::mem_process_seqs] Processed 2 reads in 0.000 CPU sec, 0.000 real sec
[M::process] read 2 sequences (418 bp)...
[M::mem_pestat] # candidate unique pairs for (FF, FR, RF, RR): (0, 1, 0, 0)
[M::mem_pestat] skip orientation FF as there are not enough pairs
[M::mem_pestat] skip orientation FR as there are not enough pairs
[M::mem_pestat] skip orientation RF as there are not enough pairs
[M::mem_pestat] skip orientation RR as there are not enough pairs
[M::mem_process_seqs] Processed 2 reads in 0.000 CPU sec, 0.000 real sec
[M::process] read 2 sequences (492 bp)...
[M::mem_pestat] # candidate unique pairs for (FF, FR, RF, RR): (0, 1, 0, 0)
[M::mem_pestat] skip orientation FF as there are not enough pairs
[M::mem_pestat] skip orientation FR as there are not enough pairs
[M::mem_pestat] skip orientation RF as there are not enough pairs
[M::mem_pestat] skip orientation RR as there are not enough pairs
[M::mem_process_seqs] Processed 2 reads in 0.000 CPU sec, 0.000 real sec
[M::process] read 2 sequences (264 bp)...
[M::mem_pestat] # candidate unique pairs for (FF, FR, RF, RR): (0, 1, 0, 0)
[M::mem_pestat] skip orientation FF as there are not enough pairs
[M::mem_pestat] skip orientation FR as there are not enough pairs
[M::mem_pestat] skip orientation RF as there are not enough pairs
[M::mem_pestat] skip orientation RR as there are not enough pairs
[M::mem_process_seqs] Processed 2 reads in 0.000 CPU sec, 0.000 real sec
[M::process] read 2 sequences (502 bp)...
[M::mem_pestat] # candidate unique pairs for (FF, FR, RF, RR): (0, 1, 0, 0)
[M::mem_pestat] skip orientation FF as there are not enough pairs
[M::mem_pestat] skip orientation FR as there are not enough pairs
[M::mem_pestat] skip orientation RF as there are not enough pairs
[M::mem_pestat] skip orientation RR as there are not enough pairs
[M::mem_process_seqs] Processed 2 reads in 0.000 CPU sec, 0.000 real sec
[M::process] read 2 sequences (436 bp)...
[M::mem_pestat] # candidate unique pairs for (FF, FR, RF, RR): (0, 1, 0, 0)
[M::mem_pestat] skip orientation FF as there are not enough pairs
[M::mem_pestat] skip orientation FR as there are not enough pairs
[M::mem_pestat] skip orientation RF as there are not enough pairs
[M::mem_pestat] skip orientation RR as there are not enough pairs
[M::mem_process_seqs] Processed 2 reads in 0.000 CPU sec, 0.000 real sec
[M::process] read 2 sequences (491 bp)...
[M::mem_pestat] # candidate unique pairs for (FF, FR, RF, RR): (0, 1, 0, 0)
[M::mem_pestat] skip orientation FF as there are not enough pairs
[M::mem_pestat] skip orientation FR as there are not enough pairs
[M::mem_pestat] skip orientation RF as there are not enough pairs
[M::mem_pestat] skip orientation RR as there are not enough pairs
[M::mem_process_seqs] Processed 2 reads in 0.000 CPU sec, 0.000 real sec
[M::process] read 2 sequences (490 bp)...
[M::mem_pestat] # candidate unique pairs for (FF, FR, RF, RR): (0, 1, 0, 0)
[M::mem_pestat] skip orientation FF as there are not enough pairs
[M::mem_pestat] skip orientation FR as there are not enough pairs
[M::mem_pestat] skip orientation RF as there are not enough pairs
[M::mem_pestat] skip orientation RR as there are not enough pairs
[M::mem_process_seqs] Processed 2 reads in 0.000 CPU sec, 0.000 real sec
[M::process] read 2 sequences (488 bp)...
[M::mem_pestat] # candidate unique pairs for (FF, FR, RF, RR): (0, 1, 0, 0)
[M::mem_pestat] skip orientation FF as there are not enough pairs
[M::mem_pestat] skip orientation FR as there are not enough pairs
[M::mem_pestat] skip orientation RF as there are not enough pairs
[M::mem_pestat] skip orientation RR as there are not enough pairs
[M::mem_process_seqs] Processed 2 reads in 0.000 CPU sec, 0.000 real sec
[M::process] read 2 sequences (336 bp)...
[M::mem_pestat] # candidate unique pairs for (FF, FR, RF, RR): (0, 1, 0, 0)
[M::mem_pestat] skip orientation FF as there are not enough pairs
[M::mem_pestat] skip orientation FR as there are not enough pairs
[M::mem_pestat] skip orientation RF as there are not enough pairs
[M::mem_pestat] skip orientation RR as there are not enough pairs
[M::mem_process_seqs] Processed 2 reads in 0.000 CPU sec, 0.000 real sec
[M::process] read 2 sequences (498 bp)...
[M::mem_pestat] # candidate unique pairs for (FF, FR, RF, RR): (0, 1, 0, 0)
[M::mem_pestat] skip orientation FF as there are not enough pairs
[M::mem_pestat] skip orientation FR as there are not enough pairs
[M::mem_pestat] skip orientation RF as there are not enough pairs
[M::mem_pestat] skip orientation RR as there are not enough pairs
[M::mem_process_seqs] Processed 2 reads in 0.000 CPU sec, 0.000 real sec
[M::process] read 2 sequences (498 bp)...
[M::mem_pestat] # candidate unique pairs for (FF, FR, RF, RR): (0, 1, 0, 0)
[M::mem_pestat] skip orientation FF as there are not enough pairs
[M::mem_pestat] skip orientation FR as there are not enough pairs
[M::mem_pestat] skip orientation RF as there are not enough pairs
[M::mem_pestat] skip orientation RR as there are not enough pairs
[M::mem_process_seqs] Processed 2 reads in 0.000 CPU sec, 0.000 real sec
[M::process] read 2 sequences (404 bp)...
[M::mem_pestat] # candidate unique pairs for (FF, FR, RF, RR): (0, 1, 0, 0)
[M::mem_pestat] skip orientation FF as there are not enough pairs
[M::mem_pestat] skip orientation FR as there are not enough pairs
[M::mem_pestat] skip orientation RF as there are not enough pairs
[M::mem_pestat] skip orientation RR as there are not enough pairs
[M::mem_process_seqs] Processed 2 reads in 0.000 CPU sec, 0.000 real sec
[M::process] read 2 sequences (502 bp)...
[M::mem_pestat] # candidate unique pairs for (FF, FR, RF, RR): (0, 1, 0, 0)
[M::mem_pestat] skip orientation FF as there are not enough pairs
[M::mem_pestat] skip orientation FR as there are not enough pairs
[M::mem_pestat] skip orientation RF as there are not enough pairs
[M::mem_pestat] skip orientation RR as there are not enough pairs
[M::mem_process_seqs] Processed 2 reads in 0.000 CPU sec, 0.000 real sec
[M::process] read 2 sequences (404 bp)...
[M::mem_pestat] # candidate unique pairs for (FF, FR, RF, RR): (0, 1, 0, 0)
[M::mem_pestat] skip orientation FF as there are not enough pairs
[M::mem_pestat] skip orientation FR as there are not enough pairs
[M::mem_pestat] skip orientation RF as there are not enough pairs
[M::mem_pestat] skip orientation RR as there are not enough pairs
[M::mem_process_seqs] Processed 2 reads in 0.000 CPU sec, 0.000 real sec
[M::process] read 2 sequences (500 bp)...
[M::mem_pestat] # candidate unique pairs for (FF, FR, RF, RR): (0, 1, 0, 0)
[M::mem_pestat] skip orientation FF as there are not enough pairs
[M::mem_pestat] skip orientation FR as there are not enough pairs
[M::mem_pestat] skip orientation RF as there are not enough pairs
[M::mem_pestat] skip orientation RR as there are not enough pairs
[M::mem_process_seqs] Processed 2 reads in 0.000 CPU sec, 0.000 real sec
[M::process] read 2 sequences (476 bp)...
[M::mem_pestat] # candidate unique pairs for (FF, FR, RF, RR): (0, 1, 0, 0)
[M::mem_pestat] skip orientation FF as there are not enough pairs
[M::mem_pestat] skip orientation FR as there are not enough pairs
[M::mem_pestat] skip orientation RF as there are not enough pairs
[M::mem_pestat] skip orientation RR as there are not enough pairs
[M::mem_process_seqs] Processed 2 reads in 0.000 CPU sec, 0.000 real sec
[M::process] read 2 sequences (454 bp)...
[M::mem_pestat] # candidate unique pairs for (FF, FR, RF, RR): (0, 1, 0, 0)
[M::mem_pestat] skip orientation FF as there are not enough pairs
[M::mem_pestat] skip orientation FR as there are not enough pairs
[M::mem_pestat] skip orientation RF as there are not enough pairs
[M::mem_pestat] skip orientation RR as there are not enough pairs
[M::mem_process_seqs] Processed 2 reads in 0.000 CPU sec, 0.000 real sec
[M::process] read 2 sequences (502 bp)...
[M::mem_pestat] # candidate unique pairs for (FF, FR, RF, RR): (0, 1, 0, 0)
[M::mem_pestat] skip orientation FF as there are not enough pairs
[M::mem_pestat] skip orientation FR as there are not enough pairs
[M::mem_pestat] skip orientation RF as there are not enough pairs
[M::mem_pestat] skip orientation RR as there are not enough pairs
[M::mem_process_seqs] Processed 2 reads in 0.000 CPU sec, 0.000 real sec
[M::process] read 2 sequences (487 bp)...
[M::mem_pestat] # candidate unique pairs for (FF, FR, RF, RR): (0, 1, 0, 0)
[M::mem_pestat] skip orientation FF as there are not enough pairs
[M::mem_pestat] skip orientation FR as there are not enough pairs
[M::mem_pestat] skip orientation RF as there are not enough pairs
[M::mem_pestat] skip orientation RR as there are not enough pairs
[M::mem_process_seqs] Processed 2 reads in 0.000 CPU sec, 0.000 real sec
[M::process] read 2 sequences (502 bp)...
[M::mem_pestat] # candidate unique pairs for (FF, FR, RF, RR): (0, 1, 0, 0)
[M::mem_pestat] skip orientation FF as there are not enough pairs
[M::mem_pestat] skip orientation FR as there are not enough pairs
[M::mem_pestat] skip orientation RF as there are not enough pairs
[M::mem_pestat] skip orientation RR as there are not enough pairs
[M::mem_process_seqs] Processed 2 reads in 0.000 CPU sec, 0.000 real sec
[M::process] read 2 sequences (496 bp)...
[M::mem_pestat] # candidate unique pairs for (FF, FR, RF, RR): (0, 1, 0, 0)
[M::mem_pestat] skip orientation FF as there are not enough pairs
[M::mem_pestat] skip orientation FR as there are not enough pairs
[M::mem_pestat] skip orientation RF as there are not enough pairs
[M::mem_pestat] skip orientation RR as there are not enough pairs
[M::mem_process_seqs] Processed 2 reads in 0.000 CPU sec, 0.000 real sec
[M::process] read 2 sequences (498 bp)...
[M::mem_pestat] # candidate unique pairs for (FF, FR, RF, RR): (0, 1, 0, 0)
[M::mem_pestat] skip orientation FF as there are not enough pairs
[M::mem_pestat] skip orientation FR as there are not enough pairs
[M::mem_pestat] skip orientation RF as there are not enough pairs
[M::mem_pestat] skip orientation RR as there are not enough pairs
[M::mem_process_seqs] Processed 2 reads in 0.000 CPU sec, 0.001 real sec
[M::process] read 2 sequences (428 bp)...
[M::mem_pestat] # candidate unique pairs for (FF, FR, RF, RR): (0, 1, 0, 0)
[M::mem_pestat] skip orientation FF as there are not enough pairs
[M::mem_pestat] skip orientation FR as there are not enough pairs
[M::mem_pestat] skip orientation RF as there are not enough pairs
[M::mem_pestat] skip orientation RR as there are not enough pairs
[M::mem_process_seqs] Processed 2 reads in 0.000 CPU sec, 0.000 real sec
[M::process] read 2 sequences (502 bp)...
[M::mem_pestat] # candidate unique pairs for (FF, FR, RF, RR): (0, 1, 0, 0)
[M::mem_pestat] skip orientation FF as there are not enough pairs
[M::mem_pestat] skip orientation FR as there are not enough pairs
[M::mem_pestat] skip orientation RF as there are not enough pairs
[M::mem_pestat] skip orientation RR as there are not enough pairs
[M::mem_process_seqs] Processed 2 reads in 0.000 CPU sec, 0.000 real sec
[M::process] read 2 sequences (496 bp)...
[M::mem_pestat] # candidate unique pairs for (FF, FR, RF, RR): (0, 1, 0, 0)
[M::mem_pestat] skip orientation FF as there are not enough pairs
[M::mem_pestat] skip orientation FR as there are not enough pairs
[M::mem_pestat] skip orientation RF as there are not enough pairs
[M::mem_pestat] skip orientation RR as there are not enough pairs
[M::mem_process_seqs] Processed 2 reads in 0.000 CPU sec, 0.000 real sec
[M::process] read 2 sequences (426 bp)...
[M::mem_pestat] # candidate unique pairs for (FF, FR, RF, RR): (0, 1, 0, 0)
[M::mem_pestat] skip orientation FF as there are not enough pairs
[M::mem_pestat] skip orientation FR as there are not enough pairs
[M::mem_pestat] skip orientation RF as there are not enough pairs
[M::mem_pestat] skip orientation RR as there are not enough pairs
[M::mem_process_seqs] Processed 2 reads in 0.000 CPU sec, 0.000 real sec
[M::process] read 2 sequences (362 bp)...
[M::mem_pestat] # candidate unique pairs for (FF, FR, RF, RR): (0, 1, 0, 0)
[M::mem_pestat] skip orientation FF as there are not enough pairs
[M::mem_pestat] skip orientation FR as there are not enough pairs
[M::mem_pestat] skip orientation RF as there are not enough pairs
[M::mem_pestat] skip orientation RR as there are not enough pairs
[M::mem_process_seqs] Processed 2 reads in 0.000 CPU sec, 0.000 real sec
[M::process] read 2 sequences (348 bp)...
[M::mem_pestat] # candidate unique pairs for (FF, FR, RF, RR): (0, 1, 0, 0)
[M::mem_pestat] skip orientation FF as there are not enough pairs
[M::mem_pestat] skip orientation FR as there are not enough pairs
[M::mem_pestat] skip orientation RF as there are not enough pairs
[M::mem_pestat] skip orientation RR as there are not enough pairs
[M::mem_process_seqs] Processed 2 reads in 0.000 CPU sec, 0.000 real sec
[M::process] read 2 sequences (502 bp)...
[M::mem_pestat] # candidate unique pairs for (FF, FR, RF, RR): (0, 1, 0, 0)
[M::mem_pestat] skip orientation FF as there are not enough pairs
[M::mem_pestat] skip orientation FR as there are not enough pairs
[M::mem_pestat] skip orientation RF as there are not enough pairs
[M::mem_pestat] skip orientation RR as there are not enough pairs
[M::mem_process_seqs] Processed 2 reads in 0.000 CPU sec, 0.000 real sec
[M::process] read 2 sequences (402 bp)...
[M::mem_pestat] # candidate unique pairs for (FF, FR, RF, RR): (0, 1, 0, 0)
[M::mem_pestat] skip orientation FF as there are not enough pairs
[M::mem_pestat] skip orientation FR as there are not enough pairs
[M::mem_pestat] skip orientation RF as there are not enough pairs
[M::mem_pestat] skip orientation RR as there are not enough pairs
[M::mem_process_seqs] Processed 2 reads in 0.000 CPU sec, 0.000 real sec
[M::process] read 2 sequences (446 bp)...
[M::mem_pestat] # candidate unique pairs for (FF, FR, RF, RR): (0, 1, 0, 0)
[M::mem_pestat] skip orientation FF as there are not enough pairs
[M::mem_pestat] skip orientation FR as there are not enough pairs
[M::mem_pestat] skip orientation RF as there are not enough pairs
[M::mem_pestat] skip orientation RR as there are not enough pairs
[M::mem_process_seqs] Processed 2 reads in 0.000 CPU sec, 0.000 real sec
[M::process] read 2 sequences (456 bp)...
[M::mem_pestat] # candidate unique pairs for (FF, FR, RF, RR): (0, 1, 0, 0)
[M::mem_pestat] skip orientation FF as there are not enough pairs
[M::mem_pestat] skip orientation FR as there are not enough pairs
[M::mem_pestat] skip orientation RF as there are not enough pairs
[M::mem_pestat] skip orientation RR as there are not enough pairs
[M::mem_process_seqs] Processed 2 reads in 0.000 CPU sec, 0.000 real sec
[M::process] read 2 sequences (382 bp)...
[M::mem_pestat] # candidate unique pairs for (FF, FR, RF, RR): (0, 1, 0, 0)
[M::mem_pestat] skip orientation FF as there are not enough pairs
[M::mem_pestat] skip orientation FR as there are not enough pairs
[M::mem_pestat] skip orientation RF as there are not enough pairs
[M::mem_pestat] skip orientation RR as there are not enough pairs
[M::mem_process_seqs] Processed 2 reads in 0.000 CPU sec, 0.000 real sec
[M::process] read 2 sequences (346 bp)...
[M::mem_pestat] # candidate unique pairs for (FF, FR, RF, RR): (0, 1, 0, 0)
[M::mem_pestat] skip orientation FF as there are not enough pairs
[M::mem_pestat] skip orientation FR as there are not enough pairs
[M::mem_pestat] skip orientation RF as there are not enough pairs
[M::mem_pestat] skip orientation RR as there are not enough pairs
[M::mem_process_seqs] Processed 2 reads in 0.000 CPU sec, 0.000 real sec
[M::process] read 2 sequences (256 bp)...
[M::mem_pestat] # candidate unique pairs for (FF, FR, RF, RR): (0, 1, 0, 0)
[M::mem_pestat] skip orientation FF as there are not enough pairs
[M::mem_pestat] skip orientation FR as there are not enough pairs
[M::mem_pestat] skip orientation RF as there are not enough pairs
[M::mem_pestat] skip orientation RR as there are not enough pairs
[M::mem_process_seqs] Processed 2 reads in 0.000 CPU sec, 0.000 real sec
[M::process] read 2 sequences (497 bp)...
[M::mem_pestat] # candidate unique pairs for (FF, FR, RF, RR): (0, 1, 0, 0)
[M::mem_pestat] skip orientation FF as there are not enough pairs
[M::mem_pestat] skip orientation FR as there are not enough pairs
[M::mem_pestat] skip orientation RF as there are not enough pairs
[M::mem_pestat] skip orientation RR as there are not enough pairs
[M::mem_process_seqs] Processed 2 reads in 0.000 CPU sec, 0.000 real sec
[M::process] read 2 sequences (278 bp)...
[M::mem_pestat] # candidate unique pairs for (FF, FR, RF, RR): (0, 1, 0, 0)
[M::mem_pestat] skip orientation FF as there are not enough pairs
[M::mem_pestat] skip orientation FR as there are not enough pairs
[M::mem_pestat] skip orientation RF as there are not enough pairs
[M::mem_pestat] skip orientation RR as there are not enough pairs
[M::mem_process_seqs] Processed 2 reads in 0.000 CPU sec, 0.000 real sec
[M::process] read 2 sequences (394 bp)...
[M::mem_pestat] # candidate unique pairs for (FF, FR, RF, RR): (0, 1, 0, 0)
[M::mem_pestat] skip orientation FF as there are not enough pairs
[M::mem_pestat] skip orientation FR as there are not enough pairs
[M::mem_pestat] skip orientation RF as there are not enough pairs
[M::mem_pestat] skip orientation RR as there are not enough pairs
[M::mem_process_seqs] Processed 2 reads in 0.000 CPU sec, 0.000 real sec
[M::process] read 2 sequences (444 bp)...
[M::mem_pestat] # candidate unique pairs for (FF, FR, RF, RR): (0, 1, 0, 0)
[M::mem_pestat] skip orientation FF as there are not enough pairs
[M::mem_pestat] skip orientation FR as there are not enough pairs
[M::mem_pestat] skip orientation RF as there are not enough pairs
[M::mem_pestat] skip orientation RR as there are not enough pairs
[M::mem_process_seqs] Processed 2 reads in 0.000 CPU sec, 0.000 real sec
[M::process] read 2 sequences (254 bp)...
[M::mem_pestat] # candidate unique pairs for (FF, FR, RF, RR): (0, 1, 0, 0)
[M::mem_pestat] skip orientation FF as there are not enough pairs
[M::mem_pestat] skip orientation FR as there are not enough pairs
[M::mem_pestat] skip orientation RF as there are not enough pairs
[M::mem_pestat] skip orientation RR as there are not enough pairs
[M::mem_process_seqs] Processed 2 reads in 0.000 CPU sec, 0.000 real sec
[M::process] read 2 sequences (486 bp)...
[M::mem_pestat] # candidate unique pairs for (FF, FR, RF, RR): (0, 1, 0, 0)
[M::mem_pestat] skip orientation FF as there are not enough pairs
[M::mem_pestat] skip orientation FR as there are not enough pairs
[M::mem_pestat] skip orientation RF as there are not enough pairs
[M::mem_pestat] skip orientation RR as there are not enough pairs
[M::mem_process_seqs] Processed 2 reads in 0.000 CPU sec, 0.000 real sec
[M::process] read 2 sequences (330 bp)...
[M::mem_pestat] # candidate unique pairs for (FF, FR, RF, RR): (0, 1, 0, 0)
[M::mem_pestat] skip orientation FF as there are not enough pairs
[M::mem_pestat] skip orientation FR as there are not enough pairs
[M::mem_pestat] skip orientation RF as there are not enough pairs
[M::mem_pestat] skip orientation RR as there are not enough pairs
[M::mem_process_seqs] Processed 2 reads in 0.000 CPU sec, 0.000 real sec
[M::process] read 2 sequences (416 bp)...
[M::mem_pestat] # candidate unique pairs for (FF, FR, RF, RR): (0, 1, 0, 0)
[M::mem_pestat] skip orientation FF as there are not enough pairs
[M::mem_pestat] skip orientation FR as there are not enough pairs
[M::mem_pestat] skip orientation RF as there are not enough pairs
[M::mem_pestat] skip orientation RR as there are not enough pairs
[M::mem_process_seqs] Processed 2 reads in 0.000 CPU sec, 0.000 real sec
[M::process] read 2 sequences (502 bp)...
[M::mem_pestat] # candidate unique pairs for (FF, FR, RF, RR): (0, 1, 0, 0)
[M::mem_pestat] skip orientation FF as there are not enough pairs
[M::mem_pestat] skip orientation FR as there are not enough pairs
[M::mem_pestat] skip orientation RF as there are not enough pairs
[M::mem_pestat] skip orientation RR as there are not enough pairs
[M::mem_process_seqs] Processed 2 reads in 0.000 CPU sec, 0.000 real sec
[M::process] read 2 sequences (484 bp)...
[M::mem_pestat] # candidate unique pairs for (FF, FR, RF, RR): (0, 1, 0, 0)
[M::mem_pestat] skip orientation FF as there are not enough pairs
[M::mem_pestat] skip orientation FR as there are not enough pairs
[M::mem_pestat] skip orientation RF as there are not enough pairs
[M::mem_pestat] skip orientation RR as there are not enough pairs
[M::mem_process_seqs] Processed 2 reads in 0.000 CPU sec, 0.001 real sec
[M::process] read 2 sequences (422 bp)...
[M::mem_pestat] # candidate unique pairs for (FF, FR, RF, RR): (0, 1, 0, 0)
[M::mem_pestat] skip orientation FF as there are not enough pairs
[M::mem_pestat] skip orientation FR as there are not enough pairs
[M::mem_pestat] skip orientation RF as there are not enough pairs
[M::mem_pestat] skip orientation RR as there are not enough pairs
[M::mem_process_seqs] Processed 2 reads in 0.000 CPU sec, 0.000 real sec
[M::process] read 2 sequences (474 bp)...
[M::mem_pestat] # candidate unique pairs for (FF, FR, RF, RR): (0, 1, 0, 0)
[M::mem_pestat] skip orientation FF as there are not enough pairs
[M::mem_pestat] skip orientation FR as there are not enough pairs
[M::mem_pestat] skip orientation RF as there are not enough pairs
[M::mem_pestat] skip orientation RR as there are not enough pairs
[M::mem_process_seqs] Processed 2 reads in 0.000 CPU sec, 0.001 real sec
[M::process] read 2 sequences (489 bp)...
[M::mem_pestat] # candidate unique pairs for (FF, FR, RF, RR): (0, 1, 0, 0)
[M::mem_pestat] skip orientation FF as there are not enough pairs
[M::mem_pestat] skip orientation FR as there are not enough pairs
[M::mem_pestat] skip orientation RF as there are not enough pairs
[M::mem_pestat] skip orientation RR as there are not enough pairs
[M::mem_process_seqs] Processed 2 reads in 0.000 CPU sec, 0.000 real sec
[M::process] read 2 sequences (502 bp)...
[M::mem_pestat] # candidate unique pairs for (FF, FR, RF, RR): (0, 1, 0, 0)
[M::mem_pestat] skip orientation FF as there are not enough pairs
[M::mem_pestat] skip orientation FR as there are not enough pairs
[M::mem_pestat] skip orientation RF as there are not enough pairs
[M::mem_pestat] skip orientation RR as there are not enough pairs
[M::mem_process_seqs] Processed 2 reads in 0.000 CPU sec, 0.000 real sec
[M::process] read 2 sequences (495 bp)...
[M::mem_pestat] # candidate unique pairs for (FF, FR, RF, RR): (0, 1, 0, 0)
[M::mem_pestat] skip orientation FF as there are not enough pairs
[M::mem_pestat] skip orientation FR as there are not enough pairs
[M::mem_pestat] skip orientation RF as there are not enough pairs
[M::mem_pestat] skip orientation RR as there are not enough pairs
[M::mem_process_seqs] Processed 2 reads in 0.000 CPU sec, 0.000 real sec
[M::process] read 2 sequences (418 bp)...
[M::mem_pestat] # candidate unique pairs for (FF, FR, RF, RR): (0, 1, 0, 0)
[M::mem_pestat] skip orientation FF as there are not enough pairs
[M::mem_pestat] skip orientation FR as there are not enough pairs
[M::mem_pestat] skip orientation RF as there are not enough pairs
[M::mem_pestat] skip orientation RR as there are not enough pairs
[M::mem_process_seqs] Processed 2 reads in 0.000 CPU sec, 0.000 real sec
[M::process] read 2 sequences (496 bp)...
[M::mem_pestat] # candidate unique pairs for (FF, FR, RF, RR): (0, 1, 0, 0)
[M::mem_pestat] skip orientation FF as there are not enough pairs
[M::mem_pestat] skip orientation FR as there are not enough pairs
[M::mem_pestat] skip orientation RF as there are not enough pairs
[M::mem_pestat] skip orientation RR as there are not enough pairs
[M::mem_process_seqs] Processed 2 reads in 0.000 CPU sec, 0.000 real sec
[M::process] read 2 sequences (502 bp)...
[M::mem_pestat] # candidate unique pairs for (FF, FR, RF, RR): (0, 1, 0, 0)
[M::mem_pestat] skip orientation FF as there are not enough pairs
[M::mem_pestat] skip orientation FR as there are not enough pairs
[M::mem_pestat] skip orientation RF as there are not enough pairs
[M::mem_pestat] skip orientation RR as there are not enough pairs
[M::mem_process_seqs] Processed 2 reads in 0.000 CPU sec, 0.000 real sec
[M::process] read 2 sequences (338 bp)...
[M::mem_pestat] # candidate unique pairs for (FF, FR, RF, RR): (0, 1, 0, 0)
[M::mem_pestat] skip orientation FF as there are not enough pairs
[M::mem_pestat] skip orientation FR as there are not enough pairs
[M::mem_pestat] skip orientation RF as there are not enough pairs
[M::mem_pestat] skip orientation RR as there are not enough pairs
[M::mem_process_seqs] Processed 2 reads in 0.000 CPU sec, 0.000 real sec
[M::process] read 2 sequences (442 bp)...
[M::mem_pestat] # candidate unique pairs for (FF, FR, RF, RR): (0, 1, 0, 0)
[M::mem_pestat] skip orientation FF as there are not enough pairs
[M::mem_pestat] skip orientation FR as there are not enough pairs
[M::mem_pestat] skip orientation RF as there are not enough pairs
[M::mem_pestat] skip orientation RR as there are not enough pairs
[M::mem_process_seqs] Processed 2 reads in 0.000 CPU sec, 0.000 real sec
[M::process] read 2 sequences (348 bp)...
[M::mem_pestat] # candidate unique pairs for (FF, FR, RF, RR): (0, 1, 0, 0)
[M::mem_pestat] skip orientation FF as there are not enough pairs
[M::mem_pestat] skip orientation FR as there are not enough pairs
[M::mem_pestat] skip orientation RF as there are not enough pairs
[M::mem_pestat] skip orientation RR as there are not enough pairs
[M::mem_process_seqs] Processed 2 reads in 0.000 CPU sec, 0.000 real sec
[M::process] read 2 sequences (476 bp)...
[M::mem_pestat] # candidate unique pairs for (FF, FR, RF, RR): (0, 1, 0, 0)
[M::mem_pestat] skip orientation FF as there are not enough pairs
[M::mem_pestat] skip orientation FR as there are not enough pairs
[M::mem_pestat] skip orientation RF as there are not enough pairs
[M::mem_pestat] skip orientation RR as there are not enough pairs
[M::mem_process_seqs] Processed 2 reads in 0.000 CPU sec, 0.000 real sec
[M::process] read 2 sequences (346 bp)...
[M::mem_pestat] # candidate unique pairs for (FF, FR, RF, RR): (0, 1, 0, 0)
[M::mem_pestat] skip orientation FF as there are not enough pairs
[M::mem_pestat] skip orientation FR as there are not enough pairs
[M::mem_pestat] skip orientation RF as there are not enough pairs
[M::mem_pestat] skip orientation RR as there are not enough pairs
[M::mem_process_seqs] Processed 2 reads in 0.000 CPU sec, 0.000 real sec
[M::process] read 2 sequences (298 bp)...
[M::mem_pestat] # candidate unique pairs for (FF, FR, RF, RR): (0, 1, 0, 0)
[M::mem_pestat] skip orientation FF as there are not enough pairs
[M::mem_pestat] skip orientation FR as there are not enough pairs
[M::mem_pestat] skip orientation RF as there are not enough pairs
[M::mem_pestat] skip orientation RR as there are not enough pairs
[M::mem_process_seqs] Processed 2 reads in 0.000 CPU sec, 0.000 real sec
[M::process] read 2 sequences (404 bp)...
[M::mem_pestat] # candidate unique pairs for (FF, FR, RF, RR): (0, 1, 0, 0)
[M::mem_pestat] skip orientation FF as there are not enough pairs
[M::mem_pestat] skip orientation FR as there are not enough pairs
[M::mem_pestat] skip orientation RF as there are not enough pairs
[M::mem_pestat] skip orientation RR as there are not enough pairs
[M::mem_process_seqs] Processed 2 reads in 0.000 CPU sec, 0.000 real sec
[M::process] read 2 sequences (489 bp)...
[M::mem_pestat] # candidate unique pairs for (FF, FR, RF, RR): (0, 1, 0, 0)
[M::mem_pestat] skip orientation FF as there are not enough pairs
[M::mem_pestat] skip orientation FR as there are not enough pairs
[M::mem_pestat] skip orientation RF as there are not enough pairs
[M::mem_pestat] skip orientation RR as there are not enough pairs
[M::mem_process_seqs] Processed 2 reads in 0.000 CPU sec, 0.000 real sec
[M::process] read 2 sequences (480 bp)...
[M::mem_pestat] # candidate unique pairs for (FF, FR, RF, RR): (0, 1, 0, 0)
[M::mem_pestat] skip orientation FF as there are not enough pairs
[M::mem_pestat] skip orientation FR as there are not enough pairs
[M::mem_pestat] skip orientation RF as there are not enough pairs
[M::mem_pestat] skip orientation RR as there are not enough pairs
[M::mem_process_seqs] Processed 2 reads in 0.000 CPU sec, 0.000 real sec
[M::process] read 2 sequences (358 bp)...
[M::mem_pestat] # candidate unique pairs for (FF, FR, RF, RR): (0, 1, 0, 0)
[M::mem_pestat] skip orientation FF as there are not enough pairs
[M::mem_pestat] skip orientation FR as there are not enough pairs
[M::mem_pestat] skip orientation RF as there are not enough pairs
[M::mem_pestat] skip orientation RR as there are not enough pairs
[M::mem_process_seqs] Processed 2 reads in 0.000 CPU sec, 0.000 real sec
[M::process] read 2 sequences (496 bp)...
[M::mem_pestat] # candidate unique pairs for (FF, FR, RF, RR): (0, 1, 0, 0)
[M::mem_pestat] skip orientation FF as there are not enough pairs
[M::mem_pestat] skip orientation FR as there are not enough pairs
[M::mem_pestat] skip orientation RF as there are not enough pairs
[M::mem_pestat] skip orientation RR as there are not enough pairs
[M::mem_process_seqs] Processed 2 reads in 0.000 CPU sec, 0.000 real sec
[M::process] read 2 sequences (494 bp)...
[M::mem_pestat] # candidate unique pairs for (FF, FR, RF, RR): (0, 1, 0, 0)
[M::mem_pestat] skip orientation FF as there are not enough pairs
[M::mem_pestat] skip orientation FR as there are not enough pairs
[M::mem_pestat] skip orientation RF as there are not enough pairs
[M::mem_pestat] skip orientation RR as there are not enough pairs
[M::mem_process_seqs] Processed 2 reads in 0.000 CPU sec, 0.000 real sec
[M::process] read 2 sequences (502 bp)...
[M::mem_pestat] # candidate unique pairs for (FF, FR, RF, RR): (0, 1, 0, 0)
[M::mem_pestat] skip orientation FF as there are not enough pairs
[M::mem_pestat] skip orientation FR as there are not enough pairs
[M::mem_pestat] skip orientation RF as there are not enough pairs
[M::mem_pestat] skip orientation RR as there are not enough pairs
[M::mem_process_seqs] Processed 2 reads in 0.000 CPU sec, 0.000 real sec
[M::process] read 2 sequences (491 bp)...
[M::mem_pestat] # candidate unique pairs for (FF, FR, RF, RR): (0, 1, 0, 0)
[M::mem_pestat] skip orientation FF as there are not enough pairs
[M::mem_pestat] skip orientation FR as there are not enough pairs
[M::mem_pestat] skip orientation RF as there are not enough pairs
[M::mem_pestat] skip orientation RR as there are not enough pairs
[M::mem_process_seqs] Processed 2 reads in 0.000 CPU sec, 0.000 real sec
[M::process] read 2 sequences (408 bp)...
[M::mem_pestat] # candidate unique pairs for (FF, FR, RF, RR): (0, 1, 0, 0)
[M::mem_pestat] skip orientation FF as there are not enough pairs
[M::mem_pestat] skip orientation FR as there are not enough pairs
[M::mem_pestat] skip orientation RF as there are not enough pairs
[M::mem_pestat] skip orientation RR as there are not enough pairs
[M::mem_process_seqs] Processed 2 reads in 0.000 CPU sec, 0.000 real sec
[M::process] read 2 sequences (420 bp)...
[M::mem_pestat] # candidate unique pairs for (FF, FR, RF, RR): (0, 1, 0, 0)
[M::mem_pestat] skip orientation FF as there are not enough pairs
[M::mem_pestat] skip orientation FR as there are not enough pairs
[M::mem_pestat] skip orientation RF as there are not enough pairs
[M::mem_pestat] skip orientation RR as there are not enough pairs
[M::mem_process_seqs] Processed 2 reads in 0.000 CPU sec, 0.000 real sec
[M::process] read 2 sequences (502 bp)...
[M::mem_pestat] # candidate unique pairs for (FF, FR, RF, RR): (0, 1, 0, 0)
[M::mem_pestat] skip orientation FF as there are not enough pairs
[M::mem_pestat] skip orientation FR as there are not enough pairs
[M::mem_pestat] skip orientation RF as there are not enough pairs
[M::mem_pestat] skip orientation RR as there are not enough pairs
[M::mem_process_seqs] Processed 2 reads in 0.000 CPU sec, 0.000 real sec
[M::process] read 2 sequences (494 bp)...
[M::mem_pestat] # candidate unique pairs for (FF, FR, RF, RR): (0, 1, 0, 0)
[M::mem_pestat] skip orientation FF as there are not enough pairs
[M::mem_pestat] skip orientation FR as there are not enough pairs
[M::mem_pestat] skip orientation RF as there are not enough pairs
[M::mem_pestat] skip orientation RR as there are not enough pairs
[M::mem_process_seqs] Processed 2 reads in 0.000 CPU sec, 0.000 real sec
[M::process] read 2 sequences (464 bp)...
[M::mem_pestat] # candidate unique pairs for (FF, FR, RF, RR): (0, 1, 0, 0)
[M::mem_pestat] skip orientation FF as there are not enough pairs
[M::mem_pestat] skip orientation FR as there are not enough pairs
[M::mem_pestat] skip orientation RF as there are not enough pairs
[M::mem_pestat] skip orientation RR as there are not enough pairs
[M::mem_process_seqs] Processed 2 reads in 0.000 CPU sec, 0.000 real sec
[M::process] read 2 sequences (488 bp)...
[M::mem_pestat] # candidate unique pairs for (FF, FR, RF, RR): (0, 1, 0, 0)
[M::mem_pestat] skip orientation FF as there are not enough pairs
[M::mem_pestat] skip orientation FR as there are not enough pairs
[M::mem_pestat] skip orientation RF as there are not enough pairs
[M::mem_pestat] skip orientation RR as there are not enough pairs
[M::mem_process_seqs] Processed 2 reads in 0.000 CPU sec, 0.000 real sec
[M::process] read 2 sequences (488 bp)...
[M::mem_pestat] # candidate unique pairs for (FF, FR, RF, RR): (0, 1, 0, 0)
[M::mem_pestat] skip orientation FF as there are not enough pairs
[M::mem_pestat] skip orientation FR as there are not enough pairs
[M::mem_pestat] skip orientation RF as there are not enough pairs
[M::mem_pestat] skip orientation RR as there are not enough pairs
[M::mem_process_seqs] Processed 2 reads in 0.000 CPU sec, 0.000 real sec
[M::process] read 2 sequences (482 bp)...
[M::mem_pestat] # candidate unique pairs for (FF, FR, RF, RR): (0, 1, 0, 0)
[M::mem_pestat] skip orientation FF as there are not enough pairs
[M::mem_pestat] skip orientation FR as there are not enough pairs
[M::mem_pestat] skip orientation RF as there are not enough pairs
[M::mem_pestat] skip orientation RR as there are not enough pairs
[M::mem_process_seqs] Processed 2 reads in 0.000 CPU sec, 0.000 real sec
[M::process] read 2 sequences (502 bp)...
[M::mem_pestat] # candidate unique pairs for (FF, FR, RF, RR): (0, 1, 0, 0)
[M::mem_pestat] skip orientation FF as there are not enough pairs
[M::mem_pestat] skip orientation FR as there are not enough pairs
[M::mem_pestat] skip orientation RF as there are not enough pairs
[M::mem_pestat] skip orientation RR as there are not enough pairs
[M::mem_process_seqs] Processed 2 reads in 0.000 CPU sec, 0.000 real sec
[M::process] read 2 sequences (498 bp)...
[M::mem_pestat] # candidate unique pairs for (FF, FR, RF, RR): (0, 1, 0, 0)
[M::mem_pestat] skip orientation FF as there are not enough pairs
[M::mem_pestat] skip orientation FR as there are not enough pairs
[M::mem_pestat] skip orientation RF as there are not enough pairs
[M::mem_pestat] skip orientation RR as there are not enough pairs
[M::mem_process_seqs] Processed 2 reads in 0.000 CPU sec, 0.000 real sec
[M::process] read 2 sequences (392 bp)...
[M::mem_pestat] # candidate unique pairs for (FF, FR, RF, RR): (0, 1, 0, 0)
[M::mem_pestat] skip orientation FF as there are not enough pairs
[M::mem_pestat] skip orientation FR as there are not enough pairs
[M::mem_pestat] skip orientation RF as there are not enough pairs
[M::mem_pestat] skip orientation RR as there are not enough pairs
[M::mem_process_seqs] Processed 2 reads in 0.000 CPU sec, 0.000 real sec
[M::process] read 2 sequences (498 bp)...
[M::mem_pestat] # candidate unique pairs for (FF, FR, RF, RR): (0, 1, 0, 0)
[M::mem_pestat] skip orientation FF as there are not enough pairs
[M::mem_pestat] skip orientation FR as there are not enough pairs
[M::mem_pestat] skip orientation RF as there are not enough pairs
[M::mem_pestat] skip orientation RR as there are not enough pairs
[M::mem_process_seqs] Processed 2 reads in 0.000 CPU sec, 0.000 real sec
[M::process] read 2 sequences (304 bp)...
[M::mem_pestat] # candidate unique pairs for (FF, FR, RF, RR): (0, 1, 0, 0)
[M::mem_pestat] skip orientation FF as there are not enough pairs
[M::mem_pestat] skip orientation FR as there are not enough pairs
[M::mem_pestat] skip orientation RF as there are not enough pairs
[M::mem_pestat] skip orientation RR as there are not enough pairs
[M::mem_process_seqs] Processed 2 reads in 0.000 CPU sec, 0.001 real sec
[M::process] read 2 sequences (502 bp)...
[M::mem_pestat] # candidate unique pairs for (FF, FR, RF, RR): (0, 1, 0, 0)
[M::mem_pestat] skip orientation FF as there are not enough pairs
[M::mem_pestat] skip orientation FR as there are not enough pairs
[M::mem_pestat] skip orientation RF as there are not enough pairs
[M::mem_pestat] skip orientation RR as there are not enough pairs
[M::mem_process_seqs] Processed 2 reads in 0.000 CPU sec, 0.000 real sec
[M::process] read 2 sequences (489 bp)...
[M::mem_pestat] # candidate unique pairs for (FF, FR, RF, RR): (0, 1, 0, 0)
[M::mem_pestat] skip orientation FF as there are not enough pairs
[M::mem_pestat] skip orientation FR as there are not enough pairs
[M::mem_pestat] skip orientation RF as there are not enough pairs
[M::mem_pestat] skip orientation RR as there are not enough pairs
[M::mem_process_seqs] Processed 2 reads in 0.000 CPU sec, 0.000 real sec
[M::process] read 2 sequences (502 bp)...
[M::mem_pestat] # candidate unique pairs for (FF, FR, RF, RR): (0, 1, 0, 0)
[M::mem_pestat] skip orientation FF as there are not enough pairs
[M::mem_pestat] skip orientation FR as there are not enough pairs
[M::mem_pestat] skip orientation RF as there are not enough pairs
[M::mem_pestat] skip orientation RR as there are not enough pairs
[M::mem_process_seqs] Processed 2 reads in 0.000 CPU sec, 0.000 real sec
[M::process] read 2 sequences (314 bp)...
[M::mem_pestat] # candidate unique pairs for (FF, FR, RF, RR): (0, 1, 0, 0)
[M::mem_pestat] skip orientation FF as there are not enough pairs
[M::mem_pestat] skip orientation FR as there are not enough pairs
[M::mem_pestat] skip orientation RF as there are not enough pairs
[M::mem_pestat] skip orientation RR as there are not enough pairs
[M::mem_process_seqs] Processed 2 reads in 0.000 CPU sec, 0.000 real sec
[M::process] read 2 sequences (488 bp)...
[M::mem_pestat] # candidate unique pairs for (FF, FR, RF, RR): (0, 1, 0, 0)
[M::mem_pestat] skip orientation FF as there are not enough pairs
[M::mem_pestat] skip orientation FR as there are not enough pairs
[M::mem_pestat] skip orientation RF as there are not enough pairs
[M::mem_pestat] skip orientation RR as there are not enough pairs
[M::mem_process_seqs] Processed 2 reads in 0.000 CPU sec, 0.000 real sec
[M::process] read 2 sequences (480 bp)...
[M::mem_pestat] # candidate unique pairs for (FF, FR, RF, RR): (0, 1, 0, 0)
[M::mem_pestat] skip orientation FF as there are not enough pairs
[M::mem_pestat] skip orientation FR as there are not enough pairs
[M::mem_pestat] skip orientation RF as there are not enough pairs
[M::mem_pestat] skip orientation RR as there are not enough pairs
[M::mem_process_seqs] Processed 2 reads in 0.000 CPU sec, 0.000 real sec
[M::process] read 2 sequences (390 bp)...
[M::mem_pestat] # candidate unique pairs for (FF, FR, RF, RR): (0, 1, 0, 0)
[M::mem_pestat] skip orientation FF as there are not enough pairs
[M::mem_pestat] skip orientation FR as there are not enough pairs
[M::mem_pestat] skip orientation RF as there are not enough pairs
[M::mem_pestat] skip orientation RR as there are not enough pairs
[M::mem_process_seqs] Processed 2 reads in 0.000 CPU sec, 0.000 real sec
[M::process] read 2 sequences (260 bp)...
[M::mem_pestat] # candidate unique pairs for (FF, FR, RF, RR): (0, 1, 0, 0)
[M::mem_pestat] skip orientation FF as there are not enough pairs
[M::mem_pestat] skip orientation FR as there are not enough pairs
[M::mem_pestat] skip orientation RF as there are not enough pairs
[M::mem_pestat] skip orientation RR as there are not enough pairs
[M::mem_process_seqs] Processed 2 reads in 0.000 CPU sec, 0.000 real sec
[M::process] read 2 sequences (434 bp)...
[M::mem_pestat] # candidate unique pairs for (FF, FR, RF, RR): (0, 1, 0, 0)
[M::mem_pestat] skip orientation FF as there are not enough pairs
[M::mem_pestat] skip orientation FR as there are not enough pairs
[M::mem_pestat] skip orientation RF as there are not enough pairs
[M::mem_pestat] skip orientation RR as there are not enough pairs
[M::mem_process_seqs] Processed 2 reads in 0.000 CPU sec, 0.000 real sec
[M::process] read 2 sequences (489 bp)...
[M::mem_pestat] # candidate unique pairs for (FF, FR, RF, RR): (0, 1, 0, 0)
[M::mem_pestat] skip orientation FF as there are not enough pairs
[M::mem_pestat] skip orientation FR as there are not enough pairs
[M::mem_pestat] skip orientation RF as there are not enough pairs
[M::mem_pestat] skip orientation RR as there are not enough pairs
[M::mem_process_seqs] Processed 2 reads in 0.000 CPU sec, 0.000 real sec
[M::process] read 2 sequences (430 bp)...
[M::mem_pestat] # candidate unique pairs for (FF, FR, RF, RR): (0, 1, 0, 0)
[M::mem_pestat] skip orientation FF as there are not enough pairs
[M::mem_pestat] skip orientation FR as there are not enough pairs
[M::mem_pestat] skip orientation RF as there are not enough pairs
[M::mem_pestat] skip orientation RR as there are not enough pairs
[M::mem_process_seqs] Processed 2 reads in 0.000 CPU sec, 0.000 real sec
[M::process] read 2 sequences (490 bp)...
[M::mem_pestat] # candidate unique pairs for (FF, FR, RF, RR): (0, 1, 0, 0)
[M::mem_pestat] skip orientation FF as there are not enough pairs
[M::mem_pestat] skip orientation FR as there are not enough pairs
[M::mem_pestat] skip orientation RF as there are not enough pairs
[M::mem_pestat] skip orientation RR as there are not enough pairs
[M::mem_process_seqs] Processed 2 reads in 0.000 CPU sec, 0.000 real sec
[M::process] read 2 sequences (436 bp)...
[M::mem_pestat] # candidate unique pairs for (FF, FR, RF, RR): (0, 1, 0, 0)
[M::mem_pestat] skip orientation FF as there are not enough pairs
[M::mem_pestat] skip orientation FR as there are not enough pairs
[M::mem_pestat] skip orientation RF as there are not enough pairs
[M::mem_pestat] skip orientation RR as there are not enough pairs
[M::mem_process_seqs] Processed 2 reads in 0.000 CPU sec, 0.000 real sec
[M::process] read 2 sequences (476 bp)...
[M::mem_pestat] # candidate unique pairs for (FF, FR, RF, RR): (0, 1, 0, 0)
[M::mem_pestat] skip orientation FF as there are not enough pairs
[M::mem_pestat] skip orientation FR as there are not enough pairs
[M::mem_pestat] skip orientation RF as there are not enough pairs
[M::mem_pestat] skip orientation RR as there are not enough pairs
[M::mem_process_seqs] Processed 2 reads in 0.000 CPU sec, 0.000 real sec
[M::process] read 2 sequences (438 bp)...
[M::mem_pestat] # candidate unique pairs for (FF, FR, RF, RR): (0, 1, 0, 0)
[M::mem_pestat] skip orientation FF as there are not enough pairs
[M::mem_pestat] skip orientation FR as there are not enough pairs
[M::mem_pestat] skip orientation RF as there are not enough pairs
[M::mem_pestat] skip orientation RR as there are not enough pairs
[M::mem_process_seqs] Processed 2 reads in 0.000 CPU sec, 0.000 real sec
[M::process] read 2 sequences (497 bp)...
[M::mem_pestat] # candidate unique pairs for (FF, FR, RF, RR): (0, 1, 0, 0)
[M::mem_pestat] skip orientation FF as there are not enough pairs
[M::mem_pestat] skip orientation FR as there are not enough pairs
[M::mem_pestat] skip orientation RF as there are not enough pairs
[M::mem_pestat] skip orientation RR as there are not enough pairs
[M::mem_process_seqs] Processed 2 reads in 0.000 CPU sec, 0.000 real sec
[M::process] read 2 sequences (484 bp)...
[M::mem_pestat] # candidate unique pairs for (FF, FR, RF, RR): (0, 1, 0, 0)
[M::mem_pestat] skip orientation FF as there are not enough pairs
[M::mem_pestat] skip orientation FR as there are not enough pairs
[M::mem_pestat] skip orientation RF as there are not enough pairs
[M::mem_pestat] skip orientation RR as there are not enough pairs
[M::mem_process_seqs] Processed 2 reads in 0.000 CPU sec, 0.000 real sec
[M::process] read 2 sequences (502 bp)...
[M::mem_pestat] # candidate unique pairs for (FF, FR, RF, RR): (0, 1, 0, 0)
[M::mem_pestat] skip orientation FF as there are not enough pairs
[M::mem_pestat] skip orientation FR as there are not enough pairs
[M::mem_pestat] skip orientation RF as there are not enough pairs
[M::mem_pestat] skip orientation RR as there are not enough pairs
[M::mem_process_seqs] Processed 2 reads in 0.000 CPU sec, 0.000 real sec
[M::process] read 2 sequences (502 bp)...
[M::mem_pestat] # candidate unique pairs for (FF, FR, RF, RR): (0, 1, 0, 0)
[M::mem_pestat] skip orientation FF as there are not enough pairs
[M::mem_pestat] skip orientation FR as there are not enough pairs
[M::mem_pestat] skip orientation RF as there are not enough pairs
[M::mem_pestat] skip orientation RR as there are not enough pairs
[M::mem_process_seqs] Processed 2 reads in 0.000 CPU sec, 0.000 real sec
[M::process] read 2 sequences (446 bp)...
[M::mem_pestat] # candidate unique pairs for (FF, FR, RF, RR): (0, 1, 0, 0)
[M::mem_pestat] skip orientation FF as there are not enough pairs
[M::mem_pestat] skip orientation FR as there are not enough pairs
[M::mem_pestat] skip orientation RF as there are not enough pairs
[M::mem_pestat] skip orientation RR as there are not enough pairs
[M::mem_process_seqs] Processed 2 reads in 0.000 CPU sec, 0.000 real sec
[M::process] read 2 sequences (502 bp)...
[M::mem_pestat] # candidate unique pairs for (FF, FR, RF, RR): (0, 1, 0, 0)
[M::mem_pestat] skip orientation FF as there are not enough pairs
[M::mem_pestat] skip orientation FR as there are not enough pairs
[M::mem_pestat] skip orientation RF as there are not enough pairs
[M::mem_pestat] skip orientation RR as there are not enough pairs
[M::mem_process_seqs] Processed 2 reads in 0.000 CPU sec, 0.000 real sec
[M::process] read 2 sequences (495 bp)...
[M::mem_pestat] # candidate unique pairs for (FF, FR, RF, RR): (0, 1, 0, 0)
[M::mem_pestat] skip orientation FF as there are not enough pairs
[M::mem_pestat] skip orientation FR as there are not enough pairs
[M::mem_pestat] skip orientation RF as there are not enough pairs
[M::mem_pestat] skip orientation RR as there are not enough pairs
[M::mem_process_seqs] Processed 2 reads in 0.000 CPU sec, 0.000 real sec
[M::process] read 2 sequences (491 bp)...
[M::mem_pestat] # candidate unique pairs for (FF, FR, RF, RR): (0, 1, 0, 0)
[M::mem_pestat] skip orientation FF as there are not enough pairs
[M::mem_pestat] skip orientation FR as there are not enough pairs
[M::mem_pestat] skip orientation RF as there are not enough pairs
[M::mem_pestat] skip orientation RR as there are not enough pairs
[M::mem_process_seqs] Processed 2 reads in 0.000 CPU sec, 0.000 real sec
[M::process] read 2 sequences (502 bp)...
[M::mem_pestat] # candidate unique pairs for (FF, FR, RF, RR): (0, 1, 0, 0)
[M::mem_pestat] skip orientation FF as there are not enough pairs
[M::mem_pestat] skip orientation FR as there are not enough pairs
[M::mem_pestat] skip orientation RF as there are not enough pairs
[M::mem_pestat] skip orientation RR as there are not enough pairs
[M::mem_process_seqs] Processed 2 reads in 0.000 CPU sec, 0.000 real sec
[M::process] read 2 sequences (499 bp)...
[M::mem_pestat] # candidate unique pairs for (FF, FR, RF, RR): (0, 1, 0, 0)
[M::mem_pestat] skip orientation FF as there are not enough pairs
[M::mem_pestat] skip orientation FR as there are not enough pairs
[M::mem_pestat] skip orientation RF as there are not enough pairs
[M::mem_pestat] skip orientation RR as there are not enough pairs
[M::mem_process_seqs] Processed 2 reads in 0.000 CPU sec, 0.000 real sec
[M::process] read 2 sequences (502 bp)...
[M::mem_pestat] # candidate unique pairs for (FF, FR, RF, RR): (0, 1, 0, 0)
[M::mem_pestat] skip orientation FF as there are not enough pairs
[M::mem_pestat] skip orientation FR as there are not enough pairs
[M::mem_pestat] skip orientation RF as there are not enough pairs
[M::mem_pestat] skip orientation RR as there are not enough pairs
[M::mem_process_seqs] Processed 2 reads in 0.000 CPU sec, 0.000 real sec
[M::process] read 2 sequences (502 bp)...
[M::mem_pestat] # candidate unique pairs for (FF, FR, RF, RR): (0, 1, 0, 0)
[M::mem_pestat] skip orientation FF as there are not enough pairs
[M::mem_pestat] skip orientation FR as there are not enough pairs
[M::mem_pestat] skip orientation RF as there are not enough pairs
[M::mem_pestat] skip orientation RR as there are not enough pairs
[M::mem_process_seqs] Processed 2 reads in 0.000 CPU sec, 0.001 real sec
[M::process] read 2 sequences (456 bp)...
[M::mem_pestat] # candidate unique pairs for (FF, FR, RF, RR): (0, 1, 0, 0)
[M::mem_pestat] skip orientation FF as there are not enough pairs
[M::mem_pestat] skip orientation FR as there are not enough pairs
[M::mem_pestat] skip orientation RF as there are not enough pairs
[M::mem_pestat] skip orientation RR as there are not enough pairs
[M::mem_process_seqs] Processed 2 reads in 0.000 CPU sec, 0.000 real sec
[M::process] read 2 sequences (498 bp)...
[M::mem_pestat] # candidate unique pairs for (FF, FR, RF, RR): (0, 1, 0, 0)
[M::mem_pestat] skip orientation FF as there are not enough pairs
[M::mem_pestat] skip orientation FR as there are not enough pairs
[M::mem_pestat] skip orientation RF as there are not enough pairs
[M::mem_pestat] skip orientation RR as there are not enough pairs
[M::mem_process_seqs] Processed 2 reads in 0.000 CPU sec, 0.001 real sec
[M::process] read 2 sequences (280 bp)...
[M::mem_pestat] # candidate unique pairs for (FF, FR, RF, RR): (0, 1, 0, 0)
[M::mem_pestat] skip orientation FF as there are not enough pairs
[M::mem_pestat] skip orientation FR as there are not enough pairs
[M::mem_pestat] skip orientation RF as there are not enough pairs
[M::mem_pestat] skip orientation RR as there are not enough pairs
[M::mem_process_seqs] Processed 2 reads in 0.000 CPU sec, 0.000 real sec
[M::process] read 2 sequences (501 bp)...
[M::mem_pestat] # candidate unique pairs for (FF, FR, RF, RR): (0, 1, 0, 0)
[M::mem_pestat] skip orientation FF as there are not enough pairs
[M::mem_pestat] skip orientation FR as there are not enough pairs
[M::mem_pestat] skip orientation RF as there are not enough pairs
[M::mem_pestat] skip orientation RR as there are not enough pairs
[M::mem_process_seqs] Processed 2 reads in 0.000 CPU sec, 0.000 real sec
[M::process] read 2 sequences (498 bp)...
[M::mem_pestat] # candidate unique pairs for (FF, FR, RF, RR): (0, 1, 0, 0)
[M::mem_pestat] skip orientation FF as there are not enough pairs
[M::mem_pestat] skip orientation FR as there are not enough pairs
[M::mem_pestat] skip orientation RF as there are not enough pairs
[M::mem_pestat] skip orientation RR as there are not enough pairs
[M::mem_process_seqs] Processed 2 reads in 0.000 CPU sec, 0.000 real sec
[M::process] read 2 sequences (502 bp)...
[M::mem_pestat] # candidate unique pairs for (FF, FR, RF, RR): (0, 1, 0, 0)
[M::mem_pestat] skip orientation FF as there are not enough pairs
[M::mem_pestat] skip orientation FR as there are not enough pairs
[M::mem_pestat] skip orientation RF as there are not enough pairs
[M::mem_pestat] skip orientation RR as there are not enough pairs
[M::mem_process_seqs] Processed 2 reads in 0.000 CPU sec, 0.000 real sec
[M::process] read 2 sequences (498 bp)...
[M::mem_pestat] # candidate unique pairs for (FF, FR, RF, RR): (0, 1, 0, 0)
[M::mem_pestat] skip orientation FF as there are not enough pairs
[M::mem_pestat] skip orientation FR as there are not enough pairs
[M::mem_pestat] skip orientation RF as there are not enough pairs
[M::mem_pestat] skip orientation RR as there are not enough pairs
[M::mem_process_seqs] Processed 2 reads in 0.000 CPU sec, 0.000 real sec
[M::process] read 2 sequences (242 bp)...
[M::mem_pestat] # candidate unique pairs for (FF, FR, RF, RR): (0, 1, 0, 0)
[M::mem_pestat] skip orientation FF as there are not enough pairs
[M::mem_pestat] skip orientation FR as there are not enough pairs
[M::mem_pestat] skip orientation RF as there are not enough pairs
[M::mem_pestat] skip orientation RR as there are not enough pairs
[M::mem_process_seqs] Processed 2 reads in 0.000 CPU sec, 0.000 real sec
[M::process] read 2 sequences (502 bp)...
[M::mem_pestat] # candidate unique pairs for (FF, FR, RF, RR): (0, 1, 0, 0)
[M::mem_pestat] skip orientation FF as there are not enough pairs
[M::mem_pestat] skip orientation FR as there are not enough pairs
[M::mem_pestat] skip orientation RF as there are not enough pairs
[M::mem_pestat] skip orientation RR as there are not enough pairs
[M::mem_process_seqs] Processed 2 reads in 0.000 CPU sec, 0.000 real sec
[M::process] read 2 sequences (501 bp)...
[M::mem_pestat] # candidate unique pairs for (FF, FR, RF, RR): (0, 1, 0, 0)
[M::mem_pestat] skip orientation FF as there are not enough pairs
[M::mem_pestat] skip orientation FR as there are not enough pairs
[M::mem_pestat] skip orientation RF as there are not enough pairs
[M::mem_pestat] skip orientation RR as there are not enough pairs
[M::mem_process_seqs] Processed 2 reads in 0.000 CPU sec, 0.000 real sec
[M::process] read 2 sequences (501 bp)...
[M::mem_pestat] # candidate unique pairs for (FF, FR, RF, RR): (0, 1, 0, 0)
[M::mem_pestat] skip orientation FF as there are not enough pairs
[M::mem_pestat] skip orientation FR as there are not enough pairs
[M::mem_pestat] skip orientation RF as there are not enough pairs
[M::mem_pestat] skip orientation RR as there are not enough pairs
[M::mem_process_seqs] Processed 2 reads in 0.000 CPU sec, 0.000 real sec
[M::process] read 2 sequences (500 bp)...
[M::mem_pestat] # candidate unique pairs for (FF, FR, RF, RR): (0, 1, 0, 0)
[M::mem_pestat] skip orientation FF as there are not enough pairs
[M::mem_pestat] skip orientation FR as there are not enough pairs
[M::mem_pestat] skip orientation RF as there are not enough pairs
[M::mem_pestat] skip orientation RR as there are not enough pairs
[M::mem_process_seqs] Processed 2 reads in 0.000 CPU sec, 0.000 real sec
[M::process] read 2 sequences (500 bp)...
[M::mem_pestat] # candidate unique pairs for (FF, FR, RF, RR): (0, 1, 0, 0)
[M::mem_pestat] skip orientation FF as there are not enough pairs
[M::mem_pestat] skip orientation FR as there are not enough pairs
[M::mem_pestat] skip orientation RF as there are not enough pairs
[M::mem_pestat] skip orientation RR as there are not enough pairs
[M::mem_process_seqs] Processed 2 reads in 0.000 CPU sec, 0.000 real sec
[M::process] read 2 sequences (246 bp)...
[M::mem_pestat] # candidate unique pairs for (FF, FR, RF, RR): (0, 1, 0, 0)
[M::mem_pestat] skip orientation FF as there are not enough pairs
[M::mem_pestat] skip orientation FR as there are not enough pairs
[M::mem_pestat] skip orientation RF as there are not enough pairs
[M::mem_pestat] skip orientation RR as there are not enough pairs
[M::mem_process_seqs] Processed 2 reads in 0.000 CPU sec, 0.000 real sec
[M::process] read 2 sequences (488 bp)...
[M::mem_pestat] # candidate unique pairs for (FF, FR, RF, RR): (0, 1, 0, 0)
[M::mem_pestat] skip orientation FF as there are not enough pairs
[M::mem_pestat] skip orientation FR as there are not enough pairs
[M::mem_pestat] skip orientation RF as there are not enough pairs
[M::mem_pestat] skip orientation RR as there are not enough pairs
[M::mem_process_seqs] Processed 2 reads in 0.000 CPU sec, 0.000 real sec
[M::process] read 2 sequences (501 bp)...
[M::mem_pestat] # candidate unique pairs for (FF, FR, RF, RR): (0, 1, 0, 0)
[M::mem_pestat] skip orientation FF as there are not enough pairs
[M::mem_pestat] skip orientation FR as there are not enough pairs
[M::mem_pestat] skip orientation RF as there are not enough pairs
[M::mem_pestat] skip orientation RR as there are not enough pairs
[M::mem_process_seqs] Processed 2 reads in 0.000 CPU sec, 0.000 real sec
[M::process] read 2 sequences (496 bp)...
[M::mem_pestat] # candidate unique pairs for (FF, FR, RF, RR): (0, 1, 0, 0)
[M::mem_pestat] skip orientation FF as there are not enough pairs
[M::mem_pestat] skip orientation FR as there are not enough pairs
[M::mem_pestat] skip orientation RF as there are not enough pairs
[M::mem_pestat] skip orientation RR as there are not enough pairs
[M::mem_process_seqs] Processed 2 reads in 0.000 CPU sec, 0.000 real sec
[M::process] read 2 sequences (384 bp)...
[M::mem_pestat] # candidate unique pairs for (FF, FR, RF, RR): (0, 1, 0, 0)
[M::mem_pestat] skip orientation FF as there are not enough pairs
[M::mem_pestat] skip orientation FR as there are not enough pairs
[M::mem_pestat] skip orientation RF as there are not enough pairs
[M::mem_pestat] skip orientation RR as there are not enough pairs
[M::mem_process_seqs] Processed 2 reads in 0.000 CPU sec, 0.000 real sec
[M::process] read 2 sequences (444 bp)...
[M::mem_pestat] # candidate unique pairs for (FF, FR, RF, RR): (0, 1, 0, 0)
[M::mem_pestat] skip orientation FF as there are not enough pairs
[M::mem_pestat] skip orientation FR as there are not enough pairs
[M::mem_pestat] skip orientation RF as there are not enough pairs
[M::mem_pestat] skip orientation RR as there are not enough pairs
[M::mem_process_seqs] Processed 2 reads in 0.000 CPU sec, 0.000 real sec
[M::process] read 2 sequences (502 bp)...
[M::mem_pestat] # candidate unique pairs for (FF, FR, RF, RR): (0, 1, 0, 0)
[M::mem_pestat] skip orientation FF as there are not enough pairs
[M::mem_pestat] skip orientation FR as there are not enough pairs
[M::mem_pestat] skip orientation RF as there are not enough pairs
[M::mem_pestat] skip orientation RR as there are not enough pairs
[M::mem_process_seqs] Processed 2 reads in 0.000 CPU sec, 0.000 real sec
[M::process] read 2 sequences (502 bp)...
[M::mem_pestat] # candidate unique pairs for (FF, FR, RF, RR): (0, 1, 0, 0)
[M::mem_pestat] skip orientation FF as there are not enough pairs
[M::mem_pestat] skip orientation FR as there are not enough pairs
[M::mem_pestat] skip orientation RF as there are not enough pairs
[M::mem_pestat] skip orientation RR as there are not enough pairs
[M::mem_process_seqs] Processed 2 reads in 0.000 CPU sec, 0.000 real sec
[M::process] read 2 sequences (398 bp)...
[M::mem_pestat] # candidate unique pairs for (FF, FR, RF, RR): (0, 1, 0, 0)
[M::mem_pestat] skip orientation FF as there are not enough pairs
[M::mem_pestat] skip orientation FR as there are not enough pairs
[M::mem_pestat] skip orientation RF as there are not enough pairs
[M::mem_pestat] skip orientation RR as there are not enough pairs
[M::mem_process_seqs] Processed 2 reads in 0.000 CPU sec, 0.000 real sec
[M::process] read 2 sequences (274 bp)...
[M::mem_pestat] # candidate unique pairs for (FF, FR, RF, RR): (0, 1, 0, 0)
[M::mem_pestat] skip orientation FF as there are not enough pairs
[M::mem_pestat] skip orientation FR as there are not enough pairs
[M::mem_pestat] skip orientation RF as there are not enough pairs
[M::mem_pestat] skip orientation RR as there are not enough pairs
[M::mem_process_seqs] Processed 2 reads in 0.000 CPU sec, 0.000 real sec
[M::process] read 2 sequences (490 bp)...
[M::mem_pestat] # candidate unique pairs for (FF, FR, RF, RR): (0, 1, 0, 0)
[M::mem_pestat] skip orientation FF as there are not enough pairs
[M::mem_pestat] skip orientation FR as there are not enough pairs
[M::mem_pestat] skip orientation RF as there are not enough pairs
[M::mem_pestat] skip orientation RR as there are not enough pairs
[M::mem_process_seqs] Processed 2 reads in 0.000 CPU sec, 0.000 real sec
[M::process] read 2 sequences (496 bp)...
[M::mem_pestat] # candidate unique pairs for (FF, FR, RF, RR): (0, 1, 0, 0)
[M::mem_pestat] skip orientation FF as there are not enough pairs
[M::mem_pestat] skip orientation FR as there are not enough pairs
[M::mem_pestat] skip orientation RF as there are not enough pairs
[M::mem_pestat] skip orientation RR as there are not enough pairs
[M::mem_process_seqs] Processed 2 reads in 0.000 CPU sec, 0.000 real sec
[M::process] read 2 sequences (502 bp)...
[M::mem_pestat] # candidate unique pairs for (FF, FR, RF, RR): (0, 1, 0, 0)
[M::mem_pestat] skip orientation FF as there are not enough pairs
[M::mem_pestat] skip orientation FR as there are not enough pairs
[M::mem_pestat] skip orientation RF as there are not enough pairs
[M::mem_pestat] skip orientation RR as there are not enough pairs
[M::mem_process_seqs] Processed 2 reads in 0.000 CPU sec, 0.000 real sec
[M::process] read 2 sequences (489 bp)...
[M::mem_pestat] # candidate unique pairs for (FF, FR, RF, RR): (0, 1, 0, 0)
[M::mem_pestat] skip orientation FF as there are not enough pairs
[M::mem_pestat] skip orientation FR as there are not enough pairs
[M::mem_pestat] skip orientation RF as there are not enough pairs
[M::mem_pestat] skip orientation RR as there are not enough pairs
[M::mem_process_seqs] Processed 2 reads in 0.000 CPU sec, 0.000 real sec
[M::process] read 2 sequences (473 bp)...
[M::mem_pestat] # candidate unique pairs for (FF, FR, RF, RR): (0, 1, 0, 0)
[M::mem_pestat] skip orientation FF as there are not enough pairs
[M::mem_pestat] skip orientation FR as there are not enough pairs
[M::mem_pestat] skip orientation RF as there are not enough pairs
[M::mem_pestat] skip orientation RR as there are not enough pairs
[M::mem_process_seqs] Processed 2 reads in 0.000 CPU sec, 0.000 real sec
[M::process] read 2 sequences (490 bp)...
[M::mem_pestat] # candidate unique pairs for (FF, FR, RF, RR): (0, 1, 0, 0)
[M::mem_pestat] skip orientation FF as there are not enough pairs
[M::mem_pestat] skip orientation FR as there are not enough pairs
[M::mem_pestat] skip orientation RF as there are not enough pairs
[M::mem_pestat] skip orientation RR as there are not enough pairs
[M::mem_process_seqs] Processed 2 reads in 0.000 CPU sec, 0.000 real sec
[M::process] read 2 sequences (502 bp)...
[M::mem_pestat] # candidate unique pairs for (FF, FR, RF, RR): (0, 1, 0, 0)
[M::mem_pestat] skip orientation FF as there are not enough pairs
[M::mem_pestat] skip orientation FR as there are not enough pairs
[M::mem_pestat] skip orientation RF as there are not enough pairs
[M::mem_pestat] skip orientation RR as there are not enough pairs
[M::mem_process_seqs] Processed 2 reads in 0.000 CPU sec, 0.000 real sec
[M::process] read 2 sequences (418 bp)...
[M::mem_pestat] # candidate unique pairs for (FF, FR, RF, RR): (0, 1, 0, 0)
[M::mem_pestat] skip orientation FF as there are not enough pairs
[M::mem_pestat] skip orientation FR as there are not enough pairs
[M::mem_pestat] skip orientation RF as there are not enough pairs
[M::mem_pestat] skip orientation RR as there are not enough pairs
[M::mem_process_seqs] Processed 2 reads in 0.000 CPU sec, 0.000 real sec
[M::process] read 2 sequences (408 bp)...
[M::mem_pestat] # candidate unique pairs for (FF, FR, RF, RR): (0, 1, 0, 0)
[M::mem_pestat] skip orientation FF as there are not enough pairs
[M::mem_pestat] skip orientation FR as there are not enough pairs
[M::mem_pestat] skip orientation RF as there are not enough pairs
[M::mem_pestat] skip orientation RR as there are not enough pairs
[M::mem_process_seqs] Processed 2 reads in 0.000 CPU sec, 0.000 real sec
[M::process] read 2 sequences (266 bp)...
[M::mem_pestat] # candidate unique pairs for (FF, FR, RF, RR): (0, 1, 0, 0)
[M::mem_pestat] skip orientation FF as there are not enough pairs
[M::mem_pestat] skip orientation FR as there are not enough pairs
[M::mem_pestat] skip orientation RF as there are not enough pairs
[M::mem_pestat] skip orientation RR as there are not enough pairs
[M::mem_process_seqs] Processed 2 reads in 0.000 CPU sec, 0.000 real sec
[M::mem_pestat] # candidate unique pairs for (FF, FR, RF, RR): (0, 1, 0, 0)
[M::mem_pestat] skip orientation FF as there are not enough pairs
[M::mem_pestat] skip orientation FR as there are not enough pairs
[M::mem_pestat] skip orientation RF as there are not enough pairs
[M::process] read 2 sequences (502 bp)...
[M::mem_pestat] skip orientation RR as there are not enough pairs
[M::mem_process_seqs] Processed 2 reads in 0.000 CPU sec, 0.000 real sec
[M::process] read 2 sequences (502 bp)...
[M::mem_pestat] # candidate unique pairs for (FF, FR, RF, RR): (0, 1, 0, 0)
[M::mem_pestat] skip orientation FF as there are not enough pairs
[M::mem_pestat] skip orientation FR as there are not enough pairs
[M::mem_pestat] skip orientation RF as there are not enough pairs
[M::mem_pestat] skip orientation RR as there are not enough pairs
[M::mem_process_seqs] Processed 2 reads in 0.000 CPU sec, 0.000 real sec
[M::process] read 2 sequences (496 bp)...
[M::mem_pestat] # candidate unique pairs for (FF, FR, RF, RR): (0, 1, 0, 0)
[M::mem_pestat] skip orientation FF as there are not enough pairs
[M::mem_pestat] skip orientation FR as there are not enough pairs
[M::mem_pestat] skip orientation RF as there are not enough pairs
[M::mem_pestat] skip orientation RR as there are not enough pairs
[M::mem_process_seqs] Processed 2 reads in 0.000 CPU sec, 0.000 real sec
[M::process] read 2 sequences (332 bp)...
[M::mem_pestat] # candidate unique pairs for (FF, FR, RF, RR): (0, 1, 0, 0)
[M::mem_pestat] skip orientation FF as there are not enough pairs
[M::mem_pestat] skip orientation FR as there are not enough pairs
[M::mem_pestat] skip orientation RF as there are not enough pairs
[M::mem_pestat] skip orientation RR as there are not enough pairs
[M::mem_process_seqs] Processed 2 reads in 0.000 CPU sec, 0.000 real sec
[M::process] read 2 sequences (498 bp)...
[M::mem_pestat] # candidate unique pairs for (FF, FR, RF, RR): (0, 1, 0, 0)
[M::mem_pestat] skip orientation FF as there are not enough pairs
[M::mem_pestat] skip orientation FR as there are not enough pairs
[M::mem_pestat] skip orientation RF as there are not enough pairs
[M::mem_pestat] skip orientation RR as there are not enough pairs
[M::mem_process_seqs] Processed 2 reads in 0.000 CPU sec, 0.000 real sec
[M::process] read 2 sequences (404 bp)...
[M::mem_pestat] # candidate unique pairs for (FF, FR, RF, RR): (0, 1, 0, 0)
[M::mem_pestat] skip orientation FF as there are not enough pairs
[M::mem_pestat] skip orientation FR as there are not enough pairs
[M::mem_pestat] skip orientation RF as there are not enough pairs
[M::mem_pestat] skip orientation RR as there are not enough pairs
[M::mem_process_seqs] Processed 2 reads in 0.000 CPU sec, 0.000 real sec
[M::process] read 2 sequences (495 bp)...
[M::mem_pestat] # candidate unique pairs for (FF, FR, RF, RR): (0, 1, 0, 0)
[M::mem_pestat] skip orientation FF as there are not enough pairs
[M::mem_pestat] skip orientation FR as there are not enough pairs
[M::mem_pestat] skip orientation RF as there are not enough pairs
[M::mem_pestat] skip orientation RR as there are not enough pairs
[M::mem_process_seqs] Processed 2 reads in 0.000 CPU sec, 0.000 real sec
[M::process] read 2 sequences (502 bp)...
[M::mem_pestat] # candidate unique pairs for (FF, FR, RF, RR): (0, 1, 0, 0)
[M::mem_pestat] skip orientation FF as there are not enough pairs
[M::mem_pestat] skip orientation FR as there are not enough pairs
[M::mem_pestat] skip orientation RF as there are not enough pairs
[M::mem_pestat] skip orientation RR as there are not enough pairs
[M::mem_process_seqs] Processed 2 reads in 0.000 CPU sec, 0.000 real sec
[M::process] read 2 sequences (466 bp)...
[M::mem_pestat] # candidate unique pairs for (FF, FR, RF, RR): (0, 1, 0, 0)
[M::mem_pestat] skip orientation FF as there are not enough pairs
[M::mem_pestat] skip orientation FR as there are not enough pairs
[M::mem_pestat] skip orientation RF as there are not enough pairs
[M::mem_pestat] skip orientation RR as there are not enough pairs
[M::mem_process_seqs] Processed 2 reads in 0.000 CPU sec, 0.000 real sec
[M::process] read 2 sequences (492 bp)...
[M::mem_pestat] # candidate unique pairs for (FF, FR, RF, RR): (0, 1, 0, 0)
[M::mem_pestat] skip orientation FF as there are not enough pairs
[M::mem_pestat] skip orientation FR as there are not enough pairs
[M::mem_pestat] skip orientation RF as there are not enough pairs
[M::mem_pestat] skip orientation RR as there are not enough pairs
[M::mem_process_seqs] Processed 2 reads in 0.000 CPU sec, 0.000 real sec
[M::process] read 2 sequences (332 bp)...
[M::mem_pestat] # candidate unique pairs for (FF, FR, RF, RR): (0, 1, 0, 0)
[M::mem_pestat] skip orientation FF as there are not enough pairs
[M::mem_pestat] skip orientation FR as there are not enough pairs
[M::mem_pestat] skip orientation RF as there are not enough pairs
[M::mem_pestat] skip orientation RR as there are not enough pairs
[M::mem_process_seqs] Processed 2 reads in 0.000 CPU sec, 0.000 real sec
[M::process] read 2 sequences (430 bp)...
[M::mem_pestat] # candidate unique pairs for (FF, FR, RF, RR): (0, 1, 0, 0)
[M::mem_pestat] skip orientation FF as there are not enough pairs
[M::mem_pestat] skip orientation FR as there are not enough pairs
[M::mem_pestat] skip orientation RF as there are not enough pairs
[M::mem_pestat] skip orientation RR as there are not enough pairs
[M::mem_process_seqs] Processed 2 reads in 0.000 CPU sec, 0.000 real sec
[M::process] read 2 sequences (448 bp)...
[M::mem_pestat] # candidate unique pairs for (FF, FR, RF, RR): (0, 1, 0, 0)
[M::mem_pestat] skip orientation FF as there are not enough pairs
[M::mem_pestat] skip orientation FR as there are not enough pairs
[M::mem_pestat] skip orientation RF as there are not enough pairs
[M::mem_pestat] skip orientation RR as there are not enough pairs
[M::mem_process_seqs] Processed 2 reads in 0.000 CPU sec, 0.000 real sec
[M::process] read 2 sequences (290 bp)...
[M::mem_pestat] # candidate unique pairs for (FF, FR, RF, RR): (0, 1, 0, 0)
[M::mem_pestat] skip orientation FF as there are not enough pairs
[M::mem_pestat] skip orientation FR as there are not enough pairs
[M::mem_pestat] skip orientation RF as there are not enough pairs
[M::mem_pestat] skip orientation RR as there are not enough pairs
[M::mem_process_seqs] Processed 2 reads in 0.000 CPU sec, 0.000 real sec
[M::process] read 2 sequences (284 bp)...
[M::mem_pestat] # candidate unique pairs for (FF, FR, RF, RR): (0, 1, 0, 0)
[M::mem_pestat] skip orientation FF as there are not enough pairs
[M::mem_pestat] skip orientation FR as there are not enough pairs
[M::mem_pestat] skip orientation RF as there are not enough pairs
[M::mem_pestat] skip orientation RR as there are not enough pairs
[M::mem_process_seqs] Processed 2 reads in 0.000 CPU sec, 0.000 real sec
[M::process] read 2 sequences (368 bp)...
[M::mem_pestat] # candidate unique pairs for (FF, FR, RF, RR): (0, 1, 0, 0)
[M::mem_pestat] skip orientation FF as there are not enough pairs
[M::mem_pestat] skip orientation FR as there are not enough pairs
[M::mem_pestat] skip orientation RF as there are not enough pairs
[M::mem_pestat] skip orientation RR as there are not enough pairs
[M::mem_process_seqs] Processed 2 reads in 0.000 CPU sec, 0.000 real sec
[M::process] read 2 sequences (442 bp)...
[M::mem_pestat] # candidate unique pairs for (FF, FR, RF, RR): (0, 1, 0, 0)
[M::mem_pestat] skip orientation FF as there are not enough pairs
[M::mem_pestat] skip orientation FR as there are not enough pairs
[M::mem_pestat] skip orientation RF as there are not enough pairs
[M::mem_pestat] skip orientation RR as there are not enough pairs
[M::mem_process_seqs] Processed 2 reads in 0.000 CPU sec, 0.000 real sec
[M::process] read 2 sequences (478 bp)...
[M::mem_pestat] # candidate unique pairs for (FF, FR, RF, RR): (0, 1, 0, 0)
[M::mem_pestat] skip orientation FF as there are not enough pairs
[M::mem_pestat] skip orientation FR as there are not enough pairs
[M::mem_pestat] skip orientation RF as there are not enough pairs
[M::mem_pestat] skip orientation RR as there are not enough pairs
[M::mem_process_seqs] Processed 2 reads in 0.000 CPU sec, 0.000 real sec
[M::process] read 2 sequences (258 bp)...
[M::mem_pestat] # candidate unique pairs for (FF, FR, RF, RR): (0, 1, 0, 0)
[M::mem_pestat] skip orientation FF as there are not enough pairs
[M::mem_pestat] skip orientation FR as there are not enough pairs
[M::mem_pestat] skip orientation RF as there are not enough pairs
[M::mem_pestat] skip orientation RR as there are not enough pairs
[M::mem_process_seqs] Processed 2 reads in 0.000 CPU sec, 0.000 real sec
[M::process] read 2 sequences (489 bp)...
[M::mem_pestat] # candidate unique pairs for (FF, FR, RF, RR): (0, 1, 0, 0)
[M::mem_pestat] skip orientation FF as there are not enough pairs
[M::mem_pestat] skip orientation FR as there are not enough pairs
[M::mem_pestat] skip orientation RF as there are not enough pairs
[M::mem_pestat] skip orientation RR as there are not enough pairs
[M::mem_process_seqs] Processed 2 reads in 0.000 CPU sec, 0.000 real sec
[M::process] read 2 sequences (416 bp)...
[M::mem_pestat] # candidate unique pairs for (FF, FR, RF, RR): (0, 1, 0, 0)
[M::mem_pestat] skip orientation FF as there are not enough pairs
[M::mem_pestat] skip orientation FR as there are not enough pairs
[M::mem_pestat] skip orientation RF as there are not enough pairs
[M::mem_pestat] skip orientation RR as there are not enough pairs
[M::mem_process_seqs] Processed 2 reads in 0.000 CPU sec, 0.000 real sec
[M::process] read 2 sequences (260 bp)...
[M::mem_pestat] # candidate unique pairs for (FF, FR, RF, RR): (0, 1, 0, 0)
[M::mem_pestat] skip orientation FF as there are not enough pairs
[M::mem_pestat] skip orientation FR as there are not enough pairs
[M::mem_pestat] skip orientation RF as there are not enough pairs
[M::mem_pestat] skip orientation RR as there are not enough pairs
[M::mem_process_seqs] Processed 2 reads in 0.000 CPU sec, 0.000 real sec
[M::process] read 2 sequences (244 bp)...
[M::mem_pestat] # candidate unique pairs for (FF, FR, RF, RR): (0, 1, 0, 0)
[M::mem_pestat] skip orientation FF as there are not enough pairs
[M::mem_pestat] skip orientation FR as there are not enough pairs
[M::mem_pestat] skip orientation RF as there are not enough pairs
[M::mem_pestat] skip orientation RR as there are not enough pairs
[M::mem_process_seqs] Processed 2 reads in 0.000 CPU sec, 0.000 real sec
[M::process] read 2 sequences (490 bp)...
[M::mem_pestat] # candidate unique pairs for (FF, FR, RF, RR): (0, 1, 0, 0)
[M::mem_pestat] skip orientation FF as there are not enough pairs
[M::mem_pestat] skip orientation FR as there are not enough pairs
[M::mem_pestat] skip orientation RF as there are not enough pairs
[M::mem_pestat] skip orientation RR as there are not enough pairs
[M::mem_process_seqs] Processed 2 reads in 0.000 CPU sec, 0.000 real sec
[M::process] read 2 sequences (364 bp)...
[M::mem_pestat] # candidate unique pairs for (FF, FR, RF, RR): (0, 1, 0, 0)
[M::mem_pestat] skip orientation FF as there are not enough pairs
[M::mem_pestat] skip orientation FR as there are not enough pairs
[M::mem_pestat] skip orientation RF as there are not enough pairs
[M::mem_pestat] skip orientation RR as there are not enough pairs
[M::mem_process_seqs] Processed 2 reads in 0.000 CPU sec, 0.000 real sec
[M::process] read 2 sequences (448 bp)...
[M::mem_pestat] # candidate unique pairs for (FF, FR, RF, RR): (0, 1, 0, 0)
[M::mem_pestat] skip orientation FF as there are not enough pairs
[M::mem_pestat] skip orientation FR as there are not enough pairs
[M::mem_pestat] skip orientation RF as there are not enough pairs
[M::mem_pestat] skip orientation RR as there are not enough pairs
[M::mem_process_seqs] Processed 2 reads in 0.000 CPU sec, 0.000 real sec
[M::process] read 2 sequences (414 bp)...
[M::mem_pestat] # candidate unique pairs for (FF, FR, RF, RR): (0, 1, 0, 0)
[M::mem_pestat] skip orientation FF as there are not enough pairs
[M::mem_pestat] skip orientation FR as there are not enough pairs
[M::mem_pestat] skip orientation RF as there are not enough pairs
[M::mem_pestat] skip orientation RR as there are not enough pairs
[M::mem_process_seqs] Processed 2 reads in 0.000 CPU sec, 0.000 real sec
[M::process] read 2 sequences (458 bp)...
[M::mem_pestat] # candidate unique pairs for (FF, FR, RF, RR): (0, 1, 0, 0)
[M::mem_pestat] skip orientation FF as there are not enough pairs
[M::mem_pestat] skip orientation FR as there are not enough pairs
[M::mem_pestat] skip orientation RF as there are not enough pairs
[M::mem_pestat] skip orientation RR as there are not enough pairs
[M::mem_process_seqs] Processed 2 reads in 0.000 CPU sec, 0.000 real sec
[M::process] read 2 sequences (228 bp)...
[M::mem_pestat] # candidate unique pairs for (FF, FR, RF, RR): (0, 1, 0, 0)
[M::mem_pestat] skip orientation FF as there are not enough pairs
[M::mem_pestat] skip orientation FR as there are not enough pairs
[M::mem_pestat] skip orientation RF as there are not enough pairs
[M::mem_pestat] skip orientation RR as there are not enough pairs
[M::mem_process_seqs] Processed 2 reads in 0.000 CPU sec, 0.000 real sec
[M::process] read 2 sequences (434 bp)...
[M::mem_pestat] # candidate unique pairs for (FF, FR, RF, RR): (0, 1, 0, 0)
[M::mem_pestat] skip orientation FF as there are not enough pairs
[M::mem_pestat] skip orientation FR as there are not enough pairs
[M::mem_pestat] skip orientation RF as there are not enough pairs
[M::mem_pestat] skip orientation RR as there are not enough pairs
[M::mem_process_seqs] Processed 2 reads in 0.000 CPU sec, 0.000 real sec
[M::process] read 2 sequences (216 bp)...
[M::mem_pestat] # candidate unique pairs for (FF, FR, RF, RR): (0, 1, 0, 0)
[M::mem_pestat] skip orientation FF as there are not enough pairs
[M::mem_pestat] skip orientation FR as there are not enough pairs
[M::mem_pestat] skip orientation RF as there are not enough pairs
[M::mem_pestat] skip orientation RR as there are not enough pairs
[M::mem_process_seqs] Processed 2 reads in 0.000 CPU sec, 0.000 real sec
[M::process] read 2 sequences (493 bp)...
[M::mem_pestat] # candidate unique pairs for (FF, FR, RF, RR): (0, 1, 0, 0)
[M::mem_pestat] skip orientation FF as there are not enough pairs
[M::mem_pestat] skip orientation FR as there are not enough pairs
[M::mem_pestat] skip orientation RF as there are not enough pairs
[M::mem_pestat] skip orientation RR as there are not enough pairs
[M::mem_process_seqs] Processed 2 reads in 0.000 CPU sec, 0.000 real sec
[M::process] read 2 sequences (390 bp)...
[M::mem_pestat] # candidate unique pairs for (FF, FR, RF, RR): (0, 1, 0, 0)
[M::mem_pestat] skip orientation FF as there are not enough pairs
[M::mem_pestat] skip orientation FR as there are not enough pairs
[M::mem_pestat] skip orientation RF as there are not enough pairs
[M::mem_pestat] skip orientation RR as there are not enough pairs
[M::mem_process_seqs] Processed 2 reads in 0.000 CPU sec, 0.000 real sec
[M::process] read 2 sequences (482 bp)...
[M::mem_pestat] # candidate unique pairs for (FF, FR, RF, RR): (0, 1, 0, 0)
[M::mem_pestat] skip orientation FF as there are not enough pairs
[M::mem_pestat] skip orientation FR as there are not enough pairs
[M::mem_pestat] skip orientation RF as there are not enough pairs
[M::mem_pestat] skip orientation RR as there are not enough pairs
[M::mem_process_seqs] Processed 2 reads in 0.000 CPU sec, 0.000 real sec
[M::process] read 2 sequences (502 bp)...
[M::mem_pestat] # candidate unique pairs for (FF, FR, RF, RR): (0, 1, 0, 0)
[M::mem_pestat] skip orientation FF as there are not enough pairs
[M::mem_pestat] skip orientation FR as there are not enough pairs
[M::mem_pestat] skip orientation RF as there are not enough pairs
[M::mem_pestat] skip orientation RR as there are not enough pairs
[M::mem_process_seqs] Processed 2 reads in 0.000 CPU sec, 0.000 real sec
[M::process] read 2 sequences (424 bp)...
[M::mem_pestat] # candidate unique pairs for (FF, FR, RF, RR): (0, 1, 0, 0)
[M::mem_pestat] skip orientation FF as there are not enough pairs
[M::mem_pestat] skip orientation FR as there are not enough pairs
[M::mem_pestat] skip orientation RF as there are not enough pairs
[M::mem_pestat] skip orientation RR as there are not enough pairs
[M::mem_process_seqs] Processed 2 reads in 0.000 CPU sec, 0.000 real sec
[M::process] read 2 sequences (501 bp)...
[M::mem_pestat] # candidate unique pairs for (FF, FR, RF, RR): (0, 1, 0, 0)
[M::mem_pestat] skip orientation FF as there are not enough pairs
[M::mem_pestat] skip orientation FR as there are not enough pairs
[M::mem_pestat] skip orientation RF as there are not enough pairs
[M::mem_pestat] skip orientation RR as there are not enough pairs
[M::mem_process_seqs] Processed 2 reads in 0.000 CPU sec, 0.000 real sec
[M::process] read 2 sequences (501 bp)...
[M::mem_pestat] # candidate unique pairs for (FF, FR, RF, RR): (0, 1, 0, 0)
[M::mem_pestat] skip orientation FF as there are not enough pairs
[M::mem_pestat] skip orientation FR as there are not enough pairs
[M::mem_pestat] skip orientation RF as there are not enough pairs
[M::mem_pestat] skip orientation RR as there are not enough pairs
[M::mem_process_seqs] Processed 2 reads in 0.000 CPU sec, 0.000 real sec
[M::process] read 2 sequences (470 bp)...
[M::mem_pestat] # candidate unique pairs for (FF, FR, RF, RR): (0, 1, 0, 0)
[M::mem_pestat] skip orientation FF as there are not enough pairs
[M::mem_pestat] skip orientation FR as there are not enough pairs
[M::mem_pestat] skip orientation RF as there are not enough pairs
[M::mem_pestat] skip orientation RR as there are not enough pairs
[M::mem_process_seqs] Processed 2 reads in 0.000 CPU sec, 0.000 real sec
[M::mem_pestat] # candidate unique pairs for (FF, FR, RF, RR): (0, 1, 0, 0)
[M::mem_pestat] skip orientation FF as there are not enough pairs
[M::mem_pestat] skip orientation FR as there are not enough pairs
[M::mem_pestat] skip orientation RF as there are not enough pairs
[M::mem_pestat] skip orientation RR as there are not enough pairs
[M::mem_process_seqs] Processed 2 reads in 0.000 CPU sec, 0.000 real sec
[main] Version: 0.7.18-r1243-dirty
[main] CMD: bwa mem -t 4 -K 100M -c 1000 -M -t 4 -R @RG\tID:M117-bl\tSM:M117-bl\tLB:M117-bl\tPL:ILLUMINA data/ref/chrM.fa data/raw/M117-bl_1.fq.gz data/raw/M117-bl_2.fq.gz
[main] Real time: 0.359 sec; CPU: 0.235 sec
[bam_sort_core] merging from 0 files and 4 in-memory blocks...
INFO [2026-06-09 23:06:33,148]: Using 4 threads with following basic args: lofreq call -f data/ref/chrM.fa results/M117-bl.bam

INFO [2026-06-09 23:06:33,163]: Adding 9 commands to mp-pool
Checking the headers and starting positions of 9 files
CRITICAL [2026-06-09 23:06:34,466]: The following command failed with return code -11: bcftools concat -a -O z -o /tmp/claude-1000/lofreq2_call_parallel7xemgiz1/concat.vcf.gz /tmp/claude-1000/lofreq2_call_parallel7xemgiz1/0.vcf.gz /tmp/claude-1000/lofreq2_call_parallel7xemgiz1/1.vcf.gz /tmp/claude-1000/lofreq2_call_parallel7xemgiz1/2.vcf.gz /tmp/claude-1000/lofreq2_call_parallel7xemgiz1/3.vcf.gz /tmp/claude-1000/lofreq2_call_parallel7xemgiz1/4.vcf.gz /tmp/claude-1000/lofreq2_call_parallel7xemgiz1/5.vcf.gz /tmp/claude-1000/lofreq2_call_parallel7xemgiz1/6.vcf.gz /tmp/claude-1000/lofreq2_call_parallel7xemgiz1/7.vcf.gz /tmp/claude-1000/lofreq2_call_parallel7xemgiz1/8.vcf.gz
